content_id,name,address,image,category,lcls1_name,lcls2_name,lcls3_name,area_code,sigungu_name,lat,lng,tel
2859186,가배당,전남광주통합특별시 서구 눌재로 434   1층,http://tong.visitkorea.or.kr/cms/resource/68/2859168_image2_1.jpg,음식점,음식,카페/ 찻집,카페,5,서구,35.1164268401,126.8303772206,
2664961,개마고원,전남광주통합특별시 서구 상무대로 1094,http://tong.visitkorea.or.kr/cms/resource/04/2667904_image2_1.jpg,음식점,음식,한식,관광식당,5,서구,35.1525486232,126.8814718006,
2874038,갤러리24,전남광주통합특별시 서구 천변좌로 14,http://tong.visitkorea.or.kr/cms/resource/27/2874027_image2_1.jpg,음식점,음식,카페/ 찻집,카페,5,서구,35.1665193235,126.8847961569,
2783851,경암근린공원,전남광주통합특별시 광산구 하남대로54번안길 133 (하남동),http://tong.visitkorea.or.kr/cms/resource/84/3528384_image2_1.jpg,관광지,문화관광,도시공원,근린공원,5,광산구,35.1783221177,126.8000977994,
2664541,계림동잔치집,전남광주통합특별시 동구 무등로306번길 6-1 (계림동),http://tong.visitkorea.or.kr/cms/resource/22/3560822_image2_1.jpg,음식점,음식,한식,관광식당,5,동구,35.1618648223,126.916087951,
1621168,고싸움놀이전수교육관,전남광주통합특별시 남구 고싸움로 2,http://tong.visitkorea.or.kr/cms/resource/87/3367587_image2_1.jpg,문화시설,문화관광,교육시설,문화전수시설,5,남구,35.0697294541,126.837538861,
3044523,골드브라운호텔,전남광주통합특별시 동구 백서로125번길 32-5 (금동),http://tong.visitkorea.or.kr/cms/resource/82/3054482_image2_1.jpg,숙박,숙박,모텔,모텔,5,동구,35.1447806716,126.9179409931,
127069,관덕정의 각궁,전남광주통합특별시 남구 사직길 49,http://tong.visitkorea.or.kr/cms/resource/46/3350246_image2_1.jpg,관광지,역사관광,역사유물,기타역사유물,5,남구,35.1419253355,126.9118638245,
130032,광산문화원,전남광주통합특별시 광산구 상무대로 265,http://tong.visitkorea.or.kr/cms/resource/02/3366502_image2_1.jpg,문화시설,문화관광,교육시설,한국문화원,5,광산구,35.1424455318,126.7951296891,
128158,광주 경찰충혼탑,전남광주통합특별시 남구 사직길 49,http://tong.visitkorea.or.kr/cms/resource/37/3366737_image2_1.jpg,관광지,역사관광,역사유물,탑ㆍ비석ㆍ기념탑,5,남구,35.142541996,126.9155968119,
130391,광주 동구문화원,전남광주통합특별시 동구 예술길 18-1,http://tong.visitkorea.or.kr/cms/resource/81/3367381_image2_1.jpg,문화시설,문화관광,교육시설,한국문화원,5,동구,35.150118962,126.9181741721,
130208,광주 북구문화원,전남광주통합특별시 북구 향토문화로 65 (중흥동),http://tong.visitkorea.or.kr/cms/resource/01/3421301_image2_1.jpg,문화시설,문화관광,교육시설,한국문화원,5,북구,35.1728940911,126.9136656663,
130808,광주 송정다가치문화도서관,전남광주통합특별시 광산구 송정공원로 8-13,http://tong.visitkorea.or.kr/cms/resource/27/1587327_image2_1.jpg,문화시설,문화관광,교육시설,도서관,5,광산구,35.1449147758,126.7998069918,
2605353,광주 송정동 떡갈비 골목,전남광주통합특별시 광산구 광산로29번길,http://tong.visitkorea.or.kr/cms/resource/89/3367489_image2_1.jpg,관광지,문화관광,도시.지역문화관광,"골목길, 문화거리",5,광산구,35.1397152706,126.7943076079,
2822573,광주 수완호수공원,전남광주통합특별시 광산구 장신로82번길 57 공원관리사무소,http://tong.visitkorea.or.kr/cms/resource/65/2822565_image2_1.jpg,관광지,문화관광,도시공원,주제공원,5,광산구,35.1879824765,126.8202596628,
2733545,광주 전통문화관,전남광주통합특별시 동구 의재로 222,http://tong.visitkorea.or.kr/cms/resource/46/2733546_image2_1.jpg,문화시설,문화관광,전시시설,전시관,5,동구,35.1336797291,126.9523771168,
127325,광주 충효동 왕버들 군,전남광주통합특별시 북구 충효샘길 7 (충효동),http://tong.visitkorea.or.kr/cms/resource/50/3350350_image2_1.jpg,관광지,자연관광,자연생태,희귀동.식물,5,북구,35.1848719954,127.0009520932,
2489843,광주 평촌마을,전남광주통합특별시 북구 평촌길 15,http://tong.visitkorea.or.kr/cms/resource/88/3367188_image2_1.jpg,관광지,체험관광,농.산.어촌 체험,체험마을,5,북구,35.1756287576,127.0105542557,
2033064,광주-기아 챔피언스 필드,전남광주통합특별시 북구 서림로 10 (임동),,레포츠,문화관광,레저스포츠시설,스포츠경기장,5,북구,35.1682414234,126.8890596255,
130033,광주광역시 서구문화원,전남광주통합특별시 서구 풍금로 182,http://tong.visitkorea.or.kr/cms/resource/51/3367251_image2_1.jpg,문화시설,문화관광,교육시설,한국문화원,5,서구,35.1318478187,126.8599131134,
131450,광주북구청소년수련관,전남광주통합특별시 북구 대천로 86 (문흥동),http://tong.visitkorea.or.kr/cms/resource/16/1892816_image2_1.jpg,레포츠,문화관광,레저스포츠시설,"스포츠센터, 수련시설",5,북구,35.1848927862,126.9166678776,
2779116,광주비엔날레전시관,전남광주통합특별시 북구 비엔날레로 111 (용봉동),http://tong.visitkorea.or.kr/cms/resource/79/3351379_image2_1.jpg,문화시설,문화관광,전시시설,전시관,5,북구,35.1826203741,126.890259159,
129761,광주시립미술관,전남광주통합특별시 북구 하서로 52,http://tong.visitkorea.or.kr/cms/resource/11/3368411_image2_1.jpg,문화시설,문화관광,전시시설,미술관/화랑,5,북구,35.1832174547,126.8858428681,
2739385,광주시패밀리랜드 카라반캠핑장,전남광주통합특별시 북구 우치로 677 (생용동),http://tong.visitkorea.or.kr/cms/resource/42/2739842_image2_1.JPG,레포츠,숙박,캠핑,카라반,5,북구,35.2237436949,126.9014654688,
969963,광주야외음악당,전남광주통합특별시 서구 내방로 111 (치평동),http://tong.visitkorea.or.kr/cms/resource/64/3367264_image2_1.jpg,문화시설,문화관광,공연시설,공연장,5,서구,35.160019493,126.8513576102,
3460731,광주여성영화제,전남광주통합특별시 동구 중앙로160번길 16-7 (불로동),http://tong.visitkorea.or.kr/cms/resource/26/3460726_image2_1.jpg,축제공연행사,축제/공연/행사,행사,기타행사,5,동구,35.1468609363,126.9146634529,062-515-6560
3380159,광주자동차극장,전남광주통합특별시 북구 우치로 649 (생용동),,문화시설,문화관광,공연시설,영화관,5,북구,35.2206801686,126.9024237945,
2605351,광주폴리,전남광주통합특별시 북구 비엔날레로 111,http://tong.visitkorea.or.kr/cms/resource/94/3367394_image2_1.jpg,관광지,체험관광,기타체험,기타체험관광,5,북구,35.1826203741,126.890259159,
2011491,"광주하계유니버시아드 주경기장을 중심으로 가족, 연인과 함께하는 여행",,http://tong.visitkorea.or.kr/cms/resource/04/1587804_image2_1.jpg,여행코스,추천코스,힐링코스,힐링코스,5,서구,35.1335701018,126.8750478428,
126329,광주호,전남광주통합특별시 북구 충효샘길 7 (충효동),http://tong.visitkorea.or.kr/cms/resource/04/3368304_image2_1.jpg,관광지,자연관광,자연경관(하천‧해양),호수,5,북구,35.1840804198,127.0010882121,
2855133,광후장어,전남광주통합특별시 광산구 임방울대로 503,http://tong.visitkorea.or.kr/cms/resource/22/2855122_image2_1.jpg,음식점,음식,한식,관광식당,5,광산구,35.20501664,126.818934354,
126425,국립 5·18 민주묘지,전남광주통합특별시 북구 민주로 200 (운정동),http://tong.visitkorea.or.kr/cms/resource/81/1587681_image2_1.jpg,관광지,역사관광,역사유적지,"고분, 능",5,북구,35.2325767086,126.9415422558,
2009775,국립아시아문화전당,전남광주통합특별시 동구 문화전당로 38 (광산동),http://tong.visitkorea.or.kr/cms/resource/59/3083359_image2_1.jpg,문화시설,문화관광,전시시설,전시관,5,동구,35.1460861028,126.9192936186,
3469421,그라운드4,전남광주통합특별시 동구 서석로 85 (대의동),,숙박,숙박,호스텔,게스트하우스,5,동구,35.1495746221,126.9207656231,
2361008,근대와 현대를 넘나드는 100년의 시간여행,,http://tong.visitkorea.or.kr/cms/resource/04/1995304_image2_1.jpg,여행코스,추천코스,가족코스,가족코스,5,기타,35.181720397,126.8855651524,
2358008,근현대를 넘나드는 100년 여행,,http://tong.visitkorea.or.kr/cms/resource/95/1587495_image2_1.jpg,여행코스,추천코스,도보코스,도보코스,5,기타,35.1382980355,126.9158941142,
2484460,금강한우전문식육식당,전남광주통합특별시 서구 천변우하로 373,http://tong.visitkorea.or.kr/cms/resource/33/2484433_image2_1.jpg,음식점,음식,한식,관광식당,5,서구,35.1689075428,126.8611343006,
1621334,금남로,전남광주통합특별시 동구 금남로 일대 (금남로5가),http://tong.visitkorea.or.kr/cms/resource/73/3459973_image2_1.jpg,관광지,문화관광,도시.지역문화관광,"골목길, 문화거리",5,동구,35.1538517467,126.9106747413,
135533,금다연한정식,전남광주통합특별시 서구 상무연하로 72,,음식점,음식,한식,관광식당,5,서구,35.1546367535,126.8505022648,
2664557,금당,"전남광주통합특별시 서구 송풍로17번길 15 (풍암동, 수정빌라)",http://tong.visitkorea.or.kr/cms/resource/61/2664561_image2_1.jpg,음식점,음식,외국식,중식,5,서구,35.1195881994,126.8662906332,
1941044,금수저은수저,전남광주통합특별시 광산구 신창로166번길 24,,음식점,음식,한식,관광식당,5,광산구,35.1982483544,126.8423102316,
130807,금호평생교육관,전남광주통합특별시 남구 중앙로 15,http://tong.visitkorea.or.kr/cms/resource/93/3366693_image2_1.jpg,문화시설,문화관광,교육시설,도서관,5,남구,35.1450970088,126.9005647433,
2664564,김강심 칼국수,전남광주통합특별시 서구 회재로 841 (매월동),http://tong.visitkorea.or.kr/cms/resource/66/2664566_image2_1.JPG,음식점,음식,한식,관광식당,5,서구,35.1193853023,126.8578441627,
3469412,김냇과,전남광주통합특별시 동구 구성로204번길 13 (대인동),,숙박,숙박,호스텔,게스트하우스,5,동구,35.1528213947,126.9158187571,
2664580,꿀단지,전남광주통합특별시 남구 회재로1186번길 11-1 (주월동),http://tong.visitkorea.or.kr/cms/resource/85/2664585_image2_1.jpeg,음식점,음식,한식,관광식당,5,남구,35.1309540109,126.8916353311,
2863187,나룻배,전남광주통합특별시 서구 시청서편로8번길 3,http://tong.visitkorea.or.kr/cms/resource/73/2863173_image2_1.jpg,음식점,음식,한식,관광식당,5,서구,35.1597583206,126.8459497619,
2891314,남가정,전남광주통합특별시 동구 지호로 137-7,http://tong.visitkorea.or.kr/cms/resource/02/2891302_image2_1.jpg,음식점,음식,한식,관광식당,5,동구,35.1497277748,126.9439080186,
2855152,남쪽마을돌짜장,전남광주통합특별시 광산구 임곡로 523-7 (진곡동),http://tong.visitkorea.or.kr/cms/resource/37/2855137_image2_1.jpg,음식점,음식,외국식,중식,5,광산구,35.2145428585,126.7902894297,
1948682,남해가든,전남광주통합특별시 남구 봉선로133번길 23,,음식점,음식,한식,관광식당,5,남구,35.125132749,126.9096088878,
127356,너릿재공원,전남광주통합특별시 동구 남문로 48-8 (선교동),http://tong.visitkorea.or.kr/cms/resource/10/3366810_image2_1.jpg,관광지,문화관광,도시공원,시민공원,5,동구,35.0803774303,126.9535616807,
2470068,녹색에너지체험관 (광주전남지역본부),전남광주통합특별시 북구 첨단과기로 123,http://tong.visitkorea.or.kr/cms/resource/88/3040988_image2_1.jpg,관광지,체험관광,산업관광,기타산업관광지,5,북구,35.2274311559,126.8416345612,
1978379,녹색의 에너지 체험과 광주의 유적지 탐방,,,여행코스,추천코스,가족코스,가족코스,5,북구,35.2264646491,126.8446232093,
2873397,농성화로본점,전남광주통합특별시 서구 군분로 228 (농성동),http://tong.visitkorea.or.kr/cms/resource/84/2873384_image2_1.jpg,음식점,음식,한식,관광식당,5,서구,35.1512015711,126.882571737,
2863165,다도해물나라,전남광주통합특별시 서구 마륵복개로 57,http://tong.visitkorea.or.kr/cms/resource/61/2863161_image2_1.jpg,음식점,음식,한식,관광식당,5,서구,35.144635028,126.8459195867,
2664967,당산나무집,전남광주통합특별시 남구 봉선중길 4,http://tong.visitkorea.or.kr/cms/resource/69/2664969_image2_1.jpg,음식점,음식,한식,관광식당,5,남구,35.1298739108,126.911439163,
1948657,대양꼬리곰탕,전남광주통합특별시 광산구 손재로 407,,음식점,음식,한식,관광식당,5,광산구,35.2019415783,126.7946088065,
2614773,덕산너덜 (무등산권 국가지질공원),전남광주통합특별시 북구 무등로 1550 (금곡동),http://tong.visitkorea.or.kr/cms/resource/17/2917917_image2_1.jpg,관광지,자연관광,자연생태,기타자연생태,5,북구,35.1441458348,126.9890013959,
1620893,도림사(광주),전남광주통합특별시 광산구 도림하길 33 (도덕동),http://tong.visitkorea.or.kr/cms/resource/40/3366540_image2_1.jpg,관광지,역사관광,종교성지,불교,5,광산구,35.1666995405,126.7007374404,
2565865,동리단길 카페거리,전남광주통합특별시 동구 동명동,http://tong.visitkorea.or.kr/cms/resource/70/3337270_image2_1.jpg,관광지,문화관광,도시.지역문화관광,"골목길, 문화거리",5,동구,35.1492525371,126.9267289927,
1620808,두남제,전남광주통합특별시 광산구 광산동 277,http://tong.visitkorea.or.kr/cms/resource/71/3366471_image2_1.jpg,관광지,역사관광,역사유적지,사당,5,광산구,35.2437804781,126.7462953738,
2664993,두암골설렁탕,전남광주통합특별시 북구 서방로107번길 88,http://tong.visitkorea.or.kr/cms/resource/97/2664997_image2_1.jpg,음식점,음식,한식,관광식당,5,북구,35.1738497635,126.9269450241,
2858992,등촌,전남광주통합특별시 서구 마륵로 23,http://tong.visitkorea.or.kr/cms/resource/83/2858983_image2_1.jpg,음식점,음식,한식,관광식당,5,서구,35.1433766515,126.8349317011,
3353800,뜻모아센터,전남광주통합특별시 북구 서하로245번길 42 (오치동) 3층 302호,http://tong.visitkorea.or.kr/cms/resource/53/3353753_image2_1.jpg,관광지,체험관광,기타체험,기타체험관광,5,북구,35.1892060356,126.9076407902,
2664654,루치아,전남광주통합특별시 남구 월산로116번길 22-1,http://tong.visitkorea.or.kr/cms/resource/59/2664659_image2_1.jpg,음식점,음식,외국식,서양식,5,남구,35.1485854885,126.8996369603,
2863149,르시엘블루,전남광주통합특별시 서구 상무대로 718,http://tong.visitkorea.or.kr/cms/resource/34/2863134_image2_1.jpg,음식점,음식,외국식,서양식,5,서구,35.1434240005,126.8427698954,
2665153,마리오셰프,전남광주통합특별시 남구 제중로 42 (양림동),http://tong.visitkorea.or.kr/cms/resource/56/2665156_image2_1.jpg,음식점,음식,외국식,서양식,5,남구,35.138311894,126.9141887092,
2873635,막동이회관,전남광주통합특별시 동구 남문로 614,http://tong.visitkorea.or.kr/cms/resource/28/2873628_image2_1.jpg,음식점,음식,한식,관광식당,5,동구,35.1257663872,126.9319013467,
2664666,만찬코다리 봉선점,"전남광주통합특별시 남구 봉선중길 2, 1층 (봉선동)",http://tong.visitkorea.or.kr/cms/resource/68/2664668_image2_1.jpg,음식점,음식,한식,관광식당,5,남구,35.1297850288,126.911250293,
2837862,매월농원,전남광주통합특별시 서구 전평길 66,http://tong.visitkorea.or.kr/cms/resource/27/2837827_image2_1.jpg,음식점,음식,한식,관광식당,5,서구,35.1195545349,126.8463923933,
2837876,맥문동,전남광주통합특별시 서구 마륵로 24,http://tong.visitkorea.or.kr/cms/resource/68/2837868_image2_1.jpg,음식점,음식,카페/ 찻집,카페,5,서구,35.1426739587,126.8352455795,
2664683,메타포,전남광주통합특별시 남구 백서로 69 (양림동),http://tong.visitkorea.or.kr/cms/resource/85/2664685_image2_1.png,음식점,음식,외국식,서양식,5,남구,35.1388090808,126.9154108107,
2755042,무등산 리프트모노레일,전남광주통합특별시 동구 지호로164번길 14-10,,관광지,체험관광,기타체험,기타체험관광,5,동구,35.1487918186,126.9468577811,
2614783,무등산 정상3봉 (무등산 국가지질공원),전남광주통합특별시 북구 무등로 1550 (금곡동),http://tong.visitkorea.or.kr/cms/resource/78/2614778_image2_1.bmp,관광지,자연관광,자연경관(산),"산, 고개, 오름, 봉우리",5,북구,35.1442791515,126.9888819591,
1074432,무등산 주상절리대,전남광주통합특별시 동구 용연동 산 354-1,http://tong.visitkorea.or.kr/cms/resource/23/3029123_image2_1.jpg,관광지,자연관광,자연생태,기암괴석,5,동구,35.1202403693,126.9990150009,
1621202,무안요(광주),전남광주통합특별시 동구 중앙로196번길 15-6 (궁동),http://tong.visitkorea.or.kr/cms/resource/65/1587565_image2_1.jpg,쇼핑,쇼핑,전문매장/상가,공방/공예품점,5,동구,35.1498495384,126.9176242274,
129201,무양서원,전남광주통합특별시 광산구 산월로21번길 26,http://tong.visitkorea.or.kr/cms/resource/21/3033521_image2_1.jpg,관광지,역사관광,역사유적지,사당,5,광산구,35.2099969896,126.8401045774,
2837793,문라이즈531,전남광주통합특별시 북구 삼소로 352,http://tong.visitkorea.or.kr/cms/resource/79/2837779_image2_1.jpg,음식점,음식,카페/ 찻집,카페,5,북구,35.2408773656,126.871684341,
2873789,미꾸미꾸,전남광주통합특별시 북구 대천로 143,http://tong.visitkorea.or.kr/cms/resource/81/2873781_image2_1.jpg,음식점,음식,한식,관광식당,5,북구,35.1871287177,126.9209507758,
2664400,미래연,전남광주통합특별시 서구 내방로161번길 4 1층,http://tong.visitkorea.or.kr/cms/resource/75/2664375_image2_1.jpg,음식점,음식,한식,관광식당,5,서구,35.1593002533,126.8586847576,
2855179,바칼,전남광주통합특별시 광산구 신창로138번길 31-5,http://tong.visitkorea.or.kr/cms/resource/74/2855174_image2_1.jpg,음식점,음식,한식,관광식당,5,광산구,35.1965207431,126.840563208,
2873850,밤실마을,전남광주통합특별시 북구 밤실로 163-9,,음식점,음식,한식,관광식당,5,북구,35.161706816,126.9343613395,
2873868,백년한우,전남광주통합특별시 북구 연양로67번길 5,http://tong.visitkorea.or.kr/cms/resource/64/2873864_image2_1.jpg,음식점,음식,한식,관광식당,5,북구,35.2073173202,126.8746432552,
2614815,백마능선 (무등산권 국가지질공원),전남광주통합특별시 북구 무등로 1550 (금곡동),http://tong.visitkorea.or.kr/cms/resource/14/2614814_image2_1.bmp,관광지,자연관광,자연경관(산),"산, 고개, 오름, 봉우리",5,북구,35.1441458348,126.9890013959,
2859006,버킷문리버,"전남광주통합특별시 광산구 삼도로 748   1층,2층",http://tong.visitkorea.or.kr/cms/resource/94/2858994_image2_1.jpg,음식점,음식,카페/ 찻집,카페,5,광산구,35.1542349454,126.7402870262,
2863121,벗초밥,전남광주통합특별시 서구 풍암순환로 150 (풍암동),http://tong.visitkorea.or.kr/cms/resource/18/2863118_image2_1.jpg,음식점,음식,외국식,일식,5,서구,35.1240491037,126.8838861887,
2664701,벽옥,전남광주통합특별시 남구 군분로 73,http://tong.visitkorea.or.kr/cms/resource/05/2664705_image2_1.jpg,음식점,음식,한식,관광식당,5,남구,35.139658589,126.8919767497,
2595914,볼튼호텔,전남광주통합특별시 서구 상무연하로 31,http://tong.visitkorea.or.kr/cms/resource/41/2630541_image2_1.jpg,숙박,숙박,호텔,호텔,5,서구,35.1510343734,126.8499468484,
742332,부용정,전남광주통합특별시 남구 칠석동 129,http://tong.visitkorea.or.kr/cms/resource/18/3367718_image2_1.jpg,관광지,역사관광,역사유적지,기타역사유적지,5,남구,35.0697627681,126.8366333845,
3469460,브라운도트호텔 광주용봉점,전남광주통합특별시 북구 저불로 55 (용봉동),,숙박,숙박,호텔,호텔,5,북구,35.1795263621,126.895158803,
2783789,비아5일시장,전남광주통합특별시 광산구 비아중앙로 26-1 (비아동),http://tong.visitkorea.or.kr/cms/resource/60/3528360_image2_1.jpg,쇼핑,쇼핑,시장,비상설시장,5,광산구,35.2213982286,126.8252806044,
2855279,비아꽃게장,전남광주통합특별시 광산구 비아동원촌길 71,http://tong.visitkorea.or.kr/cms/resource/69/2855269_image2_1.jpg,음식점,음식,한식,관광식당,5,광산구,35.2215121612,126.8286386376,
3469424,비지니스호텔듀,전남광주통합특별시 동구 구성로144번길 9 (수기동),,숙박,숙박,호텔,호텔,5,동구,35.1490495142,126.9108692891,
2873678,빈드럭스,전남광주통합특별시 동구 지호로124번길 32,http://tong.visitkorea.or.kr/cms/resource/58/2873658_image2_1.jpg,음식점,음식,카페/ 찻집,카페,5,동구,35.146975307,126.943858092,
2605931,빛 고을에 울려 퍼진 민주화의 함성,,http://tong.visitkorea.or.kr/cms/resource/71/1195871_image2_1.jpg,여행코스,추천코스,가족코스,가족코스,5,기타,35.2358457501,126.9395617934,
1745001,빛고을시민문화관,전남광주통합특별시 남구 천변좌로338번길 7,http://tong.visitkorea.or.kr/cms/resource/05/3366705_image2_1.jpg,문화시설,문화관광,공연시설,공연장,5,남구,35.1479301594,126.9086750662,
2783824,산동교친수공원,전남광주통합특별시 북구 동림동 130-15,http://tong.visitkorea.or.kr/cms/resource/20/3528420_image2_1.jpg,관광지,문화관광,도시공원,주제공원,5,북구,35.1897079853,126.8619975926,
2859166,산수쌈밥 동명점,전남광주통합특별시 동구 동계로 11,http://tong.visitkorea.or.kr/cms/resource/61/2859161_image2_1.jpg,음식점,음식,한식,관광식당,5,동구,35.1529604109,126.9242763393,
129199,삼거동 고인돌,전남광주통합특별시 광산구 삼거동 산50,http://tong.visitkorea.or.kr/cms/resource/00/3530000_image2_1.jpg,관광지,역사관광,역사유적지,선사유적지,5,광산구,35.1522951414,126.6725736251,
1622203,상무시민공원,전남광주통합특별시 서구 상무공원로 101,http://tong.visitkorea.or.kr/cms/resource/42/3367442_image2_1.jpg,관광지,문화관광,도시공원,시민공원,5,서구,35.1537505721,126.8403948478,
2765207,상무화훼단지,전남광주통합특별시 서구 마륵벽진길 23 (마륵동),http://tong.visitkorea.or.kr/cms/resource/27/3528427_image2_1.jpg,쇼핑,쇼핑,전문매장/상가,전문상가,5,서구,35.1428074499,126.8455168899,
2614819,새인봉 (무등산권 국가지질공원),전남광주통합특별시 북구 무등로 1550 (금곡동),http://tong.visitkorea.or.kr/cms/resource/17/2614817_image2_1.bmp,관광지,자연관광,자연경관(산),"산, 고개, 오름, 봉우리",5,북구,35.1441458348,126.9890013959,
2783783,서부농수산물도매시장,전남광주통합특별시 서구 매월2로 16 (매월동),http://tong.visitkorea.or.kr/cms/resource/21/3528421_image2_1.jpg,쇼핑,쇼핑,시장,상설시장,5,서구,35.1161856771,126.8586608367,
2614826,서석대 (무등산권 국가지질공원),전남광주통합특별시 북구 무등로 1550 (금곡동),http://tong.visitkorea.or.kr/cms/resource/21/2614821_image2_1.bmp,관광지,자연관광,자연생태,기암괴석,5,북구,35.1441458348,126.9890013959,
2664710,서석정,전남광주통합특별시 북구 설죽로404번길 12,http://tong.visitkorea.or.kr/cms/resource/12/2664712_image2_1.png,음식점,음식,한식,관광식당,5,북구,35.1953135706,126.9012578678,
2849243,서울곱창,전남광주통합특별시 광산구 송정로15번길 71,http://tong.visitkorea.or.kr/cms/resource/41/2849241_image2_1.jpg,음식점,음식,한식,관광식당,5,광산구,35.1388209658,126.7966102045,
2863092,서플라이,전남광주통합특별시 서구 상무자유로 32,http://tong.visitkorea.or.kr/cms/resource/86/2863086_image2_1.jpg,음식점,음식,카페/ 찻집,카페,5,서구,35.1514452293,126.8375590448,
127062,선교기념비,전남광주통합특별시 남구 제중로 56 (양림동),http://tong.visitkorea.or.kr/cms/resource/49/3344449_image2_1.jpg,관광지,역사관광,역사유물,탑ㆍ비석ㆍ기념탑,5,남구,35.1396061822,126.9135887299,
2837706,세컨드원,전남광주통합특별시 광산구 임방울대로 611-25,http://tong.visitkorea.or.kr/cms/resource/97/2837697_image2_1.jpg,음식점,음식,카페/ 찻집,카페,5,광산구,35.2128797425,126.8250252842,
3353909,소잉(에이핸즈협동조합),전남광주통합특별시 북구 첨단연신로108번길 31-15 (신용동) 1층,http://tong.visitkorea.or.kr/cms/resource/08/3353808_image2_1.jpg,관광지,체험관광,기타체험,기타체험관광,5,북구,35.2077143361,126.8650829796,
2848962,솔밭솥밥,전남광주통합특별시 광산구 수완로50번길 44-3   1층,http://tong.visitkorea.or.kr/cms/resource/51/2848651_image2_1.jpg,음식점,음식,외국식,일식,5,광산구,35.1886714682,126.830978141,
2823335,송정골,전남광주통합특별시 광산구 광산로19번길 20,http://tong.visitkorea.or.kr/cms/resource/26/2823326_image2_1.jpg,음식점,음식,한식,관광식당,5,광산구,35.1390986603,126.7935243593,
134997,송정떡갈비 1호점,전남광주통합특별시 광산구 광산로29번길 1,,음식점,음식,한식,관광식당,5,광산구,35.1389542543,126.7948298032,
817409,송학한정식,전남광주통합특별시 서구 상무중앙로 101 (치평동),,음식점,음식,한식,관광식당,5,서구,35.1559754455,126.8477969146,
2873596,수완초밥,전남광주통합특별시 광산구 임방울대로 347,http://tong.visitkorea.or.kr/cms/resource/85/2873585_image2_1.jpg,음식점,음식,외국식,일식,5,광산구,35.191162725,126.8233620865,
2605338,수피아여자중고등학교,전남광주통합특별시 남구 백서로 13 (양림동),http://tong.visitkorea.or.kr/cms/resource/79/3366679_image2_1.jpg,문화시설,문화관광,교육시설,학교,5,남구,35.1368703131,126.9096335919,
2728916,승촌보오토캠핑장,전남광주통합특별시 남구 승촌보길 90 (승촌동),http://tong.visitkorea.or.kr/cms/resource/87/2728987_image2_1.jpg,레포츠,숙박,캠핑,오토캠핑장,5,남구,35.0660063695,126.7611512602,
2950185,시리단길,전남광주통합특별시 광산구 임방울대로826번길 19-20 (쌍암동),http://tong.visitkorea.or.kr/cms/resource/13/2951513_image2_1.jpg,관광지,문화관광,도시.지역문화관광,"골목길, 문화거리",5,광산구,35.2164158666,126.8494896971,
2614828,시무지기 폭포 (무등산권 국가지질공원),전남광주통합특별시 북구 무등로 1550 (금곡동),http://tong.visitkorea.or.kr/cms/resource/76/3350476_image2_1.jpg,관광지,자연관광,자연경관(산),폭포,5,북구,35.1441458348,126.9890013959,
2661532,시민의 숲 야영장,전남광주통합특별시 북구 추암로 190 (월출동),http://tong.visitkorea.or.kr/cms/resource/31/2661531_image2_1.jpg,레포츠,숙박,캠핑,일반야영장,5,북구,35.2327865214,126.8662155837,
319722,신광사(광주),전남광주통합특별시 북구 삼정로66번길 42-10,http://tong.visitkorea.or.kr/cms/resource/97/3367697_image2_1.jpg,관광지,역사관광,종교성지,불교,5,북구,35.168922767,126.9402606368,
2614834,신선대와 억새평전 (무등산권 국가지질공원),전남광주통합특별시 북구 무등로 1550 (금곡동),http://tong.visitkorea.or.kr/cms/resource/30/2614830_image2_1.bmp,관광지,자연관광,자연생태,기타자연생태,5,북구,35.1441458348,126.9890013959,
250453,쌍암공원,전남광주통합특별시 광산구 첨단중앙로182번길 23 (쌍암동),http://tong.visitkorea.or.kr/cms/resource/78/3366478_image2_1.jpg,관광지,문화관광,도시공원,시민공원,5,광산구,35.2234149822,126.8439400132,
2548018,아리네 게스트하우스,전남광주통합특별시 남구 천변좌로428번길 6   (양림동),http://tong.visitkorea.or.kr/cms/resource/69/2817869_image2_1.jpeg,숙박,숙박,호스텔,게스트하우스,5,남구,35.1416504368,126.9160162417,
126334,약사암(광주),전남광주통합특별시 동구 증심사길160번길 89 (운림동),http://tong.visitkorea.or.kr/cms/resource/67/3510767_image2_1.jpg,관광지,역사관광,종교성지,불교,5,동구,35.1223174593,126.9722478684,
742356,양과동정,전남광주통합특별시 남구 양과동 166-1,http://tong.visitkorea.or.kr/cms/resource/52/3454552_image2_1.png,관광지,역사관광,역사유적지,기타역사유적지,5,남구,35.0866390922,126.8634139313,
2603494,양림동 펭귄마을공예거리,전남광주통합특별시 남구 백서로 92-8 (양림동),http://tong.visitkorea.or.kr/cms/resource/60/3351460_image2_1.jpg,관광지,문화관광,도시.지역문화관광,"골목길, 문화거리",5,남구,35.1402200475,126.9162912532,
2708324,여로(산수동 한옥체험시설),전남광주통합특별시 동구 동계로 16-17 (산수동),http://tong.visitkorea.or.kr/cms/resource/88/2918288_image2_1.jpg,숙박,숙박,호스텔,게스트하우스,5,동구,35.1531798459,126.9251984745,
2848014,여수회수산,전남광주통합특별시 광산구 풍영로 95,http://tong.visitkorea.or.kr/cms/resource/04/2848004_image2_1.jpg,음식점,음식,한식,관광식당,5,광산구,35.1806664883,126.8114717341,
3433396,연화식당,"전남광주통합특별시 서구 마륵복개로 147 (치평동, 아트빌)",,음식점,음식,한식,관광식당,5,서구,35.147973661,126.8531022016,
1622267,염주실내수영장,전남광주통합특별시 서구 금화로 278 (풍암동),http://tong.visitkorea.or.kr/cms/resource/14/1587814_image2_1.jpg,레포츠,레저스포츠,수상레저스포츠,수영,5,서구,35.1366531569,126.879180734,
1622537,영사재,전남광주통합특별시 광산구 명곡길 170-30  (명도동),http://tong.visitkorea.or.kr/cms/resource/27/3366527_image2_1.jpg,관광지,역사관광,역사유적지,기타역사유적지,5,광산구,35.1946380905,126.7032198592,
2675030,영산강 자전거길,전남광주통합특별시 서구 서창둑길 377,http://tong.visitkorea.or.kr/cms/resource/23/3368223_image2_1.jpg,관광지,자연관광,자연공원,생태관광지,5,서구,35.1384632138,126.8287545923,
2554189,영산강문화관,전남광주통합특별시 남구 승촌보길 90 (승촌동),http://tong.visitkorea.or.kr/cms/resource/48/3032248_image2_1.jpg,관광지,체험관광,산업관광,기타산업관광지,5,남구,35.0659535982,126.7611568167,
2855289,옛날에 금잔디,전남광주통합특별시 광산구 도산로9번길 54 옛날에금잔디,http://tong.visitkorea.or.kr/cms/resource/86/2855286_image2_1.jpg,음식점,음식,한식,관광식당,5,광산구,35.1274332425,126.7894361222,
1620951,오남제,전남광주통합특별시 광산구 임곡용동길 166  (신룡동),http://tong.visitkorea.or.kr/cms/resource/58/3366558_image2_1.jpg,관광지,역사관광,역사유적지,사당,5,광산구,35.2150813011,126.7674081089,
2873888,오얏리 돌솥밥,전남광주통합특별시 북구 밤실로 178,http://tong.visitkorea.or.kr/cms/resource/82/2873882_image2_1.jpg,음식점,음식,한식,관광식당,5,북구,35.1633677423,126.9345585026,
2891330,온고당,전남광주통합특별시 서구 개산길 13-11,http://tong.visitkorea.or.kr/cms/resource/21/2891321_image2_1.jpg,음식점,음식,한식,관광식당,5,서구,35.1141245719,126.8451648589,
1621014,왕동저수지,전남광주통합특별시 광산구 본량동서로 259,http://tong.visitkorea.or.kr/cms/resource/63/3367363_image2_1.jpg,관광지,자연관광,자연경관(하천‧해양),저수지,5,광산구,35.1950132321,126.7142160986,
2872518,왕뼈사랑 광천점,전남광주통합특별시 서구 무진대로 937,http://tong.visitkorea.or.kr/cms/resource/03/2872503_image2_1.jpg,음식점,음식,한식,관광식당,5,서구,35.161922589,126.8829519905,
130639,우제길미술관,전남광주통합특별시 동구 의재로 140-6,http://tong.visitkorea.or.kr/cms/resource/53/3510753_image2_1.jpg,문화시설,문화관광,전시시설,미술관/화랑,5,동구,35.1317742306,126.9430502112,
2650751,운림동 미술관거리,전남광주통합특별시 동구 증심사길 9 (운림동),http://tong.visitkorea.or.kr/cms/resource/81/3366781_image2_1.jpg,관광지,문화관광,도시.지역문화관광,"골목길, 문화거리",5,동구,35.1342185802,126.953699209,
1955608,운암서원(광주),전남광주통합특별시 북구 무등로 1040,http://tong.visitkorea.or.kr/cms/resource/04/3367204_image2_1.jpg,관광지,역사관광,역사유적지,사당,5,북구,35.1532028131,126.9693640149,
1621689,운천사마애여래좌상,전남광주통합특별시 서구 금호운천길 85-15 (쌍촌동),http://tong.visitkorea.or.kr/cms/resource/28/3367228_image2_1.jpg,관광지,역사관광,역사유물,불상,5,서구,35.1418410394,126.8542355879,
1621652,운천저수지,전남광주통합특별시 서구 운천로 165 (쌍촌동) 일대,http://tong.visitkorea.or.kr/cms/resource/13/3367313_image2_1.jpg,관광지,자연관광,자연경관(하천‧해양),저수지,5,서구,35.1471654718,126.8562352777,
346906,원각사(광주),전남광주통합특별시 동구 중앙로 197 (금남로4가),http://tong.visitkorea.or.kr/cms/resource/55/3029155_image2_1.jpg,관광지,역사관광,종교성지,불교,5,동구,35.1508243988,126.915907688,
126350,원효사(광주),전남광주통합특별시 북구 무등로 1514-35,http://tong.visitkorea.or.kr/cms/resource/44/3028444_image2_1.jpg,관광지,역사관광,종교성지,불교,5,북구,35.1486258304,126.9857793462,
129200,월계동장고분,전남광주통합특별시 광산구 월계로 155 (월계동),http://tong.visitkorea.or.kr/cms/resource/99/3528399_image2_1.jpg,관광지,역사관광,역사유적지,"고분, 능",5,광산구,35.2136021794,126.8425514931,
2783776,월곡시장,전남광주통합특별시 광산구 사암로 300 (월곡동),http://tong.visitkorea.or.kr/cms/resource/69/3551369_image2_1.jpg,쇼핑,쇼핑,시장,상설시장,5,광산구,35.1713258469,126.8096610164,
250450,월봉서원·빙월당,전남광주통합특별시 광산구 광곡길 133,http://tong.visitkorea.or.kr/cms/resource/31/3510731_image2_1.jpg,관광지,역사관광,역사유적지,사당,5,광산구,35.2358674659,126.7452012233,
2700992,유)한성 마드리드 광주호텔,전남광주통합특별시 광산구 광산로19번길 11 (송정동),http://tong.visitkorea.or.kr/cms/resource/59/2698259_image2_1.jpg,숙박,숙박,호텔,호텔,5,광산구,35.1387237021,126.79347715,
1955614,유애서원,전남광주통합특별시 광산구 용아로 460 (흑석동),http://tong.visitkorea.or.kr/cms/resource/10/3576610_image2_1.jpg,관광지,역사관광,역사유적지,사당,5,광산구,35.1844548426,126.8051527542,
3510980,유한회사더담희,전남광주통합특별시 북구 용두마을길 6 (본촌동),,관광지,체험관광,기타체험,기타체험관광,5,북구,35.2191965932,126.8781870875,
2614846,의상봉 (무등산권 국가지질공원),전남광주통합특별시 북구 무등로 1550 (금곡동),http://tong.visitkorea.or.kr/cms/resource/44/2614844_image2_1.bmp,관광지,자연관광,자연경관(산),"산, 고개, 오름, 봉우리",5,북구,35.1441458348,126.9890013959,
2779463,이끌림 비지니스호텔 하남,전남광주통합특별시 광산구 무진대로212번길 14-27 (우산동),http://tong.visitkorea.or.kr/cms/resource/67/2780067_image2_1.jpg,숙박,숙박,호텔,호텔,5,광산구,35.1612101945,126.8020202784,
127060,이장우가옥,전남광주통합특별시 남구 양촌길 21,http://tong.visitkorea.or.kr/cms/resource/60/3368360_image2_1.jpg,관광지,역사관광,역사유적지,고택,5,남구,35.1406171882,126.9141331006,
3049825,일번지 호텔 충장로점,전남광주통합특별시 동구 천변우로 355 (수기동),,숙박,숙박,호텔,호텔,5,동구,35.1490495101,126.9106248659,
2614852,입석대 (무등산권 국가지질공원),전남광주통합특별시 화순군 이서면 영평리 산96,http://tong.visitkorea.or.kr/cms/resource/47/2614847_image2_1.bmp,관광지,자연관광,자연생태,기암괴석,5,북구,35.1172379909,127.0026147583,
2665091,장독대,전남광주통합특별시 동구 문화전당로 43 3층,http://tong.visitkorea.or.kr/cms/resource/94/2665094_image2_1.jpg,음식점,음식,한식,관광식당,5,동구,35.146355504,126.9185742309,
2614858,장불재 (무등산권 국가지질공원),전남광주통합특별시 북구 무등로 1550 (금곡동),http://tong.visitkorea.or.kr/cms/resource/53/2614853_image2_1.bmp,관광지,자연관광,자연생태,기타자연생태,5,북구,35.1441458348,126.9890013959,
2873990,재주당 본점,전남광주통합특별시 북구 일곡마을로 148   1층,http://tong.visitkorea.or.kr/cms/resource/91/2873891_image2_1.jpg,음식점,음식,한식,관광식당,5,북구,35.2094867943,126.8909112057,
2873025,쟝리 6-6,전남광주통합특별시 서구 천변좌하로 436 (유촌동),http://tong.visitkorea.or.kr/cms/resource/87/3592287_image2_1.jpg,음식점,음식,외국식,서양식,5,서구,35.1668577398,126.8591011985,
127065,정엄정려비,전남광주통합특별시 남구 서서평길 24,http://tong.visitkorea.or.kr/cms/resource/21/3367421_image2_1.jpg,관광지,역사관광,역사유적지,기타역사유적지,5,남구,35.1408366225,126.9149969077,
2790507,제봉산 마법의 숲 체험원,전남광주통합특별시 남구 압촌동 산 14,http://tong.visitkorea.or.kr/cms/resource/22/3576622_image2_1.jpg,관광지,체험관광,기타체험,기타체험관광,5,남구,35.0924380522,126.8405130327,
132880,제일반점,전남광주통합특별시 동구 구성로 174,http://tong.visitkorea.or.kr/cms/resource/80/3029180_image2_1.jpg,음식점,음식,외국식,중식,5,동구,35.1515409291,126.912596852,
2687877,조선대학교 장미원,전남광주통합특별시 동구 조선대4길 2 (서석동),http://tong.visitkorea.or.kr/cms/resource/40/3368240_image2_1.jpg,관광지,문화관광,테마공원,테마파크,5,동구,35.1412534704,126.9285012591,
1941079,조선옥,전남광주통합특별시 남구 효덕로 105,,음식점,음식,한식,관광식당,5,남구,35.096474833,126.9073209181,
2910648,족발창고,전남광주통합특별시 북구 저불로31번길 4-1,http://tong.visitkorea.or.kr/cms/resource/33/2910633_image2_1.JPG,음식점,음식,한식,관광식당,5,북구,35.1774738087,126.8947061175,
819814,종가집 설렁탕,전남광주통합특별시 서구 시청로20번길 10,,음식점,음식,한식,관광식당,5,서구,35.1501428555,126.8527799537,
2763536,주노글램핑 인 광주시,전남광주통합특별시 서구 상무자유로 29-1 (치평동),http://tong.visitkorea.or.kr/cms/resource/20/2763420_image2_1.jpg,레포츠,숙박,캠핑,글램핑장,5,서구,35.1535227638,126.8370562598,
2614861,증심사 계곡 안산암질용암,전남광주통합특별시 동구 증심사길 71 (운림동),http://tong.visitkorea.or.kr/cms/resource/59/2614859_image2_1.bmp,관광지,자연관광,자연생태,기암괴석,5,동구,35.1332076931,126.9602458781,
126351,증심사(광주),전남광주통합특별시 동구 증심사길 177,http://tong.visitkorea.or.kr/cms/resource/68/3368268_image2_1.jpg,관광지,역사관광,종교성지,불교,5,동구,35.1287583574,126.9697618157,
2614870,지공너덜 (무등산권 국가지질공원),전남광주통합특별시 북구 무등로 1550 (금곡동),http://tong.visitkorea.or.kr/cms/resource/64/2614864_image2_1.bmp,관광지,자연관광,자연생태,기타자연생태,5,북구,35.1441458348,126.9890013959,
1621151,지산재,전남광주통합특별시 남구 지산재길 51,http://tong.visitkorea.or.kr/cms/resource/78/3367778_image2_1.jpg,관광지,역사관광,역사유적지,사당,5,남구,35.0817175985,126.8736825915,
2664894,진스가든,전남광주통합특별시 남구 서문대로556번길 27 (송하동),http://tong.visitkorea.or.kr/cms/resource/96/2664896_image2_1.jpg,음식점,음식,외국식,중식,5,남구,35.1110507717,126.8957882395,
2665107,진스통,전남광주통합특별시 동구 충장로안길 26 (황금동),http://tong.visitkorea.or.kr/cms/resource/13/2665113_image2_1.jpg,음식점,음식,한식,관광식당,5,동구,35.1476969757,126.9159716496,
2837812,차차룸,전남광주통합특별시 북구 일곡택지로99번길 33,http://tong.visitkorea.or.kr/cms/resource/98/2837798_image2_1.jpg,음식점,음식,외국식,서양식,5,북구,35.2101506109,126.8910500657,
3032325,창작농성골,전남광주통합특별시 서구 농성동,http://tong.visitkorea.or.kr/cms/resource/06/3032306_image2_1.jpg,관광지,문화관광,도시.지역문화관광,마을관광지,5,서구,35.1532764973,126.892068068,
2664916,채미원,전남광주통합특별시 동구 동계천로 167-7   1층,http://tong.visitkorea.or.kr/cms/resource/19/2664919_image2_1.jpg,음식점,음식,한식,관광식당,5,동구,35.1495302988,126.9276344619,
2872329,천지유삼계탕,전남광주통합특별시 서구 풍금로 67,http://tong.visitkorea.or.kr/cms/resource/09/2872309_image2_1.jpg,음식점,음식,한식,관광식당,5,서구,35.1240014948,126.8606326901,
2859032,청수민물장어,전남광주통합특별시 서구 마륵로 27,http://tong.visitkorea.or.kr/cms/resource/20/2859020_image2_1.jpg,음식점,음식,한식,관광식당,5,서구,35.1436682904,126.8352205572,
742535,청풍쉼터,전남광주통합특별시 북구 무등로 1550 (금곡동),http://tong.visitkorea.or.kr/cms/resource/15/3367215_image2_1.jpg,관광지,문화관광,도시공원,시민공원,5,북구,35.1619794786,126.9622283138,
2855307,초돈,전남광주통합특별시 광산구 수완로74번길 30-6,http://tong.visitkorea.or.kr/cms/resource/98/2855298_image2_1.jpg,음식점,음식,한식,관광식당,5,광산구,35.1912656105,126.8304586779,
2664942,최다연샤브샤브,전남광주통합특별시 서구 풍암1로21번길 3-16 1층 (풍암동),http://tong.visitkorea.or.kr/cms/resource/45/2664945_image2_1.jpg,음식점,음식,한식,관광식당,5,서구,35.1262543181,126.8784282829,
2855332,최주원육개장 본점,전남광주통합특별시 광산구 풍영정길 53 강변애,http://tong.visitkorea.or.kr/cms/resource/18/2855318_image2_1.jpg,음식점,음식,한식,관광식당,5,광산구,35.1818168472,126.8404941376,
126385,충민사,전남광주통합특별시 북구 무등로 1050,http://tong.visitkorea.or.kr/cms/resource/76/3367576_image2_1.jpg,관광지,역사관광,역사유적지,사당,5,북구,35.1519696177,126.9692640546,
1330521,충장로,전남광주통합특별시 동구 서석로 37 (충장로1가),http://tong.visitkorea.or.kr/cms/resource/99/3351399_image2_1.jpg,관광지,문화관광,도시.지역문화관광,"골목길, 문화거리",5,동구,35.1465610212,126.9176493076,
250447,취병조형유허비,전남광주통합특별시 광산구 비아안길 19,http://tong.visitkorea.or.kr/cms/resource/03/3528403_image2_1.jpg,관광지,역사관광,역사유물,탑ㆍ비석ㆍ기념탑,5,광산구,35.2208120504,126.8173729858,
2864821,친츠,전남광주통합특별시 서구 상무누리로 15   2층,http://tong.visitkorea.or.kr/cms/resource/15/2864815_image2_1.jpg,음식점,음식,외국식,기타외국식,5,서구,35.1443682937,126.8401006633,
2855353,칠봉이짬뽕,전남광주통합특별시 광산구 목련로394번길 23-26,,음식점,음식,외국식,중식,5,광산구,35.1849080549,126.8339696374,
1620851,칠송정,전남광주통합특별시 광산구 광곡길 73,http://tong.visitkorea.or.kr/cms/resource/34/3530034_image2_1.jpg,관광지,역사관광,역사유적지,기타역사유적지,5,광산구,35.2369950633,126.7420486971,
2668001,카페 궁,전남광주통합특별시 광산구 송도로85번길 22 (도산동),http://tong.visitkorea.or.kr/cms/resource/03/2668003_image2_1.jpg,음식점,음식,카페/ 찻집,카페,5,광산구,35.1264666417,126.786850264,
2873259,카페얼씨,전남광주통합특별시 북구 송강로 49,http://tong.visitkorea.or.kr/cms/resource/50/2873250_image2_1.jpg,음식점,음식,카페/ 찻집,카페,5,북구,35.1632935748,126.9831569868,
2873737,카페지즈,전남광주통합특별시 동구 동산길 42,http://tong.visitkorea.or.kr/cms/resource/26/2873726_image2_1.jpg,음식점,음식,카페/ 찻집,카페,5,동구,35.1300411957,126.9490886098,
3456289,카페진정성,전남광주통합특별시 동구 문화전당로 38 (광산동),http://tong.visitkorea.or.kr/cms/resource/41/3454441_image2_1.jpg,음식점,음식,카페/ 찻집,카페,5,동구,35.1460861028,126.9192936186,
3510971,컬러브릿지협동조합,전남광주통합특별시 남구 백서로 101-2 (양림동),,관광지,체험관광,기타체험,기타체험관광,5,남구,35.1411366209,126.9169078423,
2701017,탑클라우드호텔(광주점),전남광주통합특별시 광산구 임방울대로825번길 57-1 (쌍암동),http://tong.visitkorea.or.kr/cms/resource/27/2698527_image2_1.jpg,숙박,숙박,호텔,호텔,5,광산구,35.2205042717,126.8481841546,
2758779,탱고아구찜,전남광주통합특별시 북구 설죽로471번길 12 (삼각동),http://tong.visitkorea.or.kr/cms/resource/47/2791147_image2_1.JPG,음식점,음식,한식,관광식당,5,북구,35.201082309,126.8980441185,
1019266,팔도강산,전남광주통합특별시 동구 지호로127번길 9 (지산동),,음식점,음식,한식,관광식당,5,동구,35.1499943952,126.9429636505,
2779095,퍼니스카페&라운지,전남광주통합특별시 서구 천변좌하로 192 (치평동),http://tong.visitkorea.or.kr/cms/resource/58/2781158_image2_1.jpg,음식점,음식,카페/ 찻집,카페,5,서구,35.1558919535,126.8378227995,
2668049,퍼스트네팔,전남광주통합특별시 동구 서석로7번길 6-44,http://tong.visitkorea.or.kr/cms/resource/53/2668053_image2_1.jpg,음식점,음식,외국식,기타외국식,5,동구,35.146230472,126.9157967018,
2774008,푸른길분수공원,전남광주통합특별시 동구 동명로67번길 22-44,http://tong.visitkorea.or.kr/cms/resource/09/3528409_image2_1.jpg,관광지,문화관광,도시공원,시민공원,5,동구,35.153621491,126.9268760931,
2752366,푸른마을공동체센터,전남광주통합특별시 동구 동명로67번길 29 (산수동) 3층,http://tong.visitkorea.or.kr/cms/resource/38/3548038_image2_1.jpg,관광지,문화관광,기타문화관광지,기타문화시설,5,동구,35.1530215418,126.9258956386,
1622215,풍암호수,전남광주통합특별시 서구 풍암동 460,http://tong.visitkorea.or.kr/cms/resource/72/3367472_image2_1.jpg,관광지,자연관광,자연경관(하천‧해양),호수,5,서구,35.1276401393,126.8705150584,
742398,필문 이선제부조묘,전남광주통합특별시 남구 구만산길 34 (원산동),http://tong.visitkorea.or.kr/cms/resource/67/3366767_image2_1.jpg,관광지,역사관광,역사유적지,"고분, 능",5,남구,35.0928769754,126.8454986925,
2873620,하마네아구찜 수완본점,전남광주통합특별시 광산구 수완로14번길 27   1층,http://tong.visitkorea.or.kr/cms/resource/04/2873604_image2_1.jpg,음식점,음식,한식,관광식당,5,광산구,35.1872049363,126.8291422288,
2873020,하지메,전남광주통합특별시 서구 상무민주로 16,,음식점,음식,외국식,일식,5,서구,35.152014966,126.8587349354,
1621611,학산사,전남광주통합특별시 서구 불암길 82-100 (서창동),http://tong.visitkorea.or.kr/cms/resource/99/3367299_image2_1.jpg,관광지,역사관광,역사유적지,사당,5,서구,35.1091722542,126.8393154996,
2665138,한우꽃,전남광주통합특별시 남구 백운로 67-2,http://tong.visitkorea.or.kr/cms/resource/43/2665143_image2_1.jpg,음식점,음식,한식,관광식당,5,남구,35.1396032678,126.9054838907,
2847995,해궁,전남광주통합특별시 광산구 풍영로229번길 53,http://tong.visitkorea.or.kr/cms/resource/82/2847982_image2_1.jpg,음식점,음식,한식,관광식당,5,광산구,35.1920374167,126.8109381644,
1978824,호남지역의 유적지 돌아보기,,http://tong.visitkorea.or.kr/cms/resource/74/824574_image2_1.jpg,여행코스,추천코스,도보코스,도보코스,5,북구,35.1860968451,127.0002465691,
2953078,호랑가시나무 아트폴리곤,전남광주통합특별시 남구 제중로47번길 22 (양림동),http://tong.visitkorea.or.kr/cms/resource/77/2953077_image2_1.png,문화시설,문화관광,전시시설,미술관/화랑,5,남구,35.1380591062,126.9119083618,
1874417,호텔 5월 (Hotel The May),전남광주통합특별시 서구 상무번영로 51 (치평동),,숙박,숙박,모텔,모텔,5,서구,35.1545895749,126.852777065,
3044674,호텔반트,전남광주통합특별시 동구 문화전당로23번길 12-1 (금동),,숙박,숙박,모텔,모텔,5,동구,35.1443890545,126.9182520865,
3044676,호텔얌 광주구시청점,전남광주통합특별시 동구 양림로115번길 15 (학동),http://tong.visitkorea.or.kr/cms/resource/35/3054335_image2_1.jpg,숙박,숙박,모텔,모텔,5,동구,35.1405589454,126.9190993296,
2542013,호텔여기어때 광주역점,전남광주통합특별시 북구 중흥로140번길 19 (중흥동),http://tong.visitkorea.or.kr/cms/resource/09/2542009_image2_1.jpg,숙박,숙박,모텔,모텔,5,북구,35.1613814244,126.9090330311,
127322,환벽당,전남광주통합특별시 북구 환벽당길 10 (충효동),http://tong.visitkorea.or.kr/cms/resource/80/3028480_image2_1.jpg,관광지,역사관광,역사유적지,사당,5,북구,35.1857719297,127.003104658,
127401,환벽당 ·조대,전남광주통합특별시 북구 환벽당길 10 (충효동),http://tong.visitkorea.or.kr/cms/resource/47/3350747_image2_1.jpg,관광지,역사관광,역사유적지,선사유적지,5,북구,35.1855608382,127.0028269101,
2666784,활기가 넘치면서도 치열한 가슴을 품어 아름다운 광주 속으로!,전남광주통합특별시 동구 지호로164번길 35-1 (지산동),http://tong.visitkorea.or.kr/cms/resource/94/2563694_image2_1.jpg,여행코스,추천코스,힐링코스,힐링코스,5,동구,35.1494112311,126.9491103443,
2837756,황솔촌 충장점,전남광주통합특별시 동구 중앙로160번길 16-10,http://tong.visitkorea.or.kr/cms/resource/53/2837753_image2_1.jpg,음식점,음식,한식,관광식당,5,동구,35.1470831279,126.9142884809,
3029394,효천물빛노닐터,전남광주통합특별시 남구 효천로 140 (임암동),http://tong.visitkorea.or.kr/cms/resource/74/3029374_image2_1.jpg,관광지,문화관광,도시공원,근린공원,5,남구,35.1037955152,126.8649522567,
2718673,휴파크 광산점,전남광주통합특별시 광산구 탑동길 345 (지산동),http://tong.visitkorea.or.kr/cms/resource/00/3033500_image2_1.jpg,레포츠,숙박,캠핑,오토캠핑장,5,광산구,35.1953634646,126.7303952125,
1888936,5.18 숭고한 넋을 되새겨보는 여행,,http://tong.visitkorea.or.kr/cms/resource/86/566686_image2_1.jpg,여행코스,추천코스,나홀로코스,나홀로코스,5,서구,35.2357568666,126.9392784878,
2755010,5·18민주화운동 기록관,전남광주통합특별시 동구 금남로 221 (금남로3가),http://tong.visitkorea.or.kr/cms/resource/32/3532032_image2_1.jpg,문화시설,문화관광,전시시설,기념관,5,동구,35.1496023298,126.9167687536,
2996400,Yun Marbling,전남광주통합특별시 서구 상무오월로3번길 24-11   1층 윤마블링,http://tong.visitkorea.or.kr/cms/resource/91/2996391_image2_1.jpg,관광지,체험관광,기타체험,기타체험관광,5,서구,35.1576532469,126.8604235345,
127480,가거도,전남광주통합특별시 신안군 흑산면 가거도길 38-2,http://tong.visitkorea.or.kr/cms/resource/28/3572128_image2_1.jpg,관광지,자연관광,자연경관(하천‧해양),섬,38,신안군,34.0520609879,125.1263860145,
126273,가계해수욕장,전남광주통합특별시 진도군 고군면 신비의바닷길 47 (고군면),http://tong.visitkorea.or.kr/cms/resource/36/3079736_image2_1.jpg,관광지,자연관광,자연경관(하천‧해양),해변. 해수욕장,38,진도군,34.4354594945,126.3547412438,
2640274,가랑드,전남광주통합특별시 곡성군 곡성읍 낙동원로 10,,음식점,음식,카페/ 찻집,카페,38,곡성군,35.2827410854,127.3015424956,
127423,가마골계곡,전남광주통합특별시 담양군 용면 용소길 261,http://tong.visitkorea.or.kr/cms/resource/35/3027135_image2_1.jpg,관광지,자연관광,자연경관(산),계곡,38,담양군,35.445187367,127.0227046757,
2737354,가마골계곡 핫캠핑장,전남광주통합특별시 담양군 용면 용소길 131,http://tong.visitkorea.or.kr/cms/resource/07/2737707_image2_1.jpg,레포츠,숙박,캠핑,일반야영장,38,담양군,35.4362301902,127.0310319445,
126289,가마미해수욕장,전남광주통합특별시 영광군 홍농읍 가마미로 355,http://tong.visitkorea.or.kr/cms/resource/63/3018763_image2_1.jpg,관광지,자연관광,자연경관(하천‧해양),해변. 해수욕장,38,영광군,35.399729392,126.4090769892,
2615324,가사동백숲해변,전남광주통합특별시 완도군 약산면 해동리,http://tong.visitkorea.or.kr/cms/resource/77/3591577_image2_1.jpg,관광지,자연관광,자연경관(하천‧해양),해변. 해수욕장,38,완도군,34.3698373475,126.9277952875,
1885246,가사문학의 향을 따라가는 가사문학로드,,http://tong.visitkorea.or.kr/cms/resource/37/853137_image2_1.jpg,여행코스,추천코스,힐링코스,힐링코스,38,담양군,35.1843194658,127.0119150269,
1916695,가사해수욕장,전남광주통합특별시 완도군 약산면,http://tong.visitkorea.or.kr/cms/resource/24/3382824_image2_1.JPG,관광지,자연관광,자연경관(하천‧해양),해변. 해수욕장,38,완도군,34.370487281,126.9281702396,
1957336,가산서원,전남광주통합특별시 장성군 삼서면 영장로 2015,http://tong.visitkorea.or.kr/cms/resource/35/3347635_image2_1.JPG,관광지,역사관광,역사유적지,사당,38,장성군,35.2313226604,126.6931003984,
2732489,가야금산조테마공원,전남광주통합특별시 영암군 영암읍 기찬랜드로 19-10,http://tong.visitkorea.or.kr/cms/resource/96/3382096_image2_1.JPG,관광지,문화관광,테마공원,테마파크,38,영암군,34.7919693222,126.6856118867,
3013529,가야정원,전남광주통합특별시 순천시 해룡면 농주리 230-10,,관광지,자연관광,자연공원,수목원ㆍ정원,38,순천시,34.861908939,127.5222504674,
3006493,가우도 모노레일,전남광주통합특별시 강진군 가우도길 2-87,http://tong.visitkorea.or.kr/cms/resource/73/3006473_image2_1.jpg,관광지,체험관광,기타체험,기타체험관광,38,강진군,34.5339749368,126.7847455361,
2823338,가우도친구집,전남광주통합특별시 강진군 가우도길 2-7,http://tong.visitkorea.or.kr/cms/resource/30/2823330_image2_1.jpg,음식점,음식,한식,관광식당,38,강진군,34.5325972175,126.7789321912,
2740970,가우도카라반펜션,전남광주통합특별시 강진군 대구면 저두바닷길 3,http://tong.visitkorea.or.kr/cms/resource/73/2741273_image2_1.jpg,레포츠,숙박,캠핑,카라반,38,강진군,34.5278201918,126.7920644864,
2916281,가을 바다를 즐길 수 있는 목포 1박2일 여행 코스,전남광주통합특별시 목포시 영산로29번길 6,http://tong.visitkorea.or.kr/cms/resource/17/2706017_image2_1.jpg,여행코스,추천코스,힐링코스,힐링코스,38,목포시,34.7873731725,126.3821193361,
2726677,가인야영장,전남광주통합특별시 장성군 북하면 백양로 1217,http://tong.visitkorea.or.kr/cms/resource/79/2728279_image2_1.jpg,레포츠,숙박,캠핑,일반야영장,38,장성군,35.4330585531,126.8813591872,
2726681,가족소풍,전남광주통합특별시 담양군 용면 용소길 6,http://tong.visitkorea.or.kr/cms/resource/79/2727079_image2_1.jpg,레포츠,숙박,캠핑,일반야영장,38,담양군,35.4256731127,127.0345207933,
129024,갈두마을(땅끝마을),전남광주통합특별시 해남군 송지면 땅끝마을길 82,http://tong.visitkorea.or.kr/cms/resource/36/3061236_image2_1.jpg,관광지,문화관광,도시.지역문화관광,마을관광지,38,해남군,34.2998052878,126.5285847288,
2871686,강남집,전남광주통합특별시 여수시 학동6길 1   1층,http://tong.visitkorea.or.kr/cms/resource/76/2871676_image2_1.jpg,음식점,음식,한식,관광식당,38,여수시,34.7636307887,127.6668652904,
1957338,강덕사,전남광주통합특별시 강진군 군동면 호라길 199-39,http://tong.visitkorea.or.kr/cms/resource/29/3381529_image2_1.JPG,관광지,역사관광,역사유적지,사당,38,강진군,34.654422834,126.802682706,
2839811,강의리추어탕,전남광주통합특별시 담양군 강의길 73,http://tong.visitkorea.or.kr/cms/resource/09/2839809_image2_1.JPG,음식점,음식,한식,관광식당,38,담양군,35.2645807925,126.9043003018,
1349796,강진 백사어촌체험마을,전남광주통합특별시 강진군 대구면 청자해안길 253,,관광지,체험관광,농.산.어촌 체험,체험어장,38,강진군,34.4928741381,126.7939012802,
2515265,강진 백운동별서정원,전남광주통합특별시 강진군 성전면 월하안운길 100-63,http://tong.visitkorea.or.kr/cms/resource/77/3537777_image2_1.jpg,관광지,역사관광,역사유적지,기타역사유적지,38,강진군,34.7420918349,126.6998840655,
128952,강진 병영마을 옛 담장,전남광주통합특별시 강진군 병영면 지로리 291-1번지 등,http://tong.visitkorea.or.kr/cms/resource/46/3537746_image2_1.jpg,관광지,역사관광,역사유적지,기타역사유적지,38,강진군,34.7148913023,126.8182354193,
129693,강진 삼인리 비자나무,전남광주통합특별시 강진군 병영면 동삼인길 28-10,http://tong.visitkorea.or.kr/cms/resource/00/3538100_image2_1.jpg,관광지,자연관광,자연생태,희귀동.식물,38,강진군,34.7148441009,126.8191381191,
1350167,강진 서중어촌체험마을,전남광주통합특별시 강진군 마량면 까막섬로 75-7,,관광지,체험관광,농.산.어촌 체험,체험어장,38,강진군,34.4536620901,126.8076232442,
2515789,강진 오감통,전남광주통합특별시 강진군 강진읍 오감길 2 2동,http://tong.visitkorea.or.kr/cms/resource/70/3381570_image2_1.JPG,관광지,문화관광,기타문화관광지,기타문화시설,38,강진군,34.6391324006,126.773588414,
3532937,강진 자연드림,전남광주통합특별시 강진군 대구면 백사1길 38,,숙박,숙박,펜션/민박,펜션,38,강진군,34.4977541698,126.7952593764,
2385665,"강진, 천재 실학자 다산을 만나러 가는 길",,http://tong.visitkorea.or.kr/cms/resource/48/2372848_image2_1.jpg,여행코스,추천코스,도보코스,도보코스,38,강진군,34.5790442458,126.7462228308,
1623643,강진군도서관,전남광주통합특별시 강진군 강진읍 남문길 10,http://tong.visitkorea.or.kr/cms/resource/58/3589458_image2_1.jpg,문화시설,문화관광,교육시설,도서관,38,강진군,34.640490518,126.7697553845,
128151,강진다원,전남광주통합특별시 강진군 성전면 백운로 93-25,http://tong.visitkorea.or.kr/cms/resource/07/3558407_image2_1.jpg,관광지,체험관광,산업관광,기타산업관광지,38,강진군,34.7409031836,126.7061613195,
129692,강진마도진만호성지,전남광주통합특별시 강진군 마량면 마량리 988-5번지 일대,http://tong.visitkorea.or.kr/cms/resource/71/3537771_image2_1.jpg,관광지,역사관광,역사유적지,성ㆍ산성ㆍ성곽,38,강진군,34.4533428163,126.8157780917,
126645,강진만,전남광주통합특별시 강진군 신전면 벌정리,http://tong.visitkorea.or.kr/cms/resource/79/3538079_image2_1.jpg,관광지,자연관광,자연경관(하천‧해양),항구/포구,38,강진군,34.595223382,126.770150892,
2871576,강진만갯벌탕,전남광주통합특별시 강진군 동성로 16,http://tong.visitkorea.or.kr/cms/resource/83/3575983_image2_1.jpg,음식점,음식,한식,관광식당,38,강진군,34.6403545044,126.77470773,
2871594,강진만한정식,전남광주통합특별시 강진군 보은로 73,http://tong.visitkorea.or.kr/cms/resource/90/2871590_image2_1.jpg,음식점,음식,한식,관광식당,38,강진군,34.6348550048,126.7676640386,
1778079,강진아트홀,전남광주통합특별시 강진군 강진읍 영랑로1길 9,http://tong.visitkorea.or.kr/cms/resource/39/3589439_image2_1.jpg,문화시설,문화관광,공연시설,공연장,38,강진군,34.6382074538,126.7705248168,
127111,강진영랑생가,전남광주통합특별시 강진군 강진읍 영랑생가길 15,http://tong.visitkorea.or.kr/cms/resource/12/3558412_image2_1.jpg,관광지,역사관광,역사유적지,생가,38,강진군,34.6421930307,126.7652918469,
1624164,강진향교,전남광주통합특별시 강진군 강진읍 향교로 140,http://tong.visitkorea.or.kr/cms/resource/22/3381522_image2_1.JPG,관광지,역사관광,역사유적지,사당,38,강진군,34.6503616614,126.7714883256,
2876642,강화식당,전남광주통합특별시 영광군 굴비로 9-2,http://tong.visitkorea.or.kr/cms/resource/33/2876633_image2_1.jpg,음식점,음식,한식,관광식당,38,영광군,35.3616898589,126.4449191893,
2638437,개구리생태공원,전남광주통합특별시 담양군 담양읍 담양88로 428,http://tong.visitkorea.or.kr/cms/resource/58/3571558_image2_1.jpg,관광지,자연관광,자연공원,생태관광지,38,담양군,35.3235008359,127.0047510306,
2824402,개성순두부전문점,전남광주통합특별시 완도군 개포로 19,,음식점,음식,한식,관광식당,38,완도군,34.3164042784,126.7502315674,
2574326,개울한옥민박,전남광주통합특별시 해남군 옥천면 도림길 81,http://tong.visitkorea.or.kr/cms/resource/38/2573738_image2_1.jpg,숙박,숙박,펜션/민박,한옥스테이,38,해남군,34.5159721453,126.6616456733,
127147,개천사,전남광주통합특별시 화순군 춘양면 변천길 389,http://tong.visitkorea.or.kr/cms/resource/99/3583399_image2_1.jpg,관광지,역사관광,종교성지,불교,38,화순군,34.9044716088,126.9153916468,
2871632,갯마을식당,전남광주통합특별시 신안군 증도중앙길 40-2,,음식점,음식,한식,관광식당,38,신안군,35.0012561968,126.1397134314,
2032450,거금생태숲,전남광주통합특별시 고흥군 금산면 거금일주로 1877,http://tong.visitkorea.or.kr/cms/resource/04/3375904_image2_1.JPG,관광지,자연관광,자연경관(산),숲,38,고흥군,34.4538883157,127.2156652719,
2752162,거금해양낚시공원,전남광주통합특별시 고흥군 금산면 신촌내동길 18-132,http://tong.visitkorea.or.kr/cms/resource/92/2752192_image2_1.jpeg,레포츠,레저스포츠,수상레저스포츠,바다낚시,38,고흥군,34.4694652638,127.1045912779,
2593235,거목장민박,전남광주통합특별시 해남군 삼산면 민박촌길 63,http://tong.visitkorea.or.kr/cms/resource/63/3021963_image2_1.jpg,숙박,숙박,펜션/민박,한옥스테이,38,해남군,34.5084470868,126.6067506789,
126283,거문도,전남광주통합특별시 여수시 삼산면 거문길 103,http://tong.visitkorea.or.kr/cms/resource/49/3027249_image2_1.jpg,관광지,자연관광,자연경관(하천‧해양),섬,38,여수시,34.0274901869,127.308948058,
129151,거문도 등대,전남광주통합특별시 여수시 거문도등대길 299 항로표지관리소,http://tong.visitkorea.or.kr/cms/resource/71/3548971_image2_1.JPG,관광지,문화관광,랜드마크관광,등대,38,여수시,34.0084314114,127.3219612742,
988129,거문도 신선바위,전남광주통합특별시 여수시 삼산면 거문리,http://tong.visitkorea.or.kr/cms/resource/38/3549238_image2_1.JPG,관광지,자연관광,자연경관(하천‧해양),해안절경,38,여수시,34.0123585069,127.3072485707,
2723663,거문도해수욕장,전남광주통합특별시 여수시 삼산면 덕촌리 322,http://tong.visitkorea.or.kr/cms/resource/03/3549303_image2_1.JPG,관광지,자연관광,자연경관(하천‧해양),해변. 해수욕장,38,여수시,34.0199742783,127.3043097534,
2752372,거북선공원,전남광주통합특별시 여수시 거북선공원2길 10,http://tong.visitkorea.or.kr/cms/resource/95/3372895_image2_1.JPG,관광지,문화관광,도시공원,주제공원,38,여수시,34.7606283453,127.6667403776,
2508988,거북선대교,전남광주통합특별시 여수시 종화동,http://tong.visitkorea.or.kr/cms/resource/65/3373465_image2_1.JPG,관광지,문화관광,랜드마크관광,다리 / 대교,38,여수시,34.7364352647,127.74951153,
2861432,거북이초밥,전남광주통합특별시 광양시 항만9로 126,http://tong.visitkorea.or.kr/cms/resource/24/2861424_image2_1.JPG,음식점,음식,외국식,일식,38,광양시,34.9264602876,127.6979584156,
2037381,겨울 입맛을 돋궈주는 목포 5미,,http://tong.visitkorea.or.kr/cms/resource/21/2037121_image2_1.jpg,여행코스,추천코스,맛코스,맛코스,38,목포시,34.7662587195,126.372081841,
129282,겸면목화공원,전남광주통합특별시 곡성군 겸면,http://tong.visitkorea.or.kr/cms/resource/81/3344981_image2_1.JPG,관광지,문화관광,도시공원,시민공원,38,곡성군,35.2513590882,127.1730490909,
1957342,겸천서원,전남광주통합특별시 순천시 주암면 죽림리,http://tong.visitkorea.or.kr/cms/resource/12/3346512_image2_1.JPG,관광지,역사관광,역사유적지,사당,38,순천시,35.0812434783,127.249507776,
1351335,경도회관 본점,전남광주통합특별시 여수시 대경도길 2-2,,음식점,음식,한식,관광식당,38,여수시,34.7218280888,127.7218809837,
2906832,경해루,전남광주통합특별시 완도군 완도읍 개포로 12-1,http://tong.visitkorea.or.kr/cms/resource/16/2906816_image2_1.jpg,음식점,음식,외국식,중식,38,완도군,34.316920891,126.7504482027,
1957344,경현서원,전남광주통합특별시 나주시 노안면 영평리,http://tong.visitkorea.or.kr/cms/resource/11/3346311_image2_1.JPG,관광지,역사관광,역사유적지,사당,38,나주시,35.0665831715,126.7067060605,
228869,계마항,전남광주통합특별시 영광군 홍농읍 계마리,http://tong.visitkorea.or.kr/cms/resource/82/3381982_image2_1.JPG,관광지,자연관광,자연경관(하천‧해양),항구/포구,38,영광군,35.3896416165,126.4072107385,
1957346,계송서원,전남광주통합특별시 영광군 영광읍 청보리로3길 31,http://tong.visitkorea.or.kr/cms/resource/42/3378842_image2_1.JPG,관광지,역사관광,역사유적지,사당,38,영광군,35.3018117683,126.518919654,
2858619,고구려초밥 금당본점,전남광주통합특별시 순천시 기적의도서관길 31 고구려초밥,http://tong.visitkorea.or.kr/cms/resource/08/2858608_image2_1.jpg,음식점,음식,외국식,일식,38,순천시,34.9483270721,127.5257590752,
1854612,고려와 조선을 잇는 나주 역사 기행,,http://tong.visitkorea.or.kr/cms/resource/96/1609396_image2_1.jpg,여행코스,추천코스,나홀로코스,나홀로코스,38,나주시,35.0334536546,126.7113842427,
1886060,고려와 조선의 역사 현장을 가다,,http://tong.visitkorea.or.kr/cms/resource/17/1609417_image2_1.jpg,여행코스,추천코스,나홀로코스,나홀로코스,38,진도군,34.5660078841,126.3024094318,
2861588,고려회관,전남광주통합특별시 보성군 채동선로 294,http://tong.visitkorea.or.kr/cms/resource/87/2861587_image2_1.JPG,음식점,음식,한식,관광식당,38,보성군,34.8472908268,127.3423110718,
129109,고마리마을,전남광주통합특별시 장흥군 관산읍 고마리,http://tong.visitkorea.or.kr/cms/resource/31/3382031_image2_1.JPG,관광지,문화관광,도시.지역문화관광,마을관광지,38,장흥군,34.5672301199,126.9864936855,
2612901,고산 윤선도 박물관,전남광주통합특별시 해남군 해남읍 녹우당길 130,http://tong.visitkorea.or.kr/cms/resource/51/3383051_image2_1.JPG,문화시설,문화관광,전시시설,전시관,38,해남군,34.5502315216,126.620851215,
553319,고산 윤선도 유적지,전남광주통합특별시 해남군 해남읍 녹우당길 135,http://tong.visitkorea.or.kr/cms/resource/74/3563074_image2_1.jpg,관광지,역사관광,역사유적지,기타역사유적지,38,해남군,34.5512564337,126.6225204875,
1885610,고산 윤선도의 이상향을 만나다,,http://tong.visitkorea.or.kr/cms/resource/56/214556_image2_1.jpg,여행코스,추천코스,나홀로코스,나홀로코스,38,완도군,34.1581136144,126.5794169459,
127937,고산사(장흥),전남광주통합특별시 장흥군 장평면 하탑동길 120,http://tong.visitkorea.or.kr/cms/resource/08/3381308_image2_1.JPG,관광지,역사관광,종교성지,불교,38,장흥군,34.7652687143,126.9687598303,
126400,고산서원(장성),전남광주통합특별시 장성군 진원면 고산로 68,http://tong.visitkorea.or.kr/cms/resource/26/3347326_image2_1.JPG,관광지,역사관광,역사유적지,사당,38,장성군,35.2726760365,126.8414723284,
2846422,고산촌집,전남광주통합특별시 담양군 산덕연동길 14,http://tong.visitkorea.or.kr/cms/resource/14/2846414_image2_1.JPG,음식점,음식,한식,관광식당,38,담양군,35.2245590449,126.9930573461,
2846433,고서회관,전남광주통합특별시 담양군 원등1길 16-7   고서회관,http://tong.visitkorea.or.kr/cms/resource/27/2846427_image2_1.JPG,음식점,음식,한식,관광식당,38,담양군,35.2240449099,126.9751394997,
297983,고성사(강진),전남광주통합특별시 강진군 강진읍 고성길 260 (강진읍),http://tong.visitkorea.or.kr/cms/resource/03/3381203_image2_1.JPG,관광지,역사관광,종교성지,불교,38,강진군,34.6577218415,126.7652053663,
2729396,고소먹방,전남광주통합특별시 여수시 선소로 59 (학동),http://tong.visitkorea.or.kr/cms/resource/48/2729848_image2_1.jpg,음식점,음식,한식,관광식당,38,여수시,34.7581064097,127.6669709769,
2814167,고유한관광농원펜션,전남광주통합특별시 고흥군 연강예회길 299-8,http://tong.visitkorea.or.kr/cms/resource/77/2813477_image2_1.jpg,숙박,숙박,펜션/민박,펜션,38,고흥군,34.6845607383,127.2762320498,
2604533,고집불통송가네,전남광주통합특별시 해남군 북평면 동해길 108-23,,숙박,숙박,펜션/민박,한옥스테이,38,해남군,34.4415633214,126.631441776,
2755146,고천암 자연생태공원,전남광주통합특별시 해남군 황산면 고천암로 752-14,http://tong.visitkorea.or.kr/cms/resource/47/3562847_image2_1.jpg,관광지,자연관광,자연공원,생태관광지,38,해남군,34.5231902986,126.4627296611,
128807,고천암호(철새도래지),전남광주통합특별시 해남군 황산면 고천암로,http://tong.visitkorea.or.kr/cms/resource/62/3381362_image2_1.JPG,관광지,자연관광,자연공원,생태관광지,38,해남군,34.5236431702,126.4715927592,
1991992,고택 한옥에서,전남광주통합특별시 담양군 창평면 돌담길 88-9,http://tong.visitkorea.or.kr/cms/resource/47/2917547_image2_1.jpg,숙박,숙박,펜션/민박,한옥스테이,38,담양군,35.2376996952,127.0206073559,
2706019,고하도 전망대,전남광주통합특별시 목포시 고하도안길 234 (달동),,관광지,문화관광,랜드마크관광,타워 / 전망대,38,목포시,34.777982189,126.3592243617,
2656482,고하도 해상테마파크,전남광주통합특별시 목포시 고하도안길 234,,관광지,문화관광,테마공원,테마파크,38,목포시,34.777982189,126.3592243617,
2760815,고하도선착장,전남광주통합특별시 목포시 고하도길 162 (달동),http://tong.visitkorea.or.kr/cms/resource/61/3381461_image2_1.JPG,관광지,자연관광,자연경관(하천‧해양),항구/포구,38,목포시,34.7654921494,126.3727456895,
2891418,고향식당,전남광주통합특별시 신안군 문준경길 165,http://tong.visitkorea.or.kr/cms/resource/17/2891417_image2_1.jpg,음식점,음식,한식,관광식당,38,신안군,35.0029227161,126.1422298346,
1624116,고흥 무열사,전남광주통합특별시 고흥군 두원면 동신안길 21-6,http://tong.visitkorea.or.kr/cms/resource/52/3550652_image2_1.jpg,관광지,역사관광,역사유적지,사당,38,고흥군,34.643229387,127.2837657494,
1348630,고흥 신기거북이마을,전남광주통합특별시 고흥군 대서면 동서로 925,http://tong.visitkorea.or.kr/cms/resource/91/3533491_image2_1.jpg,관광지,체험관광,농.산.어촌 체험,체험마을,38,고흥군,34.740898672,127.2648705324,
250439,고흥 쌍충사,전남광주통합특별시 고흥군 도양읍 목넘가는길 34,http://tong.visitkorea.or.kr/cms/resource/67/3550667_image2_1.jpg,관광지,역사관광,역사유적지,사당,38,고흥군,34.5278897385,127.1317874663,
250440,고흥 유자공원,전남광주통합특별시 고흥군 풍양면 대청길 33-11,http://tong.visitkorea.or.kr/cms/resource/82/2043882_image2_1.jpg,관광지,문화관광,도시공원,주제공원,38,고흥군,34.5723920566,127.2353522997,
2380837,고흥 해창만 간척지 공원,전남광주통합특별시 고흥군 포두면 팔영로 405,http://tong.visitkorea.or.kr/cms/resource/57/3344657_image2_1.JPG,관광지,문화관광,도시공원,시민공원,38,고흥군,34.5822186348,127.3933410039,
129996,고흥문화원,전남광주통합특별시 고흥군 고흥읍 고흥로 1892-67,http://tong.visitkorea.or.kr/cms/resource/66/3375866_image2_1.JPG,문화시설,문화관광,교육시설,한국문화원,38,고흥군,34.6124080728,127.2975208647,
2605786,고흥분청문화박물관,전남광주통합특별시 고흥군 두원면 분청문화박물관길 99,http://tong.visitkorea.or.kr/cms/resource/70/3344670_image2_1.JPG,문화시설,문화관광,전시시설,박물관,38,고흥군,34.6278595774,127.3244875637,
2583173,고흥삼계탕,전남광주통합특별시 목포시 복산길6번길 40,,음식점,음식,한식,관광식당,38,목포시,34.8063663643,126.4362141002,
2379568,고흥우주천문과학관,전남광주통합특별시 고흥군 도양읍 장기산선암길 353,http://tong.visitkorea.or.kr/cms/resource/68/3552768_image2_1.jpg,관광지,문화관광,테마공원,천문대,38,고흥군,34.5526312994,127.1250541164,
1966520,고흥의 문화유적 코스 1,,,여행코스,추천코스,가족코스,가족코스,38,고흥군,34.6042442945,127.250080778,
1966522,고흥의 문화유적 코스 2,,,여행코스,추천코스,나홀로코스,나홀로코스,38,고흥군,34.4853368106,127.3348124121,
1364103,고흥한우직판장,전남광주통합특별시 고흥군 고흥읍 고흥로 1892-67,,음식점,음식,한식,관광식당,38,고흥군,34.6126608217,127.2974875283,
2435007,곡성 기차당 뚝방마켓,전남광주통합특별시 곡성군 곡성읍 곡성로 898,,쇼핑,쇼핑,전문매장/상가,관광기념품/특산물판매점,38,곡성군,35.2814328952,127.3012647759,
2616190,곡성 메타세쿼이아길,전남광주통합특별시 곡성군 곡성읍 신기리 78-1,http://tong.visitkorea.or.kr/cms/resource/94/3344994_image2_1.JPG,관광지,자연관광,기타자연관광,기타자연관광,38,곡성군,35.2955729568,127.3008005653,
2763426,곡성 키즈글램핑,전남광주통합특별시 곡성군 죽곡면 오죽로 132,http://tong.visitkorea.or.kr/cms/resource/53/2763653_image2_1.JPG,레포츠,숙박,캠핑,글램핑장,38,곡성군,35.1595635457,127.3146889296,
129317,곡성 하늘나리마을,전남광주통합특별시 곡성군 죽곡면 상한길 264,http://tong.visitkorea.or.kr/cms/resource/81/3533581_image2_1.jpg,관광지,체험관광,농.산.어촌 체험,체험마을,38,곡성군,35.1614203447,127.3990036735,
250354,곡성 함허정,전남광주통합특별시 곡성군 입면 제월리 1016-3,http://tong.visitkorea.or.kr/cms/resource/13/3530113_image2_1.jpg,관광지,역사관광,역사유적지,기타역사유적지,38,곡성군,35.3225990718,127.220273654,
2901768,곡성가든,전남광주통합특별시 곡성군 배감길 16-19,http://tong.visitkorea.or.kr/cms/resource/63/2901763_image2_1.jpg,음식점,음식,외국식,서양식,38,곡성군,35.3017723513,127.1447030893,
3351638,곡성기차마을 생태학습관,전남광주통합특별시 곡성군 오곡면 기차마을로 252-16,http://tong.visitkorea.or.kr/cms/resource/68/3385368_image2_1.jpg,문화시설,문화관광,전시시설,전시관,38,곡성군,35.2812191216,127.3065559809,
2554912,곡성기차마을 패러글라이딩,전남광주통합특별시 곡성군 오곡면 덕양서원길 42,,레포츠,레저스포츠,항공레저스포츠,헹글라이딩/패러글라이딩,38,곡성군,35.263612844,127.3104671975,
1434518,"곡성기차마을전통시장 (3, 8일)",전남광주통합특별시 곡성군 곡성읍 곡성로 856,http://tong.visitkorea.or.kr/cms/resource/67/2032567_image2_1.jpg,쇼핑,쇼핑,시장,비상설시장,38,곡성군,35.2798080307,127.2984539545,
1054221,곡성레저문화센터,전남광주통합특별시 곡성군 곡성읍 곡성로 855 (곡성읍),http://tong.visitkorea.or.kr/cms/resource/43/3026943_image2_1.jpg,문화시설,문화관광,공연시설,공연장,38,곡성군,35.2801301942,127.2971596157,
129991,곡성문화원,전남광주통합특별시 곡성군 곡성읍 곡성로 855,http://tong.visitkorea.or.kr/cms/resource/23/3587223_image2_1.jpg,문화시설,문화관광,교육시설,한국문화원,38,곡성군,35.2804829367,127.2974151402,
250345,곡성섬진강천문대,전남광주통합특별시 구례군 구례읍 섬진강로 1234,,관광지,문화관광,테마공원,천문대,38,구례군,35.2266763583,127.3691185252,
1957351,곡수서원,전남광주통합특별시 순천시 순광로 105-17 (조례동),http://tong.visitkorea.or.kr/cms/resource/29/3346529_image2_1.JPG,관광지,역사관광,역사유적지,사당,38,순천시,34.9602897115,127.5312916184,
2607706,곡전재,전남광주통합특별시 구례군 토지면 곡전재길 15-2,,숙박,숙박,펜션/민박,한옥스테이,38,구례군,35.2035703599,127.51390358,
3511367,골드마운틴하우스 (유한회사진도휴식),전남광주통합특별시 진도군 고군면 원포길 226,,숙박,숙박,펜션/민박,펜션,38,진도군,34.4817629973,126.3770576294,
2912078,골목집,전남광주통합특별시 여수시 어항로 23-1,http://tong.visitkorea.or.kr/cms/resource/72/2912072_image2_1.jpg,음식점,음식,한식,관광식당,38,여수시,34.7321658039,127.7209502469,
1874783,공룡의 시대를 찾아 떠나는 모험,,,여행코스,추천코스,가족코스,가족코스,38,여수시,34.7418705464,127.7367486187,
132059,"공산장 (1, 6일)",전남광주통합특별시 나주시 공산면 공산로 120 (공산면),http://tong.visitkorea.or.kr/cms/resource/64/1971564_image2_1.jpg,쇼핑,쇼핑,시장,비상설시장,38,나주시,34.9429566034,126.6091093957,
2782693,과역기사님식당,전남광주통합특별시 고흥군 과역면 고흥로 2959-3,http://tong.visitkorea.or.kr/cms/resource/59/2788459_image2_1.jpg,음식점,음식,한식,관광식당,38,고흥군,34.6771324585,127.3611414598,
132054,과역시장,전남광주통합특별시 고흥군 과역면 시장안길 15,http://tong.visitkorea.or.kr/cms/resource/15/3518715_image2_1.jpg,쇼핑,쇼핑,시장,비상설시장,38,고흥군,34.6794572169,127.3622690801,
127549,관매도,전남광주통합특별시 진도군 조도면 관매도길 71,http://tong.visitkorea.or.kr/cms/resource/31/2824531_image2_1.jpg,관광지,자연관광,자연경관(하천‧해양),섬,38,진도군,34.2411375211,126.0520835135,
2856320,관산식당,전남광주통합특별시 고흥군 고흥로 1896,http://tong.visitkorea.or.kr/cms/resource/91/2832491_image2_1.JPG,음식점,음식,한식,관광식당,38,고흥군,34.6177074041,127.2931155634,
128082,관음사(곡성),전남광주통합특별시 곡성군 오산면 성덕관음길 453,http://tong.visitkorea.or.kr/cms/resource/23/3533523_image2_1.jpg,관광지,역사관광,종교성지,불교,38,곡성군,35.2147380918,127.1653257044,
2614769,광석대 (무등산권 국가지질공원),전남광주통합특별시 화순군 이서면 영평리 산88-1,http://tong.visitkorea.or.kr/cms/resource/64/2614764_image2_1.bmp,관광지,자연관광,자연생태,기암괴석,38,화순군,35.1204378371,127.0148136008,
2733425,광양 김시식지,전남광주통합특별시 광양시 김시식지1길 57-6,http://tong.visitkorea.or.kr/cms/resource/80/3552380_image2_1.JPG,관광지,역사관광,역사유적지,사당,38,광양시,34.9469144817,127.7516948472,
126669,광양 매화마을,전남광주통합특별시 광양시 다압면 목길 34-2,http://tong.visitkorea.or.kr/cms/resource/19/3546319_image2_1.jpg,관광지,체험관광,농.산.어촌 체험,체험마을,38,광양시,35.0785796984,127.7205191898,
2891272,광양 소낭구,전남광주통합특별시 광양시 광양읍 서평로 40,http://tong.visitkorea.or.kr/cms/resource/69/2891269_image2_1.JPG,음식점,음식,한식,관광식당,38,광양시,34.9777052168,127.577306578,
2733394,광양 역사문화관,전남광주통합특별시 광양시 광양읍 매천로 829,,문화시설,문화관광,전시시설,전시관,38,광양시,34.9758111359,127.5860086407,
126667,광양 옥룡사 동백나무 숲,전남광주통합특별시 광양시 옥룡면 운암길 83,http://tong.visitkorea.or.kr/cms/resource/62/2833462_image2_1.jpg,관광지,자연관광,자연경관(산),숲,38,광양시,35.0461202998,127.6092270226,
1346871,광양 형제 의병장마을,전남광주통합특별시 광양시 봉강면 신촌길 21-6,http://tong.visitkorea.or.kr/cms/resource/97/3534097_image2_1.jpg,관광지,체험관광,농.산.어촌 체험,체험마을,38,광양시,35.0586597443,127.5624280359,
1976858,"광양5일장 (1, 6일)",전남광주통합특별시 광양시 광양읍 백운로 3,http://tong.visitkorea.or.kr/cms/resource/08/3050908_image2_1.jpg,쇼핑,쇼핑,시장,비상설시장,38,광양시,34.9711478468,127.5903972633,
2782651,광양매화문화관,전남광주통합특별시 광양시 다압면 지막1길 21,http://tong.visitkorea.or.kr/cms/resource/04/3345104_image2_1.JPG,문화시설,문화관광,전시시설,전시관,38,광양시,35.0767465293,127.7181222254,
129987,광양문화원,전남광주통합특별시 광양시 광양읍 매천로 829,http://tong.visitkorea.or.kr/cms/resource/45/2515545_image2_1.jpg,문화시설,문화관광,교육시설,한국문화원,38,광양시,34.975866687,127.5861308504,
2915925,광양불고기특화거리,전남광주통합특별시 광양시 서천1길 44,http://tong.visitkorea.or.kr/cms/resource/98/2915898_image2_1.JPG,관광지,문화관광,도시.지역문화관광,"골목길, 문화거리",38,광양시,34.9696061572,127.579084407,
130205,광양시문화예술회관,전남광주통합특별시 광양시 광양읍 향교길 9-30,http://tong.visitkorea.or.kr/cms/resource/90/3587190_image2_1.jpg,문화시설,문화관광,공연시설,공연장,38,광양시,34.9799634742,127.5875972838,
2732668,광양예술창고,전남광주통합특별시 광양시 광양읍 순광로 664,http://tong.visitkorea.or.kr/cms/resource/00/3552400_image2_1.JPG,문화시설,문화관광,전시시설,전시관,38,광양시,34.9682620238,127.588325297,
2891325,광양정,전남광주통합특별시 광양시 발섬4길 17-12 (중동),http://tong.visitkorea.or.kr/cms/resource/19/2891319_image2_1.JPG,음식점,음식,한식,관광식당,38,광양시,34.9347760687,127.7007440694,
1624171,광양향교,전남광주통합특별시 광양시 광양읍 향교길 67,http://tong.visitkorea.or.kr/cms/resource/33/3345033_image2_1.JPG,관광지,역사관광,역사유적지,사당,38,광양시,34.9824437602,127.5881193966,
1624251,구고사 및 김완장군부조묘,전남광주통합특별시 영암군 서호면 화소길 20,http://tong.visitkorea.or.kr/cms/resource/29/3553929_image2_1.jpg,관광지,역사관광,역사유적지,"고분, 능",38,영암군,34.7341494785,126.6042287984,
126632,구례 관광특구,전남광주통합특별시 구례군 마산면 화엄사로 539,http://tong.visitkorea.or.kr/cms/resource/04/3016504_image2_1.jpg,관광지,문화관광,복합관광시설,관광단지,38,구례군,35.2573140182,127.4977425065,
1624185,구례 석주관성,전남광주통합특별시 구례군 토지면 섬진강대로 4638-8,http://tong.visitkorea.or.kr/cms/resource/93/3529993_image2_1.jpg,관광지,역사관광,역사유적지,성ㆍ산성ㆍ성곽,38,구례군,35.1973691857,127.5659574898,
2795244,구례목재문화체험장,전남광주통합특별시 구례군 간전면 효곡리 366-1,http://tong.visitkorea.or.kr/cms/resource/18/3378118_image2_1.JPG,관광지,체험관광,기타체험,기타체험관광,38,구례군,35.1391836349,127.5406334397,
3001143,구례수목원,전남광주통합특별시 구례군 산동면 탑동1길 125,,관광지,자연관광,자연공원,수목원ㆍ정원,38,구례군,35.3035190904,127.4502982755,
2794637,구례예술인마을,전남광주통합특별시 구례군 광의면 예술인길 46,http://tong.visitkorea.or.kr/cms/resource/26/3570826_image2_1.jpg,관광지,역사관광,역사유적지,민속마을,38,구례군,35.2751750445,127.4489380158,
1954835,구례향교,전남광주통합특별시 구례군 구례읍 향교길 36,http://tong.visitkorea.or.kr/cms/resource/36/3570836_image2_1.jpg,관광지,역사관광,역사유적지,사당,38,구례군,35.2011390447,127.4542588971,
130559,구례향제줄풍류전수관,전남광주통합특별시 구례군 구례읍 봉성산길 16,http://tong.visitkorea.or.kr/cms/resource/67/3587367_image2_1.jpg,문화시설,문화관광,교육시설,문화전수시설,38,구례군,35.2084078164,127.4627690718,
2668091,구림전통한옥민박,전남광주통합특별시 영암군 군서면 죽정서원길 5-42,,숙박,숙박,펜션/민박,한옥스테이,38,영암군,34.7635103514,126.6215098969,
2793267,구만마을,전남광주통합특별시 구례군 토지면 구산리,http://tong.visitkorea.or.kr/cms/resource/14/3550714_image2_1.jpg,관광지,문화관광,도시.지역문화관광,마을관광지,38,구례군,35.199918249,127.528599602,
2864685,구백가든,전남광주통합특별시 화순군 천태로 1020,http://tong.visitkorea.or.kr/cms/resource/72/2864672_image2_1.jpg,음식점,음식,한식,관광식당,38,화순군,34.9837706346,126.8930055435,
2654617,구봉산 전망대,전남광주통합특별시 광양시 구봉산전망대길 155,http://tong.visitkorea.or.kr/cms/resource/61/3534661_image2_1.jpg,관광지,문화관광,랜드마크관광,타워 / 전망대,38,광양시,34.9365220881,127.6427324447,
1624203,구암사(진도),전남광주통합특별시 진도군 임회면 상만길 58,http://tong.visitkorea.or.kr/cms/resource/96/3557796_image2_1.jpg,관광지,역사관광,종교성지,불교,38,진도군,34.383851899,126.2140520582,
2758162,구지가,전남광주통합특별시 화순군 화순읍 지강로 650,http://tong.visitkorea.or.kr/cms/resource/87/2790987_image2_1.JPG,음식점,음식,한식,관광식당,38,화순군,35.0506855423,126.9065721266,
2931216,국동칼국수,전남광주통합특별시 여수시 신월로 578-1 (신월동),http://tong.visitkorea.or.kr/cms/resource/12/2931212_image2_1.jpg,음식점,음식,한식,관광식당,38,여수시,34.7251386293,127.7103235767,
2783148,국동항,전남광주통합특별시 여수시 어항단지로 116 (국동),http://tong.visitkorea.or.kr/cms/resource/90/3521490_image2_1.jpg,관광지,자연관광,자연경관(하천‧해양),항구/포구,38,여수시,34.7263609059,127.7213781344,
125419,국립 천관산자연휴양림,전남광주통합특별시 장흥군 관산읍 칠관로 842-1150,http://tong.visitkorea.or.kr/cms/resource/42/2704942_image2_1.jpg,관광지,자연관광,자연공원,자연휴양림,38,장흥군,34.5451339297,126.8998851572,
3106682,국립곡성치유의숲,전남광주통합특별시 곡성군 곡성읍 청계동로 519,http://tong.visitkorea.or.kr/cms/resource/89/3106189_image2_1.jpg,관광지,자연관광,자연경관(산),숲,38,곡성군,35.3109286587,127.2487519917,
2754972,국립진도자연휴양림,전남광주통합특별시 진도군 임회면 동령개길 1-92,http://tong.visitkorea.or.kr/cms/resource/90/3592490_image2_1.jpg,관광지,자연관광,자연공원,자연휴양림,38,진도군,34.3575710683,126.186446769,
2739374,국립천관산자연휴양림캠핑장,전남광주통합특별시 장흥군 관산읍 칠관로 842-1150,http://tong.visitkorea.or.kr/cms/resource/45/2739945_image2_1.jpg,레포츠,숙박,캠핑,일반야영장,38,장흥군,34.5453505689,126.8996796143,
2673827,국립청소년우주센터,전남광주통합특별시 고흥군 동일면 덕흥양쪽길 200,http://tong.visitkorea.or.kr/cms/resource/82/2672682_image2_1.jpg,관광지,체험관광,산업관광,기타산업관광지,38,고흥군,34.5330143031,127.4682745639,
129896,국립해양유산연구소,전남광주통합특별시 목포시 남농로 136,http://tong.visitkorea.or.kr/cms/resource/10/3533710_image2_1.jpg,문화시설,문화관광,전시시설,전시관,38,목포시,34.791834429,126.421687956,
1957353,군자서원,전남광주통합특별시 강진군 작천면 행정길 65-1,http://tong.visitkorea.or.kr/cms/resource/36/3381536_image2_1.JPG,관광지,역사관광,역사유적지,사당,38,강진군,34.7176454948,126.7548381545,
250351,군지촌정사,전남광주통합특별시 곡성군 입면 청계동로 908-4,http://tong.visitkorea.or.kr/cms/resource/59/3530059_image2_1.jpg,관광지,역사관광,역사유적지,사당,38,곡성군,35.3221269195,127.2212291373,
1885567,굴비의 참맛을 느껴보는 여행,,http://tong.visitkorea.or.kr/cms/resource/58/195158_image2_1.jpg,여행코스,추천코스,힐링코스,힐링코스,38,영광군,35.3607816351,126.445321954,
2727342,굴전여가캠핑장,전남광주통합특별시 여수시 돌산읍 돌산로 3017-15,http://tong.visitkorea.or.kr/cms/resource/36/2727636_image2_1.jpg,레포츠,숙박,캠핑,일반야영장,38,여수시,34.6924349035,127.7650168484,
1373338,궁전회관,전남광주통합특별시 곡성군 곡성읍 중앙로 54,,음식점,음식,한식,관광식당,38,곡성군,35.2782747162,127.2895047838,
705052,귀족호도박물관,전남광주통합특별시 장흥군 장흥읍 남부관광로 56-90,http://tong.visitkorea.or.kr/cms/resource/74/693174_image2_1.jpg,문화시설,문화관광,전시시설,박물관,38,장흥군,34.6750057964,126.919096969,
3090707,규남박물관,전남광주통합특별시 화순군 이서면 백아로 3109,http://tong.visitkorea.or.kr/cms/resource/92/3090692_image2_1.jpg,문화시설,문화관광,전시시설,박물관,38,화순군,35.1101984314,127.0799247775,
127347,규봉암(화순),전남광주통합특별시 화순군 이서면 도원길 40-28,http://tong.visitkorea.or.kr/cms/resource/01/3535101_image2_1.jpg,관광지,역사관광,종교성지,불교,38,화순군,35.1182131113,127.0161718701,
2794951,그냥경양식 (그냥),전남광주통합특별시 진도군 진도읍 철마길 3-8,http://tong.visitkorea.or.kr/cms/resource/40/2798040_image2_1.JPG,음식점,음식,한식,관광식당,38,진도군,34.4843580927,126.2637453237,
134971,그린식당,전남광주통합특별시 영암군 학산면 독천로 171-1,,음식점,음식,한식,관광식당,38,영암군,34.7254443051,126.5680072023,
2737326,글램킹 글램핑,전남광주통합특별시 함평군 함평읍 장년길 40,http://tong.visitkorea.or.kr/cms/resource/73/3562073_image2_1.jpg,레포츠,숙박,캠핑,글램핑장,38,함평군,35.0942317798,126.4768840574,
3010680,글로리비치해수찜,전남광주통합특별시 영광군 백수읍 해안로 950,http://tong.visitkorea.or.kr/cms/resource/53/3010653_image2_1.jpg,관광지,체험관광,웰니스관광,찜질방,38,영광군,35.352876042,126.3891410344,
126274,금갑해변,전남광주통합특별시 진도군 의신면 금갑길 206-6,http://tong.visitkorea.or.kr/cms/resource/23/3381323_image2_1.JPG,관광지,자연관광,자연경관(하천‧해양),해변. 해수욕장,38,진도군,34.3957932468,126.2773517639,
1624144,금강사(강진),전남광주통합특별시 강진군 강진읍 효자길 38-24,http://tong.visitkorea.or.kr/cms/resource/17/3558417_image2_1.jpg,관광지,역사관광,역사유적지,사당,38,강진군,34.6148484054,126.7367672404,
298106,금곡사(강진),전남광주통합특별시 강진군 군동면 까치내로 261-21,http://tong.visitkorea.or.kr/cms/resource/90/3558390_image2_1.jpg,관광지,역사관광,종교성지,불교,38,강진군,34.6660877777,126.7777790571,
2990185,금곡영화마을,전남광주통합특별시 장성군 영화마을길 254-7 종합복지센타,http://tong.visitkorea.or.kr/cms/resource/33/3017733_image2_1.jpg,관광지,체험관광,기타체험,기타체험관광,38,장성군,35.3952103506,126.7341759844,
1916699,금곡해수욕장,전남광주통합특별시 완도군 생일면 금곡리,http://tong.visitkorea.or.kr/cms/resource/10/2516110_image2_1.jpg,관광지,자연관광,자연경관(하천‧해양),해변. 해수욕장,38,완도군,34.3121999203,126.9625658558,
126305,금당도,전남광주통합특별시 완도군 금당면 금당로 50-1,http://tong.visitkorea.or.kr/cms/resource/15/3591615_image2_1.jpg,관광지,자연관광,자연경관(하천‧해양),섬,38,완도군,34.4298941316,127.0712007218,
2877605,금동숯불구이식육식당,전남광주통합특별시 영암군 고분로 1014,http://tong.visitkorea.or.kr/cms/resource/94/2877594_image2_1.JPG,음식점,음식,한식,관광식당,38,영암군,34.9345780496,126.6727067608,
2858600,금빈회관,전남광주통합특별시 순천시 장명4길 8 금빈회관,http://tong.visitkorea.or.kr/cms/resource/96/2858596_image2_1.jpg,음식점,음식,한식,관광식당,38,순천시,34.9515621674,127.4879845327,
1957355,금산원,전남광주통합특별시 강진군 군동면 동관덕길 81,http://tong.visitkorea.or.kr/cms/resource/43/3381543_image2_1.JPG,관광지,역사관광,역사유적지,사당,38,강진군,34.6212433077,126.8076941835,
2906793,금성냉면,전남광주통합특별시 목포시 옥암로 109,http://tong.visitkorea.or.kr/cms/resource/83/2906783_image2_1.gif,음식점,음식,한식,관광식당,38,목포시,34.8087186993,126.4253733342,
2760948,금성산생태숲,전남광주통합특별시 나주시 노안면 금안2길 207-161,http://tong.visitkorea.or.kr/cms/resource/23/3534123_image2_1.jpg,관광지,자연관광,자연공원,생태관광지,38,나주시,35.0632861324,126.6954376937,
129414,금오도,전남광주통합특별시 여수시 남면,http://tong.visitkorea.or.kr/cms/resource/74/3572074_image2_1.jpg,관광지,자연관광,자연경관(하천‧해양),섬,38,여수시,34.5225925094,127.7494836083,
2483594,금오도 비렁길,전남광주통합특별시 여수시 남면 용머리길,http://tong.visitkorea.or.kr/cms/resource/62/3015562_image2_1.jpg,레포츠,레저스포츠,육상레저스포츠,기타육상레저스포츠,38,여수시,34.5371985513,127.7111643607,
2743206,금오도보금자리펜션,전남광주통합특별시 여수시 남면 금오로 1139,http://tong.visitkorea.or.kr/cms/resource/13/2743513_image2_1.jpg,레포츠,숙박,캠핑,일반야영장,38,여수시,34.5047839401,127.7815868132,
2723794,금장해수욕장,전남광주통합특별시 고흥군 금산면 어전리,http://tong.visitkorea.or.kr/cms/resource/40/3542840_image2_1.jpg,관광지,자연관광,자연경관(하천‧해양),해변. 해수욕장,38,고흥군,34.4348229162,127.1642591248,
3533113,금천재,전남광주통합특별시 나주시 금천면 금영로 954-14,,숙박,숙박,펜션/민박,한옥스테이,38,나주시,35.0326989172,126.7551803905,
129185,금호리조트 화순아쿠아나,전남광주통합특별시 화순군 북면 옥리길 14-21,http://tong.visitkorea.or.kr/cms/resource/31/3397831_image2_1.JPG,관광지,체험관광,웰니스관광,온천 / 사우나 / 스파,38,화순군,35.1637952347,127.0841702727,
2784734,기차마을레일바이크,전남광주통합특별시 곡성군 오곡면 기차마을로 232,http://tong.visitkorea.or.kr/cms/resource/88/2789588_image2_1.jpg,레포츠,레저스포츠,육상레저스포츠,기타육상레저스포츠,38,곡성군,35.2776556637,127.3082114814,
2877628,기찬메밀국수 영암농협본점,전남광주통합특별시 영암군 영암로 1588 기찬장터  2층,http://tong.visitkorea.or.kr/cms/resource/16/2877616_image2_1.JPG,음식점,음식,한식,관광식당,38,영암군,34.7958247398,126.7034157786,
3533119,기찬빌리지,전남광주통합특별시 영암군 영암읍 기찬랜드로 41,,숙박,숙박,펜션/민박,펜션,38,영암군,34.790475035,126.6849592028,
3102202,기찬재,전남광주통합특별시 영암군 영암읍 기찬랜드로 19-10,,숙박,숙박,펜션/민박,한옥스테이,38,영암군,34.7919693222,126.6856118867,
643844,길상식당,전남광주통합특별시 순천시 승주읍 승암교길 8,,음식점,음식,한식,관광식당,38,순천시,34.9919495925,127.3438545088,
1624224,김남주 생가,전남광주통합특별시 해남군 삼산면 봉학길 98,http://tong.visitkorea.or.kr/cms/resource/69/3562769_image2_1.jpg,관광지,역사관광,역사유적지,생가,38,해남군,34.5407204439,126.5579125337,
1994953,김대중 노벨평화상 기념관,전남광주통합특별시 목포시 삼학로92번길 68,http://tong.visitkorea.or.kr/cms/resource/73/3534373_image2_1.jpg,문화시설,문화관광,전시시설,기념관,38,목포시,34.7828349612,126.3922741039,
126750,김대중 대통령 생가,전남광주통합특별시 신안군 하의면 후광길 255,http://tong.visitkorea.or.kr/cms/resource/97/3558897_image2_1.jpg,관광지,역사관광,역사유적지,생가,38,신안군,34.6312850316,126.0295930844,
3010413,김미영 돌산갓김치,전남광주통합특별시 여수시 돌산읍 향일암로 57,http://tong.visitkorea.or.kr/cms/resource/83/3010383_image2_1.jpg,쇼핑,쇼핑,전문매장/상가,전문상가,38,여수시,34.5939771211,127.8026854999,
319574,김완장군묘소 및 신도비,전남광주통합특별시 영암군 시종면 만수리 386-2,http://tong.visitkorea.or.kr/cms/resource/71/3382071_image2_1.JPG,관광지,역사관광,역사유적지,"고분, 능",38,영암군,34.8688373242,126.6179132069,
2738663,김환기고택,전남광주통합특별시 신안군 안좌면 김환기길 38-1,http://tong.visitkorea.or.kr/cms/resource/72/3558872_image2_1.jpg,관광지,역사관광,역사유적지,고택,38,신안군,34.7528589353,126.1216209659,
2833077,까망감,전남광주통합특별시 담양군 추월산로 900-9,http://tong.visitkorea.or.kr/cms/resource/63/2833063_image2_1.png,음식점,음식,카페/ 찻집,카페,38,담양군,35.3958758993,127.0001051584,
2783335,깨비게장,전남광주통합특별시 여수시 봉산남3길 23-8 (봉산동),http://tong.visitkorea.or.kr/cms/resource/30/2783530_image2_1.jpg,음식점,음식,한식,관광식당,38,여수시,34.733604557,127.7224084162,
2804476,꽃게랑 낙지랑,전남광주통합특별시 무안군 삼향읍 남악리 2421-1,,음식점,음식,한식,관광식당,38,무안군,34.8088361253,126.4724108438,
2519150,꽃과 나무가 반기는 길,,http://tong.visitkorea.or.kr/cms/resource/47/2489347_image2_1.jpg,여행코스,추천코스,힐링코스,힐링코스,38,장흥군,34.7595254511,126.8347356533,
2858408,꽃돌게장1번가,전남광주통합특별시 여수시 봉산2로 36,http://tong.visitkorea.or.kr/cms/resource/95/2858395_image2_1.jpg,음식점,음식,한식,관광식당,38,여수시,34.7330907882,127.7259942263,
1909067,꽃피는 무화家,전남광주통합특별시 신안군 압해읍 압해로 393-2,,음식점,음식,한식,관광식당,38,신안군,34.8412221721,126.3522206828,
2371970,끝은 또 다른 시작 해남發 희망버스!,,http://tong.visitkorea.or.kr/cms/resource/48/1977648_image2_1.jpg,여행코스,추천코스,힐링코스,힐링코스,38,해남군,34.5512564337,126.6225204875,
129576,나대용생가및묘소,전남광주통합특별시 나주시 문평면 오륜길 28-5,http://tong.visitkorea.or.kr/cms/resource/40/3051040_image2_1.jpg,관광지,역사관광,역사유적지,생가,38,나주시,35.0551690164,126.6135145853,
643451,나무포,전남광주통합특별시 목포시 수문로 19-1 (죽동),,음식점,음식,한식,관광식당,38,목포시,34.7918310285,126.3836190964,
2554479,나빌레라 문화센터,전남광주통합특별시 나주시 나주천1길 93 (금성동),http://tong.visitkorea.or.kr/cms/resource/99/3346499_image2_1.JPG,관광지,체험관광,산업관광,기타산업관광지,38,나주시,35.0306512794,126.7165616324,
129242,나산 솟대 장승공원,전남광주통합특별시 함평군 나산면 나산리,http://tong.visitkorea.or.kr/cms/resource/93/3536093_image2_1.jpg,관광지,문화관광,도시공원,주제공원,38,함평군,35.1131597032,126.6144047445,
1185385,나주 구진포 장어거리,전남광주통합특별시 나주시 다시면 가운리,http://tong.visitkorea.or.kr/cms/resource/32/3053432_image2_1.jpg,관광지,문화관광,도시.지역문화관광,"골목길, 문화거리",38,나주시,35.0073365059,126.672360559,
126412,나주 금성관,전남광주통합특별시 나주시 금성관길 8,http://tong.visitkorea.or.kr/cms/resource/03/3533503_image2_1.jpg,관광지,역사관광,역사유적지,고궁,38,나주시,35.0333954147,126.7165671197,
1935351,나주 순교성지,전남광주통합특별시 나주시 박정길 3 (산정동),http://tong.visitkorea.or.kr/cms/resource/57/3562457_image2_1.jpg,관광지,역사관광,종교성지,기독교,38,나주시,35.0362950699,126.7155393611,
129124,나주 영모정,전남광주통합특별시 나주시 다시면 회진길 14-22,http://tong.visitkorea.or.kr/cms/resource/13/3534113_image2_1.jpg,관광지,역사관광,역사유적지,기타역사유적지,38,나주시,34.9979597191,126.6683222576,
128317,나주 이슬촌마을,전남광주통합특별시 나주시 노안면 이슬촌길 119,http://tong.visitkorea.or.kr/cms/resource/73/3534173_image2_1.jpg,관광지,체험관광,농.산.어촌 체험,체험마을,38,나주시,35.1030646496,126.6759912088,
129581,나주 철천리 마애칠불상과 석조여래입상,전남광주통합특별시 나주시 봉황면,http://tong.visitkorea.or.kr/cms/resource/82/3590182_image2_1.jpg,관광지,역사관광,역사유물,불상,38,나주시,34.9377656085,126.7810776698,
1976875,나주목사고을시장,전남광주통합특별시 나주시 청동길 14 (삼도동),http://tong.visitkorea.or.kr/cms/resource/84/3548284_image2_1.jpg,쇼핑,쇼핑,시장,상설시장,38,나주시,35.0370340097,126.7235497464,
129986,나주문화원,전남광주통합특별시 나주시 시청길 22 (송월동),http://tong.visitkorea.or.kr/cms/resource/88/3590188_image2_1.jpg,문화시설,문화관광,교육시설,한국문화원,38,나주시,35.0159556319,126.711576325,
2765253,나주은행나무수목원,전남광주통합특별시 나주시 남평읍 동촌로 236-42,http://tong.visitkorea.or.kr/cms/resource/50/3570850_image2_1.jpg,관광지,자연관광,자연공원,수목원ㆍ정원,38,나주시,35.0518681087,126.8689809723,
2783012,나주철도공원,전남광주통합특별시 나주시 삼영동 174-1,http://tong.visitkorea.or.kr/cms/resource/36/2796536_image2_1.jpg,관광지,문화관광,도시공원,시민공원,38,나주시,35.005237329,126.7075130592,
126327,나주호,전남광주통합특별시 나주시 다도면 나주호로 558-314,http://tong.visitkorea.or.kr/cms/resource/86/3060686_image2_1.jpg,관광지,자연관광,자연경관(하천‧해양),호수,38,나주시,34.9481381862,126.8720749405,
2752374,나진피서지,전남광주통합특별시 여수시 화양면 나진리,,레포츠,숙박,캠핑,일반야영장,38,여수시,34.702136794,127.6157185442,
2866795,나폴리횟집,전남광주통합특별시 여수시 진두해안길 68,http://tong.visitkorea.or.kr/cms/resource/86/2866786_image2_1.jpg,음식점,음식,한식,관광식당,38,여수시,34.7331188507,127.7426455476,
2393466,나홀로 천천히 떠나는 여행,,http://tong.visitkorea.or.kr/cms/resource/73/1607973_image2_1.jpg,여행코스,추천코스,나홀로코스,나홀로코스,38,영암군,34.7616022092,126.6200989565,
2748404,낙안돌탑공원,전남광주통합특별시 순천시 낙안면 민속마을길 1697,http://tong.visitkorea.or.kr/cms/resource/59/3372659_image2_1.JPG,관광지,문화관광,도시공원,시민공원,38,순천시,34.9069591901,127.3462203378,
2616195,낙죽장도 전시관,전남광주통합특별시 곡성군 목사동면 공북길 11-19,,문화시설,문화관광,전시시설,전시관,38,곡성군,35.1250971166,127.2639609458,
1957357,남강서원(강진),전남광주통합특별시 강진군 강진읍 향교로 128-2,http://tong.visitkorea.or.kr/cms/resource/49/3381549_image2_1.JPG,관광지,역사관광,역사유적지,사당,38,강진군,34.6497006546,126.7733187363,
2843984,남경회관,전남광주통합특별시 목포시 하당로68번길 24,http://tong.visitkorea.or.kr/cms/resource/80/2843980_image2_1.jpg,음식점,음식,한식,관광식당,38,목포시,34.7998585093,126.4207128487,
2858584,남녘들밥상,전남광주통합특별시 순천시 하풍동길 21 오션팰리스,http://tong.visitkorea.or.kr/cms/resource/74/2858574_image2_1.jpg,음식점,음식,한식,관광식당,38,순천시,34.9404442971,127.5068137172,
2717546,남도상회,전남광주통합특별시 광양시 눈소9길 55 (마동),http://tong.visitkorea.or.kr/cms/resource/36/3548136_image2_1.jpg,쇼핑,쇼핑,전문매장/상가,관광기념품/특산물판매점,38,광양시,34.9464750697,127.7187894096,
3012429,남도영화제 시즌2 광양,전남광주통합특별시 광양시 중마중앙로 99 (중동),http://tong.visitkorea.or.kr/cms/resource/59/3536359_image2_1.jpg,축제공연행사,축제/공연/행사,공연,영화,38,광양시,34.9390810874,127.6976497858,061-727-2272
2738652,남도예담,전남광주통합특별시 담양군 월산면 담장로 143,http://tong.visitkorea.or.kr/cms/resource/32/2740532_image2_1.jpg,음식점,음식,한식,관광식당,38,담양군,35.335323771,126.9620600665,
2434014,남도의 풍류에 젖어드는 진도 의신사천마을 (웰촌),,http://tong.visitkorea.or.kr/cms/resource/11/195911_image2_1.jpg,여행코스,추천코스,가족코스,가족코스,38,진도군,34.5160973992,126.3380074769,
895327,남도한옥민박마을,전남광주통합특별시 해남군 삼산면 민박촌길 44,http://tong.visitkorea.or.kr/cms/resource/63/3563063_image2_1.jpg,관광지,역사관광,역사유적지,민속마을,38,해남군,34.5093191952,126.6057535234,
127355,남산공원(화순),전남광주통합특별시 화순군 화순읍 진각로 93,http://tong.visitkorea.or.kr/cms/resource/24/3583424_image2_1.jpg,관광지,문화관광,도시공원,주제공원,38,화순군,35.0597969506,126.9850344169,
2787507,남산마을,전남광주통합특별시 구례군 토지면 내서리,http://tong.visitkorea.or.kr/cms/resource/07/2790307_image2_1.jpg,관광지,체험관광,농.산.어촌 체험,체험마을,38,구례군,35.2395395599,127.5733168629,
2621257,남성각,전남광주통합특별시 목포시 보리마당로50번길 2 (서산동),,숙박,숙박,호스텔,게스트하우스,38,목포시,34.7836457461,126.3779531268,
2765259,남악수변공원,전남광주통합특별시 무안군 삼향읍 남악리 2621,http://tong.visitkorea.or.kr/cms/resource/75/3535675_image2_1.jpg,관광지,문화관광,도시공원,주제공원,38,무안군,34.801031276,126.4619147372,
2758168,남악시장,전남광주통합특별시 무안군 삼향읍 남악5로52번길 13-7,http://tong.visitkorea.or.kr/cms/resource/61/3535461_image2_1.jpg,쇼핑,쇼핑,시장,상설시장,38,무안군,34.8103692926,126.4728107716,
129097,남열마을,전남광주통합특별시 고흥군 영남면 남열메뚝길 24,http://tong.visitkorea.or.kr/cms/resource/71/3522071_image2_1.jpg,관광지,문화관광,도시.지역문화관광,마을관광지,38,고흥군,34.5807063924,127.4800501242,
2916014,남원식당,전남광주통합특별시 여수시 관문2길 5,http://tong.visitkorea.or.kr/cms/resource/12/2916012_image2_1.jpeg,음식점,음식,한식,관광식당,38,여수시,34.7426205398,127.7412009877,
2866813,남진이네게장갈치명가,전남광주통합특별시 여수시 봉산1로 49,http://tong.visitkorea.or.kr/cms/resource/08/2866808_image2_1.jpg,음식점,음식,한식,관광식당,38,여수시,34.7354988168,127.7239971179,
126261,남창계곡,전남광주통합특별시 장성군 북하면 남창로,http://tong.visitkorea.or.kr/cms/resource/18/3347418_image2_1.JPG,관광지,자연관광,자연경관(산),계곡,38,장성군,35.4590965811,126.8408732314,
2891524,남창농원,전남광주통합특별시 장성군 남창로 340-22,http://tong.visitkorea.or.kr/cms/resource/16/2891516_image2_1.jpg,음식점,음식,한식,관광식당,38,장성군,35.4529056961,126.8455590832,
132092,"남창장 (2, 7일)",전남광주통합특별시 해남군 북평면 달량진길 52-10,,쇼핑,쇼핑,시장,비상설시장,38,해남군,34.4042535393,126.6270624955,
132167,"남평장 (1, 6일)",전남광주통합특별시 나주시 남평읍 지석로 21,,쇼핑,쇼핑,시장,비상설시장,38,나주시,35.0456544424,126.8405197515,
2924927,남평한우촌,전남광주통합특별시 나주시 남평1로 82-10,http://tong.visitkorea.or.kr/cms/resource/15/2924915_image2_1.JPG,음식점,음식,한식,관광식당,38,나주시,35.0473599145,126.8470135803,
404077,남평할매집,전남광주통합특별시 나주시 금성관길 2 (중앙동),,음식점,음식,한식,관광식당,38,나주시,35.0318928143,126.7170337822,
130913,남포미술관,전남광주통합특별시 고흥군 영남면 팔영로 1081,http://tong.visitkorea.or.kr/cms/resource/24/3552724_image2_1.jpg,문화시설,문화관광,전시시설,미술관/화랑,38,고흥군,34.6037034299,127.4572293239,
742859,남희정,전남광주통합특별시 담양군 담양읍 남촌길 91-1,http://tong.visitkorea.or.kr/cms/resource/68/3564268_image2_1.jpg,관광지,역사관광,역사유적지,기타역사유적지,38,담양군,35.3125545775,126.9886499554,
2657135,낭도대교(여수),전남광주통합특별시 여수시 화정면,http://tong.visitkorea.or.kr/cms/resource/47/3372847_image2_1.JPG,관광지,문화관광,랜드마크관광,다리 / 대교,38,여수시,34.6253580492,127.5441822888,
2909143,낭도야영장,전남광주통합특별시 여수시 화정면 여산길 150,http://tong.visitkorea.or.kr/cms/resource/33/2909133_image2_1.JPG,레포츠,숙박,캠핑,일반야영장,38,여수시,34.6005580012,127.541547029,
2752382,낭도항,전남광주통합특별시 여수시 화정면 여산길 88,http://tong.visitkorea.or.kr/cms/resource/23/3373423_image2_1.JPG,관광지,자연관광,자연경관(하천‧해양),항구/포구,38,여수시,34.6051602167,127.5387971543,
2931111,낭도해변,전남광주통합특별시 여수시 화정면 낭도리 573-4,http://tong.visitkorea.or.kr/cms/resource/96/2931096_image2_1.jpg,관광지,자연관광,자연경관(하천‧해양),해변. 해수욕장,38,여수시,34.5995692084,127.5407221256,
2866830,낭만24포차,전남광주통합특별시 여수시 하멜로 78,http://tong.visitkorea.or.kr/cms/resource/25/2866825_image2_1.jpg,음식점,음식,한식,관광식당,38,여수시,34.7377434091,127.747033935,
2697633,낭만밤바다호스텔(낭만밤바다펜션리조트),전남광주통합특별시 여수시 이순신광장로 159 (중앙동),,숙박,숙박,호스텔,게스트하우스,38,여수시,34.7374461216,127.7413455512,
2866853,낭만카페,전남광주통합특별시 여수시 고소5길 11,http://tong.visitkorea.or.kr/cms/resource/44/2866844_image2_1.jpg,음식점,음식,카페/ 찻집,카페,38,여수시,34.738773734,127.7403817135,
2647847,낭만포차거리,전남광주통합특별시 여수시 하멜로 102,http://tong.visitkorea.or.kr/cms/resource/47/3422947_image2_1.png,관광지,문화관광,도시.지역문화관광,"골목길, 문화거리",38,여수시,34.7365852485,127.7495170813,
2732508,낭산김준연선생기념관,전남광주통합특별시 영암군 영암읍 영암로 1498,http://tong.visitkorea.or.kr/cms/resource/09/3379609_image2_1.JPG,문화시설,문화관광,전시시설,기념관,38,영암군,34.7924499783,126.6949360532,
579081,내나로도,전남광주통합특별시 고흥군 고흥읍 (고흥읍),http://tong.visitkorea.or.kr/cms/resource/86/3344686_image2_1.JPG,관광지,자연관광,자연경관(하천‧해양),섬,38,고흥군,34.497168654,127.4885070213,
126415,내산서원,전남광주통합특별시 영광군 불갑면 강항로 101,http://tong.visitkorea.or.kr/cms/resource/65/3379065_image2_1.JPG,관광지,역사관광,역사유적지,사당,38,영광군,35.213185664,126.5172247764,
2787485,내죽마을,전남광주통합특별시 구례군 토지면 오미리,http://tong.visitkorea.or.kr/cms/resource/18/2790318_image2_1.jpg,관광지,체험관광,농.산.어촌 체험,체험마을,38,구례군,35.2068394759,127.5162171811,
2569105,너와 나의 둥지,전남광주통합특별시 강진군 달빛한옥길 42-1,http://tong.visitkorea.or.kr/cms/resource/23/2991323_image2_1.jpg,숙박,숙박,펜션/민박,한옥스테이,38,강진군,34.7410561431,126.7181380382,
1885232,노란 산수유꽃 가득한 포근한 봄여행,,http://tong.visitkorea.or.kr/cms/resource/17/1905517_image2_1.jpg,여행코스,추천코스,도보코스,도보코스,38,구례군,35.3359854716,127.4849693764,
1390976,노력도,전남광주통합특별시 장흥군 회진면 노력도1길 215,http://tong.visitkorea.or.kr/cms/resource/46/3382046_image2_1.JPG,관광지,자연관광,자연경관(하천‧해양),섬,38,장흥군,34.4649217969,126.9663534981,
2784217,노을공원,전남광주통합특별시 목포시 청호로219번길 34-22 (산정동),http://tong.visitkorea.or.kr/cms/resource/59/2798659_image2_1.JPG,관광지,문화관광,도시공원,시민공원,38,목포시,34.8089954695,126.3657758157,
2604371,노을한옥,전남광주통합특별시 순천시 해룡면 와온2길 7,,숙박,숙박,펜션/민박,한옥스테이,38,순천시,34.8511907141,127.5232450962,
1957360,녹동서원(영암),전남광주통합특별시 영암군 영암읍 낭산로 10-41,http://tong.visitkorea.or.kr/cms/resource/64/3382064_image2_1.JPG,관광지,역사관광,역사유적지,사당,38,영암군,34.7920611498,126.6959304189,
2868063,녹양관,전남광주통합특별시 장흥군 장평중앙길 49,,음식점,음식,한식,관광식당,38,장흥군,34.774290018,126.9743952234,
132067,"녹차골보성향토시장 (2, 7일)",전남광주통합특별시 보성군 보성읍 현충로 42-1,http://tong.visitkorea.or.kr/cms/resource/82/3027182_image2_1.jpg,쇼핑,쇼핑,시장,비상설시장,38,보성군,34.7656343875,127.0772586154,
3444571,농가밥상 여미락,전남광주통합특별시 순천시 국가정원1호길 162-11 (풍덕동),http://tong.visitkorea.or.kr/cms/resource/56/3443456_image2_1.jpg,음식점,음식,한식,관광식당,38,순천시,34.9301566321,127.510755299,
2650448,농부네 텃밭도서관,전남광주통합특별시 광양시 진상면 청도길 19,http://tong.visitkorea.or.kr/cms/resource/78/3587178_image2_1.jpg,문화시설,문화관광,교육시설,도서관,38,광양시,35.0144231169,127.7259370363,
2857169,농부애빵 마시쿠만,전남광주통합특별시 신안군 압해로 401,http://tong.visitkorea.or.kr/cms/resource/46/2857146_image2_1.jpg,음식점,음식,간이음식,제과,38,신안군,34.8418443194,126.3519318045,
3354226,농업회사법인주식회사 월출산꽃따리농장,전남광주통합특별시 영암군 미암면 선황로 310-11,http://tong.visitkorea.or.kr/cms/resource/14/3354214_image2_1.jpg,관광지,체험관광,기타체험,기타체험관광,38,영암군,34.7207088684,126.5766204467,
3533133,누스테이 목포,전남광주통합특별시 목포시 보리마당로52번길 9-1 (서산동),,숙박,숙박,호스텔,게스트하우스,38,목포시,34.7839623936,126.3789696961,
2481694,느랭이골 글램핑,전남광주통합특별시 광양시 다압면 토끼재길 119-32,http://tong.visitkorea.or.kr/cms/resource/22/2844622_image2_1.jpg,레포츠,숙박,캠핑,글램핑장,38,광양시,35.0600705098,127.7114232446,
2481652,느랭이골 자연 리조트,전남광주통합특별시 광양시 다압면 토끼재길 119-32 (다압면),,레포츠,숙박,캠핑,글램핑장,38,광양시,35.0600288482,127.7114399102,
2748755,느러지전망관람대,전남광주통합특별시 나주시 동강면 동강로 307-194,http://tong.visitkorea.or.kr/cms/resource/52/3422652_image2_1.jpg,관광지,문화관광,랜드마크관광,타워 / 전망대,38,나주시,34.9151419552,126.541632705,
126372,능가사,전남광주통합특별시 고흥군 점암면 팔봉길 21,http://tong.visitkorea.or.kr/cms/resource/65/3533465_image2_1.jpg,관광지,역사관광,종교성지,불교,38,고흥군,34.6397819854,127.4138961039,
132093,능주전통시장,전남광주통합특별시 화순군 능주면 학포로 1955,http://tong.visitkorea.or.kr/cms/resource/64/3536164_image2_1.jpg,쇼핑,쇼핑,시장,비상설시장,38,화순군,34.990929286,126.959771698,
2840030,다강한정식,전남광주통합특별시 강진군 강진읍 중앙로 193,http://tong.visitkorea.or.kr/cms/resource/23/2840023_image2_1.jpg,음식점,음식,한식,관광식당,38,강진군,34.6418793761,126.7772769115,
2507611,다다한정식,전남광주통합특별시 여수시 여문1로 89,,음식점,음식,한식,관광식당,38,여수시,34.7565516418,127.7024512454,
127799,다도해해상국립공원(고흥),전남광주통합특별시 고흥군 봉래면 신금길 20-5,http://tong.visitkorea.or.kr/cms/resource/55/3581055_image2_1.jpg,관광지,자연관광,자연공원,국립공원,38,고흥군,34.4681465309,127.4670040641,
1364148,다도해회관,전남광주통합특별시 고흥군 봉래면 나로도항길 103-18,,음식점,음식,한식,관광식당,38,고흥군,34.4649800017,127.4543108068,
299975,다보사(나주),전남광주통합특별시 나주시 금성산길 83,http://tong.visitkorea.or.kr/cms/resource/38/3534138_image2_1.jpg,관광지,역사관광,종교성지,불교,38,나주시,35.0472046655,126.6984739338,
2371605,다산박물관,전남광주통합특별시 강진군 도암면 다산로 766-20,http://tong.visitkorea.or.kr/cms/resource/63/3381563_image2_1.JPG,문화시설,문화관광,전시시설,박물관,38,강진군,34.5764473762,126.7499697869,
2515316,다산이 사랑한 쉼터,,,여행코스,추천코스,힐링코스,힐링코스,38,강진군,34.7420418408,126.6999035095,
2932973,다올재,전남광주통합특별시 순천시 금곡길 60   다올재,,숙박,숙박,펜션/민박,한옥스테이,38,순천시,34.9550838683,127.4806934163,
2725051,다올재 협동조합,전남광주통합특별시 순천시 금곡길 60,http://tong.visitkorea.or.kr/cms/resource/80/2819880_image2_1.jpg,관광지,체험관광,기타체험,기타체험관광,38,순천시,34.9552699552,127.4804989851,
2994592,다향농장,전남광주통합특별시 보성군 득량면 공룡로 917,http://tong.visitkorea.or.kr/cms/resource/80/2994580_image2_1.jpg,관광지,체험관광,농.산.어촌 체험,체험농장,38,보성군,34.7154892453,127.196082756,
1985883,다향보성녹돈촌,전남광주통합특별시 보성군 회천면 남부관광로 2320,,음식점,음식,한식,관광식당,38,보성군,34.6703285741,127.0865934832,
1870767,다향소축,전남광주통합특별시 강진군 도암면 다산초당1길 7-5,http://tong.visitkorea.or.kr/cms/resource/43/2575743_image2_1.jpg,숙박,숙박,펜션/민박,한옥스테이,38,강진군,34.578899862,126.7489142648,
2844153,달님이네맛집,전남광주통합특별시 진도군 서문길 8-21 진도청년회의소  1층,http://tong.visitkorea.or.kr/cms/resource/43/2844143_image2_1.jpg,음식점,음식,한식,관광식당,38,진도군,34.4851968838,126.2635119911,
2911432,달마고도,전남광주통합특별시 해남군 송지면 미황사길 164,http://tong.visitkorea.or.kr/cms/resource/81/3591481_image2_1.jpg,관광지,자연관광,기타자연관광,기타자연관광,38,해남군,34.3830967469,126.5764257785,
127385,달마산,전남광주통합특별시 해남군 송지면 미황사길 164,http://tong.visitkorea.or.kr/cms/resource/28/3562028_image2_1.jpg,관광지,자연관광,자연경관(산),"산, 고개, 오름, 봉우리",38,해남군,34.3830967469,126.5764257785,
2783805,달맞이공원,전남광주통합특별시 함평군 월야면 용월리 355-4,http://tong.visitkorea.or.kr/cms/resource/79/3536079_image2_1.jpg,관광지,문화관광,도시공원,시민공원,38,함평군,35.1653928999,126.6270439999,
2734187,달빛담은캠핑장,전남광주통합특별시 보성군 벌교읍 장암길 284-37,http://tong.visitkorea.or.kr/cms/resource/39/3069039_image2_1.jpg,레포츠,숙박,캠핑,일반야영장,38,보성군,34.8028109044,127.4122477195,
2843413,달빛뜨락,전남광주통합특별시 담양군 한수동로 155,http://tong.visitkorea.or.kr/cms/resource/67/2843367_image2_1.JPG,음식점,음식,한식,관광식당,38,담양군,35.2687448379,126.9412719243,
2697421,달빛미소,전남광주통합특별시 강진군 성전면 달빛한옥길 49,,숙박,숙박,호텔,호텔,38,강진군,34.7405256433,126.7179158487,
2706641,달빛미소,전남광주통합특별시 강진군 달빛한옥길 49,http://tong.visitkorea.or.kr/cms/resource/51/2706151_image2_1.jpg,숙박,숙박,펜션/민박,한옥스테이,38,강진군,34.7405200884,126.717926959,
2701356,달빛한옥 수류화개,전남광주통합특별시 강진군 달빛한옥길 5,http://tong.visitkorea.or.kr/cms/resource/65/2808465_image2_1.png,숙박,숙박,펜션/민박,한옥스테이,38,강진군,34.7391480054,126.7170159613,
2570339,달빛한옥민박 별유풍경,전남광주통합특별시 강진군 달빛한옥길 32,http://tong.visitkorea.or.kr/cms/resource/40/2991340_image2_1.jpg,숙박,숙박,펜션/민박,한옥스테이,38,강진군,34.7402229174,126.7189990939,
3532663,담빛채,전남광주통합특별시 목포시 평화로 38-2 (상동),,숙박,숙박,호스텔,게스트하우스,38,목포시,34.794559248,126.4293344374,
841703,담소정,전남광주통합특별시 담양군 고서면 잣정길 133,,음식점,음식,한식,관광식당,38,담양군,35.2015559456,126.9846670013,
128091,담양 개선사지 석등,전남광주통합특별시 담양군 가사문학면 학선리,http://tong.visitkorea.or.kr/cms/resource/29/3346429_image2_1.JPG,관광지,역사관광,종교성지,불교,38,담양군,35.1856132688,126.982742573,
3506515,담양 다미담주 페스티벌 쓰담쓰담 야시장,전남광주통합특별시 담양군 담양읍 담주4길 24-46,http://tong.visitkorea.or.kr/cms/resource/17/3559417_image2_1.jpg,축제공연행사,축제/공연/행사,행사,기타행사,38,담양군,35.3223061188,126.980808736,010-9903-0209
803430,담양 도래수마을,전남광주통합특별시 담양군 용면 분통길 41-1,http://tong.visitkorea.or.kr/cms/resource/32/3378132_image2_1.JPG,관광지,체험관광,농.산.어촌 체험,체험마을,38,담양군,35.4226594756,127.0292907785,
250094,담양 메타세쿼이아길,전남광주통합특별시 담양군 담양읍 메타세쿼이아로 12,http://tong.visitkorea.or.kr/cms/resource/81/3340881_image2_1.jpg,관광지,자연관광,기타자연관광,기타자연관광,38,담양군,35.3238535634,127.0041510748,
228892,담양 명옥헌 원림,전남광주통합특별시 담양군 고서면 후산길 103,http://tong.visitkorea.or.kr/cms/resource/13/3533213_image2_1.jpg,관광지,역사관광,역사유적지,고택,38,담양군,35.2193707987,126.9963905156,
126374,담양 소쇄원,전남광주통합특별시 담양군 가사문학면 소쇄원길 17,http://tong.visitkorea.or.kr/cms/resource/74/3532174_image2_1.jpg,관광지,역사관광,역사유적지,기타역사유적지,38,담양군,35.184377798,127.0121927787,
1623806,담양 송강정,전남광주통합특별시 담양군 고서면 송강정로 232,http://tong.visitkorea.or.kr/cms/resource/58/3568258_image2_1.jpg,관광지,역사관광,역사유적지,기타역사유적지,38,담양군,35.2524302279,126.9538017822,
129363,담양 시목마을,전남광주통합특별시 담양군 대덕면 시목길 29,http://tong.visitkorea.or.kr/cms/resource/34/3562534_image2_1.jpg,관광지,체험관광,농.산.어촌 체험,체험마을,38,담양군,35.2677354409,127.0353497364,
128978,담양 식영정,전남광주통합특별시 담양군 가사문학면 가사문학로 859,http://tong.visitkorea.or.kr/cms/resource/49/3568249_image2_1.jpg,관광지,역사관광,역사유적지,기타역사유적지,38,담양군,35.1886299284,127.002374095,
2013935,담양 용마루길,전남광주통합특별시 담양군 용면 추월산로 735,http://tong.visitkorea.or.kr/cms/resource/28/3582028_image2_1.jpg,레포츠,레저스포츠,육상레저스포츠,기타육상레저스포츠,38,담양군,35.3875211686,126.9930309983,
128953,담양 창평 삼지내마을,전남광주통합특별시 담양군 창평면 돌담길 9-22,http://tong.visitkorea.or.kr/cms/resource/81/3370481_image2_1.jpg,관광지,역사관광,역사유적지,민속마을,38,담양군,35.2380579619,127.0190630391,
2784213,담양곤충박물관,전남광주통합특별시 담양군 담양읍 담양88로 428,,문화시설,문화관광,전시시설,박물관,38,담양군,35.3224481934,127.0057009732,
2524201,담양국수거리,전남광주통합특별시 담양군 담양읍,http://tong.visitkorea.or.kr/cms/resource/40/3534240_image2_1.jpg,관광지,문화관광,도시.지역문화관광,"골목길, 문화거리",38,담양군,35.3239310459,126.9873303395,
2729195,담양금성오토캠핑장,전남광주통합특별시 담양군 금성면 불로리길 135-88,http://tong.visitkorea.or.kr/cms/resource/90/2729490_image2_1.jpg,레포츠,숙박,캠핑,오토캠핑장,38,담양군,35.3658521341,127.0361027336,
715953,담양레이나 CC,전남광주통합특별시 담양군 담양읍 깊은실길 169 (담양읍),,레포츠,레저스포츠,육상레저스포츠,골프,38,담양군,35.3100775539,127.0164836657,
127847,담양리조트 온천,전남광주통합특별시 담양군 금성면 금성산성길 202,http://tong.visitkorea.or.kr/cms/resource/37/3077537_image2_1.jpg,관광지,체험관광,웰니스관광,온천 / 사우나 / 스파,38,담양군,35.3651770098,127.024353791,
129988,담양문화원,전남광주통합특별시 담양군 담양읍 죽향문화로 35,http://tong.visitkorea.or.kr/cms/resource/39/3378139_image2_1.JPG,문화시설,문화관광,교육시설,한국문화원,38,담양군,35.309513061,126.9772427091,
2833131,담양밤부리,전남광주통합특별시 담양군 죽향문화로 403,http://tong.visitkorea.or.kr/cms/resource/10/2833110_image2_1.png,음식점,음식,카페/ 찻집,카페,38,담양군,35.3331800296,126.9890632853,
729774,담양숯불갈비,전남광주통합특별시 목포시 옥암로 65,,음식점,음식,한식,관광식당,38,목포시,34.8051413649,126.4278370925,
1646593,담양습지,전남광주통합특별시 담양군 대전면 응용리 104-2,http://tong.visitkorea.or.kr/cms/resource/57/3027157_image2_1.jpg,관광지,자연관광,자연생태,생태습지,38,담양군,35.2502099612,126.8904463342,
2841784,담양앞집,전남광주통합특별시 담양군 담양읍 죽향문화로 22,http://tong.visitkorea.or.kr/cms/resource/77/2841777_image2_1.JPG,음식점,음식,한식,관광식당,38,담양군,35.3100713593,126.9788897714,
2847519,담양애꽃,전남광주통합특별시 담양군 죽향대로 723 담양애꽃,http://tong.visitkorea.or.kr/cms/resource/14/2847514_image2_1.JPG,음식점,음식,한식,관광식당,38,담양군,35.2730587717,126.9726384833,
2553930,담양우표박물관,전남광주통합특별시 담양군 대전면 대치9길 16,http://tong.visitkorea.or.kr/cms/resource/46/3378146_image2_1.JPG,문화시설,문화관광,전시시설,박물관,38,담양군,35.2766069614,126.8895957452,
2843316,담양제과,전남광주통합특별시 담양군 추성로 1318,http://tong.visitkorea.or.kr/cms/resource/83/2843283_image2_1.JPG,음식점,음식,카페/ 찻집,카페,38,담양군,35.3197369897,126.9822614503,
2760951,담양추억의골목,전남광주통합특별시 담양군 금성면 금성산성길 282-6,http://tong.visitkorea.or.kr/cms/resource/22/3564222_image2_1.jpg,관광지,문화관광,도시.지역문화관광,"골목길, 문화거리",38,담양군,35.3723344523,127.0196012524,
1954936,담양향교,전남광주통합특별시 담양군 담양읍 향교길 19,http://tong.visitkorea.or.kr/cms/resource/53/3378153_image2_1.JPG,관광지,역사관광,역사유적지,사당,38,담양군,35.325841911,126.9855804462,
2726659,담양힐링파크,전남광주통합특별시 담양군 봉산면 탄금길 9-26,http://tong.visitkorea.or.kr/cms/resource/99/2726999_image2_1.jpg,레포츠,숙박,캠핑,일반야영장,38,담양군,35.2714781967,126.9609673343,
2843246,담화,전남광주통합특별시 담양군 면앙정로 368,http://tong.visitkorea.or.kr/cms/resource/44/2843244_image2_1.JPG,음식점,음식,카페/ 찻집,카페,38,담양군,35.282665824,126.9611948092,
2752794,당목항,전남광주통합특별시 완도군 약산면 당목길 135,http://tong.visitkorea.or.kr/cms/resource/45/3380845_image2_1.JPG,관광지,자연관광,자연경관(하천‧해양),항구/포구,38,완도군,34.3782033922,126.9466739884,
126767,당몰샘,전남광주통합특별시 구례군 마산면 장수길 6-1,http://tong.visitkorea.or.kr/cms/resource/54/3547854_image2_1.jpg,관광지,자연관광,자연경관(산),약수터,38,구례군,35.2153215467,127.498593515,
129144,당사도 등대,전남광주통합특별시 완도군 소안면 당사도길 17-239 (소안면),,관광지,문화관광,랜드마크관광,등대,38,완도군,34.0980262416,126.601991381,
2846452,대가,전남광주통합특별시 담양군 가사문학로 619,http://tong.visitkorea.or.kr/cms/resource/45/2846445_image2_1.JPG,음식점,음식,한식,관광식당,38,담양군,35.2023059447,126.9895887696,
2923884,대감게장,전남광주통합특별시 여수시 시청서2길 51-8 (학동),http://tong.visitkorea.or.kr/cms/resource/73/2923873_image2_1.jpg,음식점,음식,한식,관광식당,38,여수시,34.7603449311,127.6602298438,
1373754,대갓집 숯불직화구이,전남광주통합특별시 광양시 광양읍 서천2길 27,,음식점,음식,한식,관광식당,38,광양시,34.9712143412,127.5808758756,
1957385,대계서원,전남광주통합특별시 보성군 보성읍 동암2길 100,http://tong.visitkorea.or.kr/cms/resource/83/3370483_image2_1.JPG,관광지,역사관광,역사유적지,사당,38,보성군,34.753510854,127.0835000335,
126271,대광해수욕장,전남광주통합특별시 신안군 임자면 광산리,http://tong.visitkorea.or.kr/cms/resource/95/3378795_image2_1.JPG,관광지,자연관광,자연경관(하천‧해양),해변. 해수욕장,38,신안군,35.1034268421,126.0701421506,
1186650,대나무 건강나라,전남광주통합특별시 담양군 금성면 원율길 12,http://tong.visitkorea.or.kr/cms/resource/36/3571436_image2_1.jpg,문화시설,문화관광,전시시설,전시관,38,담양군,35.3525118943,127.0312368377,
1885239,대나무 숲에서 즐기는 캠핑여행,,http://tong.visitkorea.or.kr/cms/resource/54/741954_image2_1.jpg,여행코스,추천코스,캠핑코스,캠핑코스,38,담양군,35.3241726495,126.9852360746,
1821856,대대선창집,전남광주통합특별시 순천시 순천만길 542,,음식점,음식,한식,관광식당,38,순천시,34.8895028368,127.5091148087,
2747474,대덕힐링캠핑장,전남광주통합특별시 영광군 법성면 대덕길2길 105,http://tong.visitkorea.or.kr/cms/resource/51/2748151_image2_1.jpg,레포츠,숙박,캠핑,일반야영장,38,영광군,35.3499357301,126.4505884209,
1560396,대둔도,전남광주통합특별시 신안군 흑산면 김이수길 57,http://tong.visitkorea.or.kr/cms/resource/76/1585276_image2_1.jpg,관광지,자연관광,자연경관(하천‧해양),섬,38,신안군,34.7290511565,125.4642575694,
2871756,대복삼계탕,전남광주통합특별시 광양시 시청로 82,http://tong.visitkorea.or.kr/cms/resource/52/2871752_image2_1.JPG,음식점,음식,한식,관광식당,38,광양시,34.9395310901,127.7007133948,
2833099,대사랑 운수대통밥,전남광주통합특별시 담양군 객사4길 38-11,http://tong.visitkorea.or.kr/cms/resource/89/2833089_image2_1.png,음식점,음식,한식,관광식당,38,담양군,35.3238448999,126.9847000192,
2782971,대섬어촌복합체험공원,전남광주통합특별시 해남군 송지면 땅끝해안로 1354-4,http://tong.visitkorea.or.kr/cms/resource/63/3562763_image2_1.jpg,관광지,체험관광,농.산.어촌 체험,체험어장,38,해남군,34.3505189364,126.5211480704,
1369432,대성식당,전남광주통합특별시 여수시 교동남1길 5-9,,음식점,음식,한식,관광식당,38,여수시,34.7397957345,127.7341794519,
2840068,대성회식당,전남광주통합특별시 완도군 해변공원로 59,http://tong.visitkorea.or.kr/cms/resource/64/2840064_image2_1.jpg,음식점,음식,한식,관광식당,38,완도군,34.3189762002,126.7494732391,
2795578,대숲골농원,전남광주통합특별시 순천시 학동길 54 (대룡동),http://tong.visitkorea.or.kr/cms/resource/82/3571182_image2_1.jpg,음식점,음식,한식,관광식당,38,순천시,34.9046761057,127.5075395624,
126612,대원사(보성),전남광주통합특별시 보성군 문덕면 죽산길 506-8,http://tong.visitkorea.or.kr/cms/resource/92/3511592_image2_1.jpg,관광지,역사관광,종교성지,불교,38,보성군,34.9598718326,127.1333599536,
127883,대전해수욕장,전남광주통합특별시 고흥군 두원면 두원로 1306-30,http://tong.visitkorea.or.kr/cms/resource/19/3344719_image2_1.JPG,관광지,자연관광,자연경관(하천‧해양),해변. 해수욕장,38,고흥군,34.7135268715,127.2724761027,
129115,대죽마을,전남광주통합특별시 해남군 송지면 대죽리,http://tong.visitkorea.or.kr/cms/resource/01/3383001_image2_1.JPG,관광지,문화관광,도시.지역문화관광,마을관광지,38,해남군,34.3591737728,126.5364770753,
756327,대초마을,전남광주통합특별시 영광군 백수읍 대신길3길 33-7,http://tong.visitkorea.or.kr/cms/resource/04/3551504_image2_1.jpg,관광지,문화관광,도시.지역문화관광,마을관광지,38,영광군,35.3623029957,126.4038589369,
132061,"대치장 (3, 8일)",전남광주통합특별시 담양군 대전면 대치8길 28-12,http://tong.visitkorea.or.kr/cms/resource/45/3582045_image2_1.jpg,쇼핑,쇼핑,시장,비상설시장,38,담양군,35.2754209258,126.8861071953,
2365380,대한민국 항구1번지 목포로 오시오!,,http://tong.visitkorea.or.kr/cms/resource/48/2014148_image2_1.jpg,여행코스,추천코스,도보코스,도보코스,38,목포시,34.7924363283,126.3721867588,
2674979,대황강 자연휴식공원,전남광주통합특별시 곡성군 석곡면 석곡2길 13,http://tong.visitkorea.or.kr/cms/resource/13/3026913_image2_1.jpg,관광지,자연관광,자연공원,생태관광지,38,곡성군,35.1302574903,127.2549143896,
2791884,대황강 자연휴식체험장 야영장,전남광주통합특별시 곡성군 석곡면 주석로 620-40,http://tong.visitkorea.or.kr/cms/resource/72/2797672_image2_1.JPG,레포츠,숙박,캠핑,일반야영장,38,곡성군,35.1250191954,127.2550922846,
2616177,대황강출렁다리,전남광주통합특별시 곡성군 죽곡면 대황강로 802,http://tong.visitkorea.or.kr/cms/resource/96/3532296_image2_1.jpg,관광지,문화관광,랜드마크관광,다리 / 대교,38,곡성군,35.1491647895,127.318844384,
2732467,더스타오토캠핑장,전남광주통합특별시 여수시 돌산읍 상하동길 268,,레포츠,숙박,캠핑,오토캠핑장,38,여수시,34.7186544685,127.7809842316,
250346,덕양서원(곡성),전남광주통합특별시 곡성군 오곡면 덕양서원길 42,http://tong.visitkorea.or.kr/cms/resource/76/757476_image2_1.jpg,관광지,역사관광,역사유적지,사당,38,곡성군,35.2634267543,127.310461647,
132070,덕양시장,전남광주통합특별시 여수시 소라면 하세동길 12-2,http://tong.visitkorea.or.kr/cms/resource/99/3580299_image2_1.jpg,쇼핑,쇼핑,시장,비상설시장,38,여수시,34.7979985577,127.6320285789,
2923845,덕양은혜곱창 덕양점,전남광주통합특별시 여수시 하세동길 7-1,http://tong.visitkorea.or.kr/cms/resource/26/2923826_image2_1.jpg,음식점,음식,한식,관광식당,38,여수시,34.7980985371,127.6315397303,
842980,덕인관,전남광주통합특별시 담양군 담양읍 죽향대로 1121,,음식점,음식,한식,관광식당,38,담양군,35.3059774057,126.9805369516,
649521,덕인홍어집,전남광주통합특별시 목포시 영산로73번길 1-1,,음식점,음식,한식,관광식당,38,목포시,34.7891480189,126.3849523765,
127932,도곡 원네스 스파·리조트,전남광주통합특별시 화순군 도곡면 온천1길 45 (도곡면),http://tong.visitkorea.or.kr/cms/resource/79/3348379_image2_1.JPG,관광지,체험관광,웰니스관광,온천 / 사우나 / 스파,38,화순군,35.0291490268,126.9033118398,
3102104,도담헌,전남광주통합특별시 순천시 상인제길 35 (인제동) 도담헌,,숙박,숙박,펜션/민박,한옥스테이,38,순천시,34.9454627828,127.4838989351,
2732546,도래마을,전남광주통합특별시 나주시 다도면 동력길 16,http://tong.visitkorea.or.kr/cms/resource/79/3529479_image2_1.jpg,관광지,역사관광,역사유적지,민속마을,38,나주시,34.9984650156,126.8224502959,
2350029,도래미하우스,전남광주통합특별시 나주시 다도면 동력길 18-26,,숙박,숙박,펜션/민박,한옥스테이,38,나주시,34.9975568248,126.8248528839,
126617,도리포,전남광주통합특별시 무안군 해제면,http://tong.visitkorea.or.kr/cms/resource/51/3535751_image2_1.jpg,관광지,자연관광,자연경관(하천‧해양),항구/포구,38,무안군,35.1566586763,126.3464690952,
128083,도림사 계곡,전남광주통합특별시 곡성군 곡성읍 월봉리,http://tong.visitkorea.or.kr/cms/resource/93/1606693_image2_1.jpg,관광지,자연관광,자연경관(산),계곡,38,곡성군,35.2649174154,127.2618631226,
2729316,도림사오토캠핑리조트,전남광주통합특별시 곡성군 곡성읍 도림로 74,http://tong.visitkorea.or.kr/cms/resource/26/2729826_image2_1.JPG,레포츠,숙박,캠핑,오토캠핑장,38,곡성군,35.2621428145,127.2668710843,
128316,도선국사마을,전남광주통합특별시 광양시 옥룡면 상산길 48,http://tong.visitkorea.or.kr/cms/resource/22/3533622_image2_1.jpg,관광지,체험관광,농.산.어촌 체험,체험마을,38,광양시,35.0444479907,127.5933617929,
2778512,도솔암(해남),전남광주통합특별시 해남군 송지면 마봉송종길 355-300,http://tong.visitkorea.or.kr/cms/resource/06/3591506_image2_1.jpg,관광지,역사관광,종교성지,불교,38,해남군,34.353152691,126.5650885954,
2795317,도원경,전남광주통합특별시 순천시 순천만길 309 (대룡동) 1층,http://tong.visitkorea.or.kr/cms/resource/17/2798817_image2_1.JPG,음식점,음식,한식,관광식당,38,순천시,34.9025929499,127.5042954554,
2748348,도원선착장,전남광주통합특별시 무안군 운남면 성내리 328-7,http://tong.visitkorea.or.kr/cms/resource/03/3535703_image2_1.jpg,관광지,자연관광,자연경관(하천‧해양),항구/포구,38,무안군,34.9153941407,126.3385839895,
301267,도장사(해남),전남광주통합특별시 해남군 황산면 내산길 143,http://tong.visitkorea.or.kr/cms/resource/82/3381382_image2_1.JPG,관광지,역사관광,종교성지,불교,38,해남군,34.6098514968,126.3834151379,
130582,도화헌미술관,전남광주통합특별시 고흥군 도화면 땅끝로 860-5,http://tong.visitkorea.or.kr/cms/resource/45/3552745_image2_1.jpg,문화시설,문화관광,전시시설,미술관/화랑,38,고흥군,34.4490462833,127.3266001359,
742556,독상리석등,전남광주통합특별시 화순군 동복면,http://tong.visitkorea.or.kr/cms/resource/24/3347224_image2_1.JPG,관광지,역사관광,역사유물,기타역사유물,38,화순군,35.0708148019,127.1280437461,
2777941,독천골,전남광주통합특별시 목포시 미항로 197 (옥암동),,음식점,음식,한식,관광식당,38,목포시,34.8002198615,126.4378418827,
2924857,독천낙지마당,전남광주통합특별시 영암군 학산면 영산로 15,http://tong.visitkorea.or.kr/cms/resource/46/2924846_image2_1.JPG,음식점,음식,한식,관광식당,38,영암군,34.7253526634,126.568896015,
132073,"독천장(4, 9일)",전남광주통합특별시 영암군 미암면 독천1길 19,http://tong.visitkorea.or.kr/cms/resource/40/1971640_image2_1.jpg,쇼핑,쇼핑,시장,비상설시장,38,영암군,34.7245388526,126.5680822175,
129113,돌머리어촌체험마을,전남광주통합특별시 함평군 주포로 600-29,http://tong.visitkorea.or.kr/cms/resource/28/3080328_image2_1.jpg,관광지,문화관광,도시.지역문화관광,마을관광지,38,함평군,35.0864514985,126.4402986018,
126291,돌머리해수욕장,전남광주통합특별시 함평군 함평읍 주포로 614 (함평읍),http://tong.visitkorea.or.kr/cms/resource/55/3381355_image2_1.JPG,관광지,자연관광,자연경관(하천‧해양),해변. 해수욕장,38,함평군,35.0865542912,126.4419067904,
128313,돌산갓 장터마을,전남광주통합특별시 여수시 돌산읍 향일암로 359 (돌산읍),http://tong.visitkorea.or.kr/cms/resource/37/3027337_image2_1.jpg,관광지,체험관광,농.산.어촌 체험,체험마을,38,여수시,34.6049811875,127.7876948625,
128755,돌산공원,전남광주통합특별시 여수시 돌산읍 우두리 산 1,http://tong.visitkorea.or.kr/cms/resource/54/3534454_image2_1.jpg,관광지,자연관광,자연공원,생태관광지,38,여수시,34.730596892,127.7415234884,
2508502,돌산대교,전남광주통합특별시 여수시 돌산읍 돌산로 3617-7 (돌산읍),http://tong.visitkorea.or.kr/cms/resource/34/3350934_image2_1.jpg,관광지,문화관광,랜드마크관광,다리 / 대교,38,여수시,34.730224635,127.7371127721,
2752547,돌산항,전남광주통합특별시 여수시 돌산읍 망월대길 26,http://tong.visitkorea.or.kr/cms/resource/44/3523344_image2_1.jpg,관광지,자연관광,자연경관(하천‧해양),항구/포구,38,여수시,34.6145456766,127.7235613308,
2877683,돌쇠정 본점,전남광주통합특별시 영암군 삼호읍 녹색로 1538,http://tong.visitkorea.or.kr/cms/resource/75/2877675_image2_1.JPG,음식점,음식,한식,관광식당,38,영암군,34.7332121863,126.5261245962,
2843996,돌집,전남광주통합특별시 목포시 번화로 67,http://tong.visitkorea.or.kr/cms/resource/87/2843987_image2_1.jpg,음식점,음식,한식,관광식당,38,목포시,34.7878009656,126.3859995387,
2748025,돌풀마루,전남광주통합특별시 구례군 산동면 산수유꽃길로 117,http://tong.visitkorea.or.kr/cms/resource/96/2747596_image2_1.jpg,레포츠,숙박,캠핑,일반야영장,38,구례군,35.3286195113,127.4777618694,
2723525,동고리해수욕장,전남광주통합특별시 완도군 신지면 신지로 1259-1,http://tong.visitkorea.or.kr/cms/resource/66/3590166_image2_1.jpg,관광지,자연관광,자연경관(하천‧해양),해변. 해수욕장,38,완도군,34.3297826984,126.8799032227,
2718413,동구리호수공원,전남광주통합특별시 화순군 화순읍 동구리,http://tong.visitkorea.or.kr/cms/resource/73/3386673_image2_1.jpg,관광지,문화관광,도시공원,주제공원,38,화순군,35.0784670815,126.9858810969,
134992,동락식당,전남광주통합특별시 영암군 영암읍 서문로 10,,음식점,음식,한식,관광식당,38,영암군,34.7990770252,126.6958135919,
1343107,동박새꿈정원,전남광주통합특별시 여수시 오동도로 238-32 오동도 등대,,쇼핑,쇼핑,전문매장/상가,관광기념품/특산물판매점,38,여수시,34.7444819002,127.7676180755,
2858496,동서식당,전남광주통합특별시 여수시 장군산길 71,http://tong.visitkorea.or.kr/cms/resource/91/2858491_image2_1.jpg,음식점,음식,한식,관광식당,38,여수시,34.7564074554,127.7164333593,
2014608,동악산(곡성),전남광주통합특별시 곡성군 곡성읍 학정리,,관광지,자연관광,자연경관(산),"산, 고개, 오름, 봉우리",38,곡성군,35.2889507853,127.2603293096,
2014865,동악산장,전남광주통합특별시 곡성군 곡성읍 도림로 119,http://tong.visitkorea.or.kr/cms/resource/19/2014019_image2_1.jpg,음식점,음식,한식,관광식당,38,곡성군,35.2639980914,127.262851947,
2876701,동원정,전남광주통합특별시 영광군 법성면 법성포로3길 12-19,http://tong.visitkorea.or.kr/cms/resource/82/2876682_image2_1.jpg,음식점,음식,한식,관광식당,38,영광군,35.3590845907,126.4444192986,
1389515,동학농민혁명기념탑,전남광주통합특별시 장흥군 장흥읍 읍성로 2,http://tong.visitkorea.or.kr/cms/resource/85/3350585_image2_1.jpg,관광지,역사관광,역사유물,탑ㆍ비석ㆍ기념탑,38,장흥군,34.6691699445,126.8953658641,
2787223,두가헌 두바퀴쉼터,전남광주통합특별시 곡성군 고달면 두계길 35,http://tong.visitkorea.or.kr/cms/resource/84/2800384_image2_1.jpg,음식점,음식,카페/ 찻집,카페,38,곡성군,35.2389833629,127.3725984578,
756317,두계외갓집체험마을,전남광주통합특별시 곡성군 고달면 두계길 126,http://tong.visitkorea.or.kr/cms/resource/77/758077_image2_1.jpg,관광지,체험관광,농.산.어촌 체험,체험마을,38,곡성군,35.2435412933,127.3790533269,
2782959,두륜미로파크,전남광주통합특별시 해남군 삼산면 대흥사길 88-11,http://tong.visitkorea.or.kr/cms/resource/17/2800917_image2_1.jpg,관광지,문화관광,테마공원,테마파크,38,해남군,34.4983234749,126.6221801205,
2628905,두륜산관광펜션,전남광주통합특별시 해남군 삼산면 대흥사길 88-56,,숙박,숙박,펜션/민박,펜션,38,해남군,34.4957210571,126.6263131533,
126241,두륜산도립공원,전남광주통합특별시 해남군 삼산면 대흥사길 400,http://tong.visitkorea.or.kr/cms/resource/83/3564383_image2_1.jpg,관광지,자연관광,자연공원,도립공원,38,해남군,34.4896049087,126.6161141958,
129448,두륜산케이블카,전남광주통합특별시 해남군 삼산면 대흥사길 88-45,http://tong.visitkorea.or.kr/cms/resource/76/3564276_image2_1.jpg,관광지,체험관광,기타체험,기타체험관광,38,해남군,34.4968181405,126.6253409902,
2750718,두리선착장,전남광주통합특별시 신안군 안좌면 소곡리 709-7,http://tong.visitkorea.or.kr/cms/resource/50/3559050_image2_1.jpg,관광지,자연관광,자연경관(하천‧해양),항구/포구,38,신안군,34.7148381575,126.1179083065,
3533123,두언27,전남광주통합특별시 여수시 율촌면 두언길 27,,숙박,숙박,펜션/민박,펜션,38,여수시,34.8371481635,127.5416882792,
2657137,둔병대교(여수),전남광주통합특별시 여수시 화정면 조발리 산70,http://tong.visitkorea.or.kr/cms/resource/59/3320859_image2_1.jpg,관광지,문화관광,랜드마크관광,다리 / 대교,38,여수시,34.6305493301,127.5555617183,
2742112,둔장해변,전남광주통합특별시 신안군 자은면 한운리,http://tong.visitkorea.or.kr/cms/resource/35/3559135_image2_1.jpg,관광지,자연관광,자연경관(하천‧해양),해변. 해수욕장,38,신안군,34.9185948033,126.0603613379,
1369138,둥근지붕,전남광주통합특별시 화순군 도곡면 지강로 260,,음식점,음식,한식,관광식당,38,화순군,35.0193529962,126.9085005141,
2765257,드들강솔밭유원지,전남광주통합특별시 나주시 남평읍 하남길 38-30,http://tong.visitkorea.or.kr/cms/resource/64/3529464_image2_1.jpg,관광지,문화관광,도시공원,주제공원,38,나주시,35.0178439358,126.8551774812,
2819607,드로잉라이프,전남광주통합특별시 순천시 서문로 2 (저전동),http://tong.visitkorea.or.kr/cms/resource/48/3014748_image2_1.jpg,관광지,체험관광,기타체험,기타체험관광,38,순천시,34.9512593457,127.4834627151,
2729340,드림캠핑장,전남광주통합특별시 보성군 득량면 공룡로 751,http://tong.visitkorea.or.kr/cms/resource/89/2729889_image2_1.jpg,레포츠,숙박,캠핑,일반야영장,38,보성군,34.7030766173,127.1883587419,
579154,득량도,전남광주통합특별시 고흥군 도양읍 득량리,http://tong.visitkorea.or.kr/cms/resource/56/3581156_image2_1.jpg,관광지,자연관광,자연경관(하천‧해양),섬,38,고흥군,34.6002755145,127.0983802841,
2607660,득량역 추억의 거리,전남광주통합특별시 보성군 득량면 역전길 28,http://tong.visitkorea.or.kr/cms/resource/16/3535816_image2_1.jpg,관광지,문화관광,도시.지역문화관광,"골목길, 문화거리",38,보성군,34.7615141972,127.1701644441,
2729344,들소리캠핑장,전남광주통합특별시 영암군 신북면 들소리로 384-14,http://tong.visitkorea.or.kr/cms/resource/72/2729872_image2_1.JPG,레포츠,숙박,캠핑,일반야영장,38,영암군,34.9285205024,126.6789452471,
2747041,들음카라반펜션,전남광주통합특별시 장성군 북하면 가인길 59-9,http://tong.visitkorea.or.kr/cms/resource/81/2746981_image2_1.JPG,레포츠,숙박,캠핑,카라반,38,장성군,35.4350249176,126.8766623316,
2592543,등대게스트하우스,전남광주통합특별시 목포시 노적봉길 6 3F,http://tong.visitkorea.or.kr/cms/resource/52/2686452_image2_1.jpg,숙박,숙박,호스텔,게스트하우스,38,목포시,34.790192344,126.3848412502,
2876736,등대식당,전남광주통합특별시 영광군 홍농읍 계마길 61,http://tong.visitkorea.or.kr/cms/resource/25/2876725_image2_1.jpg,음식점,음식,한식,관광식당,38,영광군,35.3945160057,126.4037359273,
587699,디오션리조트 워터파크,전남광주통합특별시 여수시 소호로 295 디오션리조트,http://tong.visitkorea.or.kr/cms/resource/46/2605246_image2_1.bmp,관광지,체험관광,웰니스관광,온천 / 사우나 / 스파,38,여수시,34.7311840404,127.6446680548,
2978178,딜라이트 담양,전남광주통합특별시 담양군 월산면 화방송정길 21-14,http://tong.visitkorea.or.kr/cms/resource/63/2978163_image2_1.jpg,문화시설,문화관광,전시시설,전시관,38,담양군,35.3369956877,126.9552022981,
2839859,따뜻한섬온도,전남광주통합특별시 장성군 행복1길 2,http://tong.visitkorea.or.kr/cms/resource/57/2839857_image2_1.JPG,음식점,음식,카페/ 찻집,카페,38,장성군,35.2945223547,126.7697920208,
126432,땅끝관광지,전남광주통합특별시 해남군 송지면 땅끝마을길 100,http://tong.visitkorea.or.kr/cms/resource/52/3564352_image2_1.jpg,관광지,문화관광,복합관광시설,관광단지,38,해남군,34.2947474622,126.5250351589,
3469414,땅끝남도의향기,전남광주통합특별시 해남군 북평면 동촌길 42-27,,숙박,숙박,펜션/민박,펜션,38,해남군,34.4397470131,126.6408826574,
2569638,땅끝방갈로펜션,전남광주통합특별시 해남군 송지면 갈산길 50,http://tong.visitkorea.or.kr/cms/resource/54/2567854_image2_1.PNG,숙박,숙박,펜션/민박,펜션,38,해남군,34.3090901871,126.5179743288,
129116,땅끝송호마을,전남광주통합특별시 해남군 송지면 송호길 35,http://tong.visitkorea.or.kr/cms/resource/53/3562753_image2_1.jpg,관광지,체험관광,농.산.어촌 체험,체험마을,38,해남군,34.3171226666,126.5207294526,
1886072,땅끝에서 즐기는 캠핑여행,,http://tong.visitkorea.or.kr/cms/resource/92/219392_image2_1.jpg,여행코스,추천코스,캠핑코스,캠핑코스,38,해남군,34.5514536407,126.6229537784,
2745698,땅끝오토캠핑장,전남광주통합특별시 해남군 송지면 갈산길 25-5,http://tong.visitkorea.or.kr/cms/resource/30/2746430_image2_1.jpg,레포츠,숙박,캠핑,오토캠핑장,38,해남군,34.3097651449,126.5200158003,
2778520,땅끝항,전남광주통합특별시 해남군 송지면 땅끝마을길 111,http://tong.visitkorea.or.kr/cms/resource/80/3587580_image2_1.jpg,관광지,자연관광,자연경관(하천‧해양),항구/포구,38,해남군,34.2984887873,126.5297763212,
130563,땅끝해양자연사박물관,전남광주통합특별시 해남군 송지면 땅끝마을길 89,http://tong.visitkorea.or.kr/cms/resource/86/3564386_image2_1.jpg,문화시설,문화관광,전시시설,박물관,38,해남군,34.3013245791,126.5296623753,
2795324,뚝방국수,전남광주통합특별시 담양군 담양읍 천변5길 20,http://tong.visitkorea.or.kr/cms/resource/11/2798611_image2_1.JPG,음식점,음식,한식,관광식당,38,담양군,35.318059352,126.9793534175,
2697656,뜰애펜션,전남광주통합특별시 순천시 순천만길 574-1 (대대동),,숙박,숙박,호스텔,게스트하우스,38,순천시,34.8921414359,127.509475822,
2876097,뜰채,전남광주통합특별시 목포시 해양대학로 229 (죽교동),http://tong.visitkorea.or.kr/cms/resource/89/2876089_image2_1.JPG,음식점,음식,한식,관광식당,38,목포시,34.7996993396,126.3685563492,
2994563,라마다 짚트랙,전남광주통합특별시 여수시 강남로 11   24층 짚트랙,http://tong.visitkorea.or.kr/cms/resource/43/2994543_image2_1.jpg,레포츠,레저스포츠,복합레저스포츠,복합레저스포츠,38,여수시,34.7170457484,127.74829824,
2708659,라마다프라자 바이윈덤 여수,전남광주통합특별시 여수시 돌산읍 강남로 11,http://tong.visitkorea.or.kr/cms/resource/05/2709005_image2_1.jpg,숙박,숙박,호텔,호텔,38,여수시,34.7170457484,127.74829824,
2745702,라온 캠핑장,전남광주통합특별시 담양군 용면 금성산성길 548,http://tong.visitkorea.or.kr/cms/resource/13/2746413_image2_1.jpg,레포츠,숙박,캠핑,일반야영장,38,담양군,35.3761391716,126.9958338161,
2727285,라온글램핑,전남광주통합특별시 장성군 북하면 병풍로 963-14,http://tong.visitkorea.or.kr/cms/resource/97/2727697_image2_1.jpg,레포츠,숙박,캠핑,글램핑장,38,장성군,35.3336584072,126.8640465702,
2621530,라테라스 코브 스위트(라테라스 부티크 리조트 앤 스파),전남광주통합특별시 여수시 돌산읍 진모1길 29-12,http://tong.visitkorea.or.kr/cms/resource/22/2621522_image2_1.jpg,숙박,숙박,호스텔,게스트하우스,38,여수시,34.7087912587,127.7565088433,
2878104,레드힐카페,전남광주통합특별시 영광군 백수읍 해안로 917,http://tong.visitkorea.or.kr/cms/resource/55/2876755_image2_1.jpg,음식점,음식,카페/ 찻집,카페,38,영광군,35.3502763114,126.3875523513,
2901790,레이디벅스 장성,전남광주통합특별시 장성군 청운길 38   1층,http://tong.visitkorea.or.kr/cms/resource/79/2901779_image2_1.jpg,음식점,음식,카페/ 찻집,카페,38,장성군,35.3032215728,126.7818046265,
2697670,르그랑블루 리조트,전남광주통합특별시 여수시 돌산읍 무술목길 34,,숙박,숙박,호스텔,게스트하우스,38,여수시,34.6875356737,127.7778297425,
2783316,리고,전남광주통합특별시 화순군 화순읍 큰재전원길 25,http://tong.visitkorea.or.kr/cms/resource/60/2783560_image2_1.jpg,음식점,음식,카페/ 찻집,카페,38,화순군,35.0838417732,127.0034627438,
2621797,리버파크(순천리버파크관광호스텔),전남광주통합특별시 순천시 주암면 주암호길 27,,숙박,숙박,호스텔,게스트하우스,38,순천시,35.0737274161,127.2353592131,
2892972,리비에르,전남광주통합특별시 나주시 남평읍 강변1길 76,http://tong.visitkorea.or.kr/cms/resource/65/2892965_image2_1.JPG,음식점,음식,카페/ 찻집,카페,38,나주시,35.046032319,126.8489273331,
2707232,리인목포게스트하우스,전남광주통합특별시 목포시 마인계터로38번길 6 (죽동),http://tong.visitkorea.or.kr/cms/resource/09/2707009_image2_1.jpg,숙박,숙박,호스텔,게스트하우스,38,목포시,34.7906228047,126.3820053792,
1342984,마띠유,전남광주통합특별시 여수시 소라면 서부로 791,,음식점,음식,외국식,서양식,38,여수시,34.7910871316,127.5688592868,
2752133,마량 놀토수산시장,전남광주통합특별시 강진군 마량면 미항로 164,http://tong.visitkorea.or.kr/cms/resource/80/2752180_image2_1.JPG,쇼핑,쇼핑,시장,상설시장,38,강진군,34.4490600303,126.8198556151,
2593515,마루오,전남광주통합특별시 나주시 배멧3길 5-8 (빛가람동),http://tong.visitkorea.or.kr/cms/resource/90/2600690_image2_1.jpg,숙박,숙박,호텔,호텔,38,나주시,35.0193064952,126.7857641309,
2741004,마루한캠핑장,전남광주통합특별시 담양군 금성면 상신기길 108,http://tong.visitkorea.or.kr/cms/resource/90/2741290_image2_1.jpg,레포츠,숙박,캠핑,일반야영장,38,담양군,35.3150721527,127.0586159215,
2380834,마복산 목재문화체험장,전남광주통합특별시 고흥군 포두면 우주로 1296,http://tong.visitkorea.or.kr/cms/resource/59/2380859_image2_1.JPG,관광지,체험관광,기타체험,기타체험관광,38,고흥군,34.5504774415,127.3757211118,
126893,마복산(고흥),전남광주통합특별시 고흥군 봉래면 외초리,http://tong.visitkorea.or.kr/cms/resource/38/3544938_image2_1.jpg,관광지,자연관광,자연경관(산),"산, 고개, 오름, 봉우리",38,고흥군,34.434903682,127.5058737174,
3102165,마실한옥,전남광주통합특별시 목포시 영산로 36-7 (대의동2가),,숙박,숙박,호스텔,게스트하우스,38,목포시,34.7867399223,126.3828442872,
2866607,마애,전남광주통합특별시 여수시 화백길 6,http://tong.visitkorea.or.kr/cms/resource/86/2866586_image2_1.jpg,음식점,음식,카페/ 찻집,카페,38,여수시,34.6238431279,127.6359743022,
2667868,마음의 고향,전남광주통합특별시 무안군 현경면 현해로 335-31,,숙박,숙박,펜션/민박,한옥스테이,38,무안군,35.0327873097,126.3913070306,
250353,마천목장군과 도깨비살,전남광주통합특별시 곡성군 오지2길 21-99,http://tong.visitkorea.or.kr/cms/resource/25/3530125_image2_1.jpg,관광지,역사관광,역사유적지,기타역사유적지,38,곡성군,35.2691680536,127.3267767268,
1368494,만나숯불갈비,전남광주통합특별시 장흥군 장흥읍 물레방앗간길 4,,음식점,음식,한식,관광식당,38,장흥군,34.6777053109,126.9081506423,
127547,만성리 검은모래해변,전남광주통합특별시 여수시 만성리길 15-1,http://tong.visitkorea.or.kr/cms/resource/64/3306364_image2_1.jpg,관광지,자연관광,자연경관(하천‧해양),해변. 해수욕장,38,여수시,34.7771528453,127.7447914615,
1886063,"만세토록 허물어지지 않을 산, 두륜산과 대흥사를 가다",,http://tong.visitkorea.or.kr/cms/resource/24/1564424_image2_1.jpg,여행코스,추천코스,가족코스,가족코스,38,해남군,34.4768230174,126.6166755634,
127146,만연사(화순),전남광주통합특별시 화순군 화순읍 진각로 367 (화순읍),http://tong.visitkorea.or.kr/cms/resource/38/3586038_image2_1.jpg,관광지,역사관광,종교성지,불교,38,화순군,35.0829693382,126.9850754998,
128990,만연산,전남광주통합특별시 화순군 화순읍 진각로 (수만리),http://tong.visitkorea.or.kr/cms/resource/98/2604598_image2_1.jpg,관광지,자연관광,자연경관(산),"산, 고개, 오름, 봉우리",38,화순군,35.0943293368,126.9950576668,
2674994,만연산 오감연결길,전남광주통합특별시 화순군 화순읍 진각로 276-33,http://tong.visitkorea.or.kr/cms/resource/88/2674988_image2_1.jpg,레포츠,레저스포츠,육상레저스포츠,기타육상레저스포츠,38,화순군,35.0772895397,126.9919694778,
127187,만연폭포,전남광주통합특별시 화순군 화순읍 유천리,http://tong.visitkorea.or.kr/cms/resource/12/3348012_image2_1.JPG,관광지,자연관광,자연경관(산),폭포,38,화순군,35.0735401173,127.0011132091,
578216,만재도,전남광주통합특별시 신안군 흑산면 만재도길 36-8,http://tong.visitkorea.or.kr/cms/resource/21/2824121_image2_1.jpg,관광지,자연관광,자연경관(하천‧해양),섬,38,신안군,34.2085347957,125.4684245732,
2433991,망금산 강강술래터,전남광주통합특별시 진도군 명량대첩로 103   산2-146,http://tong.visitkorea.or.kr/cms/resource/12/3381312_image2_1.JPG,관광지,역사관광,역사유적지,기타역사유적지,38,진도군,34.562658373,126.3093811192,
2861457,매실한우 광양불고기,전남광주통합특별시 광양시 서천1길 46,http://tong.visitkorea.or.kr/cms/resource/53/2861453_image2_1.JPG,음식점,음식,한식,관광식당,38,광양시,34.9698866843,127.579237164,
2603996,매죽헌2(매죽헌한옥민박),전남광주통합특별시 순천시 월등면 외동길 56,http://tong.visitkorea.or.kr/cms/resource/86/2571486_image2_1.jpg,숙박,숙박,펜션/민박,한옥스테이,38,순천시,35.0690641287,127.4016335779,
2733413,매천 황현 생가,전남광주통합특별시 광양시 봉강면 서석길 14-3,http://tong.visitkorea.or.kr/cms/resource/39/3547839_image2_1.JPG,관광지,역사관광,역사유적지,생가,38,광양시,34.9934642874,127.5617658731,
231912,매천사,전남광주통합특별시 구례군 광의면 월곡길 22-3,http://tong.visitkorea.or.kr/cms/resource/38/3346238_image2_1.JPG,관광지,역사관광,역사유적지,사당,38,구례군,35.2528833468,127.4622707481,
3532876,머무르다목포,"전남광주통합특별시 목포시 해안로163번길 46-2 (금화동, 금화아파트) 305호",,숙박,숙박,펜션/민박,홈스테이,38,목포시,34.7813404367,126.3771171455,
2915883,메란명가,전남광주통합특별시 곡성군 곡성읍 곡성로 822,http://tong.visitkorea.or.kr/cms/resource/75/2915875_image2_1.JPG,음식점,음식,한식,관광식당,38,곡성군,35.2781192583,127.2941765979,
2727280,메타파크,전남광주통합특별시 담양군 금성면 금성산성길 260,http://tong.visitkorea.or.kr/cms/resource/66/2727666_image2_1.jpg,레포츠,숙박,캠핑,일반야영장,38,담양군,35.3708124358,127.0215594513,
742828,면앙정,전남광주통합특별시 담양군 봉산면 면앙정로 382-11,http://tong.visitkorea.or.kr/cms/resource/95/3568095_image2_1.jpg,관광지,역사관광,역사유적지,기타역사유적지,38,담양군,35.2843712179,126.9630362701,
2852824,명가은,전남광주통합특별시 담양군 반석길 48-8,http://tong.visitkorea.or.kr/cms/resource/03/2852803_image2_1.JPG,음식점,음식,카페/ 찻집,찻집,38,담양군,35.1767676758,127.0198422947,
2843225,명가정,전남광주통합특별시 담양군 깊은실길 16,http://tong.visitkorea.or.kr/cms/resource/06/2843206_image2_1.JPG,음식점,음식,한식,관광식당,38,담양군,35.3220843134,127.003815038,
1957397,명곡서원,전남광주통합특별시 강진군 군동면 신기길 63 (군동면),http://tong.visitkorea.or.kr/cms/resource/72/3377772_image2_1.JPG,관광지,역사관광,역사유적지,사당,38,강진군,34.6573260643,126.8494868531,
2708333,명량대첩해전사 기념전시관,전남광주통합특별시 해남군 문내면 관광레저로 12 전라우수영명량대첩공원,http://tong.visitkorea.or.kr/cms/resource/60/3081760_image2_1.jpg,문화시설,문화관광,전시시설,전시관,38,해남군,34.5733544172,126.3108224049,
1841405,명인집,전남광주통합특별시 목포시 하당로30번길 14 (상동),,음식점,음식,한식,관광식당,38,목포시,34.7989030868,126.4222460698,
2856892,명품전복궁,전남광주통합특별시 완도군 완도읍 개포로 34-1,http://tong.visitkorea.or.kr/cms/resource/76/2856876_image2_1.jpg,음식점,음식,한식,관광식당,38,완도군,34.3158931968,126.7485511713,
580069,모도,전남광주통합특별시 진도군 의신면 모도길 12-3,http://tong.visitkorea.or.kr/cms/resource/27/3572127_image2_1.JPG,관광지,자연관광,자연경관(하천‧해양),섬,38,진도군,34.4075626367,126.355630712,
2904800,모도상회,전남광주통합특별시 진도군 의신면 초평길 54,http://tong.visitkorea.or.kr/cms/resource/92/2904792_image2_1.jpg,음식점,음식,카페/ 찻집,카페,38,진도군,34.4159141786,126.3371210324,
2891384,모란추어탕,전남광주통합특별시 강진군 강진읍 탑동길 5,http://tong.visitkorea.or.kr/cms/resource/74/2891374_image2_1.jpg,음식점,음식,한식,관광식당,38,강진군,34.6409959739,126.767155601,
2871612,모란한정식,전남광주통합특별시 강진군 강진읍 오감길 2 2동 제9호,http://tong.visitkorea.or.kr/cms/resource/07/2871607_image2_1.jpg,음식점,음식,한식,관광식당,38,강진군,34.6396129234,126.7748521799,
2878105,모래골,전남광주통합특별시 영광군 백수읍 해안로 1389,http://tong.visitkorea.or.kr/cms/resource/73/2877473_image2_1.jpg,음식점,음식,한식,관광식당,38,영광군,35.3632475278,126.4156189784,
129216,모래미 해변,전남광주통합특별시 영광군 백수읍 구수리,http://tong.visitkorea.or.kr/cms/resource/51/3381951_image2_1.JPG,관광지,자연관광,자연경관(하천‧해양),해변. 해수욕장,38,영광군,36.3633472744,126.4149103101,
2861594,모리씨 빵가게,전남광주통합특별시 보성군 태백산맥길 40,http://tong.visitkorea.or.kr/cms/resource/93/2861593_image2_1.JPG,음식점,음식,간이음식,제과,38,보성군,34.8457521212,127.3429388337,
2877714,모리아101,전남광주통합특별시 무안군 일로읍 일로신흥길 59,http://tong.visitkorea.or.kr/cms/resource/01/2877701_image2_1.JPG,음식점,음식,카페/ 찻집,카페,38,무안군,34.8468626979,126.4906305368,
128753,모사금해수욕장,전남광주통합특별시 여수시 오천동,http://tong.visitkorea.or.kr/cms/resource/43/3027343_image2_1.jpg,관광지,자연관광,자연경관(하천‧해양),해변. 해수욕장,38,여수시,34.7965564174,127.7557650074,
2931286,모이핀,전남광주통합특별시 여수시 무술목길 50,http://tong.visitkorea.or.kr/cms/resource/46/3479346_image2_1.jpg,음식점,음식,카페/ 찻집,카페,38,여수시,34.6878828791,127.7790990672,
962201,모평마을,전남광주통합특별시 함평군 해보면 상모길 80,http://tong.visitkorea.or.kr/cms/resource/07/3583007_image2_1.jpg,관광지,역사관광,역사유적지,민속마을,38,함평군,35.1604068068,126.5943525751,
2739392,목사골야영장,전남광주통합특별시 곡성군 목사동면 용봉길 91-109,http://tong.visitkorea.or.kr/cms/resource/40/2739940_image2_1.jpg,레포츠,숙박,캠핑,일반야영장,38,곡성군,35.1060528847,127.3131459836,
2574307,목양산방,전남광주통합특별시 순천시 대대1길 24 (대대동),http://tong.visitkorea.or.kr/cms/resource/40/2573640_image2_1.jpg,숙박,숙박,펜션/민박,한옥스테이,38,순천시,34.8897166737,127.5074843911,
2605429,목월빵집.cafe,전남광주통합특별시 구례군 구례읍 서시천로 85,,음식점,음식,카페/ 찻집,카페,38,구례군,35.2148765864,127.4659325154,
2604806,목임당,전남광주통합특별시 보성군 문덕면 가내길 18-33,,숙박,숙박,펜션/민박,한옥스테이,38,보성군,34.9518544531,127.2017485787,
1624356,목포 갓바위,전남광주통합특별시 목포시 용해동 산86-24,http://tong.visitkorea.or.kr/cms/resource/24/3521524_image2_1.jpg,관광지,자연관광,자연생태,기암괴석,38,목포시,34.7922372309,126.4259097953,
1957612,목포 관광특구,"전남광주통합특별시 목포시 북항, 유달산, 개항장권역, 삼학도, 갓바위, 평화광장 일원",http://tong.visitkorea.or.kr/cms/resource/27/3054727_image2_1.jpg,관광지,문화관광,복합관광시설,관광단지,38,목포시,34.790622667,126.3735866789,
1143723,목포 동부시장,전남광주통합특별시 목포시 산정로 174,http://tong.visitkorea.or.kr/cms/resource/55/3534255_image2_1.jpg,쇼핑,쇼핑,시장,상설시장,38,목포시,34.8041242271,126.3921097173,
2784224,목포 북항,전남광주통합특별시 목포시 죽교동 620-232,http://tong.visitkorea.or.kr/cms/resource/60/3534960_image2_1.jpg,관광지,자연관광,자연경관(하천‧해양),항구/포구,38,목포시,34.8045126304,126.3651120933,
2714513,목포 스카이워크,전남광주통합특별시 목포시 해양대학로 59 (죽교동),http://tong.visitkorea.or.kr/cms/resource/41/3554041_image2_1.jpg,관광지,문화관광,랜드마크관광,타워 / 전망대,38,목포시,34.7877673311,126.3673595194,
1227095,목포 신중앙시장,전남광주통합특별시 목포시 원산중앙로 51,http://tong.visitkorea.or.kr/cms/resource/47/3534247_image2_1.jpg,쇼핑,쇼핑,시장,상설시장,38,목포시,34.8102316343,126.3775525232,
2393547,목포 야시장과 수산물 시장에서 북적이는 하루,,http://tong.visitkorea.or.kr/cms/resource/97/2043497_image2_1.jpg,여행코스,추천코스,힐링코스,힐링코스,38,목포시,34.7875954991,126.3900352979,
2707901,목포 연안여객선터미널,전남광주통합특별시 목포시 해안로 182,http://tong.visitkorea.or.kr/cms/resource/55/3534955_image2_1.jpg,관광지,체험관광,기타체험,유람선/잠수함관광,38,목포시,34.7820488058,126.3841915033,
2572003,목포 올레,전남광주통합특별시 목포시 열린길 18 (죽교동),http://tong.visitkorea.or.kr/cms/resource/60/2571160_image2_1.jpg,숙박,숙박,호스텔,게스트하우스,38,목포시,34.7927752401,126.3758975341,
1730879,목포 청호시장,전남광주통합특별시 목포시 석현로 28,http://tong.visitkorea.or.kr/cms/resource/03/3060703_image2_1.jpg,쇼핑,쇼핑,시장,상설시장,38,목포시,34.8153651607,126.4246260181,
2606207,목포 해상케이블카,전남광주통합특별시 목포시 해양대학로 240,http://tong.visitkorea.or.kr/cms/resource/20/3554020_image2_1.jpg,관광지,체험관광,기타체험,기타체험관광,38,목포시,34.7994160626,126.370053446,
2583141,목포가족관광호텔,전남광주통합특별시 목포시 호남로64번길 28 (대안동),,숙박,숙박,모텔,모텔,38,목포시,34.792061575,126.3846523329,
1908176,목포근대역사관 2관,전남광주통합특별시 목포시 번화로 18,http://tong.visitkorea.or.kr/cms/resource/04/3531504_image2_1.jpg,문화시설,문화관광,전시시설,전시관,38,목포시,34.7860344247,126.3815027561,
2765255,목포농산물도매시장,전남광주통합특별시 목포시 영산로 648-23,http://tong.visitkorea.or.kr/cms/resource/62/3534262_image2_1.jpg,쇼핑,쇼핑,시장,상설시장,38,목포시,34.8219505394,126.4252035854,
2656474,목포대교,전남광주통합특별시 목포시 고하대로597번길 73 (죽교동),http://tong.visitkorea.or.kr/cms/resource/73/2656473_image2_1.bmp,관광지,문화관광,랜드마크관광,다리 / 대교,38,목포시,34.7988937425,126.3604293086,
130176,목포문학관,전남광주통합특별시 목포시 남농로 95,http://tong.visitkorea.or.kr/cms/resource/60/3534360_image2_1.jpg,문화시설,문화관광,전시시설,기념관,38,목포시,34.792792577,126.4169494624,
130899,목포문화예술회관,전남광주통합특별시 목포시 남농로 102,http://tong.visitkorea.or.kr/cms/resource/00/3552800_image2_1.jpg,문화시설,문화관광,공연시설,공연장,38,목포시,34.7917316077,126.4183049238,
129713,목포문화원,전남광주통합특별시 목포시 수강로12번길 41 (광동3가) 4층,http://tong.visitkorea.or.kr/cms/resource/91/3552891_image2_1.jpg,문화시설,문화관광,교육시설,한국문화원,38,목포시,34.7890425284,126.3882020922,
130753,목포시립도서관,전남광주통합특별시 목포시 용당로160번길 32 (용당동),http://tong.visitkorea.or.kr/cms/resource/68/3381468_image2_1.JPG,문화시설,문화관광,교육시설,도서관,38,목포시,34.8033133793,126.4026032539,
2795559,목포시민문화체육센터,전남광주통합특별시 목포시 부주로 312 (옥암동),http://tong.visitkorea.or.kr/cms/resource/84/2798684_image2_1.JPG,문화시설,문화관광,공연시설,공연장,38,목포시,34.8123546088,126.4380360174,
1809315,목포식당,전남광주통합특별시 함평군 함평읍 시장길 32,,음식점,음식,한식,관광식당,38,함평군,35.0642331529,126.5228112809,
1908192,목포어린이바다과학관,전남광주통합특별시 목포시 삼학로92번길 98,http://tong.visitkorea.or.kr/cms/resource/98/3534298_image2_1.jpg,문화시설,문화관광,전시시설,과학관,38,목포시,34.7820405508,126.3888966436,
2393500,목포의 방학여행 코스,,http://tong.visitkorea.or.kr/cms/resource/34/1804634_image2_1.jpg,여행코스,추천코스,가족코스,가족코스,38,목포시,34.7819100093,126.3888799812,
1874182,"목포의 역사와 문화, 자연, 예술을 고루 맛보다",,http://tong.visitkorea.or.kr/cms/resource/97/1609497_image2_1.jpg,여행코스,추천코스,나홀로코스,나홀로코스,38,목포시,34.7923399953,126.4257848037,
129780,목포자연사박물관,전남광주통합특별시 목포시 남농로 135,http://tong.visitkorea.or.kr/cms/resource/54/3011154_image2_1.jpg,문화시설,문화관광,전시시설,박물관,38,목포시,34.7937147612,126.4209713073,
2663184,목포평화광장,전남광주통합특별시 목포시 평화로 82 (상동),http://tong.visitkorea.or.kr/cms/resource/04/3548304_image2_1.jpg,관광지,문화관광,도시공원,주제공원,38,목포시,34.7967007465,126.4338006577,
2795367,목포항,전남광주통합특별시 목포시 해안로 182,http://tong.visitkorea.or.kr/cms/resource/42/3535142_image2_1.jpg,관광지,자연관광,자연경관(하천‧해양),항구/포구,38,목포시,34.7820488058,126.3841915033,
1874329,몸과 마음이 즐거운 녹차 테마 투어,,,여행코스,추천코스,힐링코스,힐링코스,38,보성군,34.961427204,127.1328210732,
2754453,못난이미술관,전남광주통합특별시 무안군 일로읍 상사바위길 125,http://tong.visitkorea.or.kr/cms/resource/14/3535514_image2_1.jpg,문화시설,문화관광,전시시설,미술관/화랑,38,무안군,34.7835062881,126.5115663325,
2728208,몽돌바다캠핑장,전남광주통합특별시 신안군 암태면 진작지길 139-63,http://tong.visitkorea.or.kr/cms/resource/38/2728338_image2_1.jpg,레포츠,숙박,캠핑,일반야영장,38,신안군,34.8739344235,126.1371972607,
2876079,몽에뚜와르 제빵소,전남광주통합특별시 담양군 수북면 한수동로 524,http://tong.visitkorea.or.kr/cms/resource/67/2876067_image2_1.JPG,음식점,음식,간이음식,제과,38,담양군,35.2997134289,126.93367737,
1957399,묘장영당,전남광주통합특별시 영광군 묘량면 동삼로1길 21,http://tong.visitkorea.or.kr/cms/resource/97/3378897_image2_1.JPG,관광지,역사관광,역사유적지,사당,38,영광군,35.2597808928,126.5474514968,
2606239,무등산 양떼목장,전남광주통합특별시 화순군 화순읍 안양산로 537,,관광지,체험관광,농.산.어촌 체험,체험목장,38,화순군,35.0953433965,127.0118922664,
2795061,무등산국립공원(전남),전남광주통합특별시 화순군 화순읍 백운촌길 3-3,http://tong.visitkorea.or.kr/cms/resource/32/3587032_image2_1.jpg,관광지,자연관광,자연공원,국립공원,38,화순군,35.0661631195,126.9980692182,
126966,무등산편백자연휴양림,전남광주통합특별시 화순군 이서면 안양산로 685,http://tong.visitkorea.or.kr/cms/resource/96/3590596_image2_1.jpg,관광지,자연관광,자연공원,자연휴양림,38,화순군,35.0918746064,127.0274076507,
1957401,무령서원,전남광주통합특별시 영광군 영광읍 와룡로2길 16,http://tong.visitkorea.or.kr/cms/resource/84/3381984_image2_1.JPG,관광지,역사관광,역사유적지,사당,38,영광군,35.2895656788,126.503682422,
2907843,무안 낙지공원 노을길야영장,전남광주통합특별시 무안군 망운면 조금나루길 128-68,http://tong.visitkorea.or.kr/cms/resource/78/2907678_image2_1.jpg,레포츠,숙박,캠핑,일반야영장,38,무안군,35.0046315251,126.352952779,
126615,무안 용월리 백로와 왜가리 번식지,전남광주통합특별시 무안군 무안읍 백로로 266-1,http://tong.visitkorea.or.kr/cms/resource/11/3381511_image2_1.JPG,관광지,자연관광,자연공원,생태관광지,38,무안군,35.0132688714,126.4870712479,
129210,무안 유교리 고택,전남광주통합특별시 무안군 삼향읍 유교리,http://tong.visitkorea.or.kr/cms/resource/61/3535761_image2_1.jpg,관광지,역사관광,역사유적지,고택,38,무안군,34.8474451041,126.4382823702,
1624064,무안 청천리 팽나무와 개서어나무 숲,전남광주통합특별시 무안군 청계면 청천리,http://tong.visitkorea.or.kr/cms/resource/37/3535737_image2_1.jpg,관광지,자연관광,자연생태,희귀동.식물,38,무안군,34.9685373196,126.4574110744,
1667201,무안 하늘백련마을,전남광주통합특별시 무안군 일로읍 백련로 339-2,http://tong.visitkorea.or.kr/cms/resource/02/3535602_image2_1.jpg,관광지,문화관광,도시.지역문화관광,마을관광지,38,무안군,34.8593841588,126.530051751,
2924906,무안낙지골목,전남광주통합특별시 무안군 성남1길 171 성경식당,http://tong.visitkorea.or.kr/cms/resource/90/2924890_image2_1.JPG,관광지,문화관광,도시.지역문화관광,"골목길, 문화거리",38,무안군,34.9875077232,126.476933885,
2748362,무안낙지공원,전남광주통합특별시 무안군 망운면 송현리 451-48,http://tong.visitkorea.or.kr/cms/resource/37/3590237_image2_1.jpg,관광지,문화관광,도시공원,시민공원,38,무안군,35.0046176325,126.3526278081,
2891370,무안명가,전남광주통합특별시 무안군 망운면 톱머리길 38,http://tong.visitkorea.or.kr/cms/resource/66/2891366_image2_1.JPG,음식점,음식,한식,관광식당,38,무안군,34.9683445099,126.386659008,
250310,무안발산마을미륵당산,전남광주통합특별시 무안군 해제면 광산리,http://tong.visitkorea.or.kr/cms/resource/70/3535770_image2_1.jpg,관광지,역사관광,종교성지,기타 종교성지,38,무안군,35.0957811461,126.2806014251,
138864,무안비치호텔,전남광주통합특별시 무안군 톱머리길 36,http://tong.visitkorea.or.kr/cms/resource/92/2596892_image2_1.JPG,숙박,숙박,모텔,모텔,38,무안군,34.9682778553,126.3869645383,
129211,무안식영정,전남광주통합특별시 무안군 몽탄면 이산리,http://tong.visitkorea.or.kr/cms/resource/66/3535766_image2_1.jpg,관광지,역사관광,역사유적지,기타역사유적지,38,무안군,34.9287122317,126.5164762646,
132064,"무안장 (4, 9일)",전남광주통합특별시 무안군 무안읍 면성1길 134,http://tong.visitkorea.or.kr/cms/resource/56/1971656_image2_1.jpg,쇼핑,쇼핑,시장,비상설시장,38,무안군,34.9865799772,126.4725176318,
2748736,무안전통시장,전남광주통합특별시 무안군 무안읍 성내리 21-13,http://tong.visitkorea.or.kr/cms/resource/46/3582446_image2_1.jpg,쇼핑,쇼핑,시장,상설시장,38,무안군,34.9934958653,126.4726341196,
1624083,무안향교,전남광주통합특별시 무안군 무안읍 향교길 20,http://tong.visitkorea.or.kr/cms/resource/16/3381516_image2_1.JPG,관광지,역사관광,역사유적지,사당,38,무안군,34.9898767464,126.4676235399,
1330332,무안황토갯벌랜드,전남광주통합특별시 무안군 해제면 황토갯벌길 88,http://tong.visitkorea.or.kr/cms/resource/91/3535791_image2_1.jpg,관광지,자연관광,자연공원,생태관광지,38,무안군,35.1022174018,126.3336493393,
2747447,무안황토갯벌랜드 캠핑장,전남광주통합특별시 무안군 해제면 황토갯벌길 54-20,http://tong.visitkorea.or.kr/cms/resource/54/2747754_image2_1.jpg,레포츠,숙박,캠핑,오토캠핑장,38,무안군,35.098181751,126.3339299684,
127603,무안회산백련지,전남광주통합특별시 무안군 일로읍 백련로 333,http://tong.visitkorea.or.kr/cms/resource/09/3535609_image2_1.jpg,관광지,자연관광,자연경관(하천‧해양),연못·늪,38,무안군,34.8601257396,126.5299100793,
1624105,무열사(나주),전남광주통합특별시 나주시 다시면 무숙로 637-31,http://tong.visitkorea.or.kr/cms/resource/48/3562448_image2_1.jpg,관광지,역사관광,역사유적지,사당,38,나주시,35.0037695989,126.6337640587,
1939448,무월마을,전남광주통합특별시 담양군 대덕면 무월길 40,http://tong.visitkorea.or.kr/cms/resource/60/3378160_image2_1.JPG,관광지,체험관광,농.산.어촌 체험,체험마을,38,담양군,35.2666578668,127.0401687815,
2657714,무한의다리,전남광주통합특별시 신안군 자은면,http://tong.visitkorea.or.kr/cms/resource/92/3381492_image2_1.JPG,관광지,문화관광,랜드마크관광,다리 / 대교,38,신안군,34.9193141812,126.0612640185,
2923793,묵돌이식당,전남광주통합특별시 여수시 소호4길 8,http://tong.visitkorea.or.kr/cms/resource/76/2923776_image2_1.jpg,음식점,음식,한식,관광식당,38,여수시,34.7457603251,127.6527697551,
607409,묵은지,전남광주통합특별시 진도군 진도읍 남동1길 12-5,,음식점,음식,한식,관광식당,38,진도군,34.4811500534,126.2596485379,
2840470,문가든,전남광주통합특별시 해남군 계곡면 오류골길 64,http://tong.visitkorea.or.kr/cms/resource/60/2840460_image2_1.jpg,음식점,음식,카페/ 찻집,카페,38,해남군,34.6330088887,126.6540518561,
304835,문성암,전남광주통합특별시 나주시 다도면 암정로 325-37 (다도면),http://tong.visitkorea.or.kr/cms/resource/42/3346442_image2_1.JPG,관광지,역사관광,종교성지,불교,38,나주시,34.9150075058,126.8076786616,
2794670,문수사 (구례),전남광주통합특별시 구례군 토지면 문수사길 138,http://tong.visitkorea.or.kr/cms/resource/53/3346153_image2_1.JPG,관광지,역사관광,종교성지,불교,38,구례군,35.2526847024,127.5390278768,
2871704,문자네통장어,전남광주통합특별시 여수시 웅천4길 12-7,http://tong.visitkorea.or.kr/cms/resource/88/2871688_image2_1.jpg,음식점,음식,한식,관광식당,38,여수시,34.7496104308,127.6838391609,
2878107,문정한정식,전남광주통합특별시 영광군 영광읍 중앙로5길 16-10,http://tong.visitkorea.or.kr/cms/resource/01/2877501_image2_1.jpg,음식점,음식,한식,관광식당,38,영광군,35.2749202837,126.5137707784,
2737294,문준경전도사 순교기념관,전남광주통합특별시 신안군 증도면 문준경길 234,http://tong.visitkorea.or.kr/cms/resource/10/2737510_image2_1.jpg,관광지,역사관광,종교성지,기독교,38,신안군,35.0024726557,126.1353721206,
2675000,물무산 행복숲,전남광주통합특별시 영광군 영광읍 물무로 219,http://tong.visitkorea.or.kr/cms/resource/86/2825886_image2_1.jpg,관광지,자연관광,자연공원,수목원ㆍ정원,38,영광군,35.2703736263,126.5167706243,
128991,물염적벽,전남광주통합특별시 화순군 이서면 물염로 (이서면) 일원,http://tong.visitkorea.or.kr/cms/resource/55/3348155_image2_1.JPG,관광지,자연관광,자연생태,기암괴석,38,화순군,35.1312687471,127.1075356983,
1957403,미강서원,전남광주통합특별시 순천시 해룡면 해광로 175 (해룡면),http://tong.visitkorea.or.kr/cms/resource/65/3346565_image2_1.JPG,관광지,역사관광,역사유적지,사당,38,순천시,34.9243802087,127.551626859,
580000,미덕도,전남광주통합특별시 고흥군 과역면 백일길 63-118,http://tong.visitkorea.or.kr/cms/resource/56/3581556_image2_1.jpg,관광지,자연관광,자연경관(하천‧해양),섬,38,고흥군,34.7114461999,127.4151192056,
2907053,미락식당,전남광주통합특별시 완도군 군내11번길 15,http://tong.visitkorea.or.kr/cms/resource/48/2906848_image2_1.bmp,음식점,음식,한식,관광식당,38,완도군,34.313338076,126.7576365478,
309294,미륵사(나주),전남광주통합특별시 나주시 봉황면 세남로 408-64 (봉황면),http://tong.visitkorea.or.kr/cms/resource/14/3529414_image2_1.jpg,관광지,역사관광,종교성지,불교,38,나주시,34.9383683264,126.7815581685,
2891349,미술관아래협동조합,전남광주통합특별시 영암군 왕인로 710-30,http://tong.visitkorea.or.kr/cms/resource/49/3113249_image2_1.jpg,관광지,체험관광,기타체험,기타체험관광,38,영암군,34.7750122529,126.6467879439,
3537170,미양기사식당,전남광주통합특별시 함평군 함평읍 함영로 1373,,음식점,음식,한식,관광식당,38,함평군,35.0865774422,126.498179581,
2777911,미평 봉화산 산림욕장,전남광주통합특별시 여수시 미평동 21-1,http://tong.visitkorea.or.kr/cms/resource/55/3421855_image2_1.jpg,관광지,자연관광,자연공원,자연휴양림,38,여수시,34.7750164603,127.7151941056,
2583203,미항횟집,전남광주통합특별시 목포시 미항로 197-1,,음식점,음식,한식,관광식당,38,목포시,34.8002504148,126.4379696482,
2891278,민속촌 영광점,전남광주통합특별시 영광군 영광읍 신남로1길 54-22,http://tong.visitkorea.or.kr/cms/resource/08/2877508_image2_1.jpg,음식점,음식,한식,관광식당,38,영광군,35.2730896471,126.4964556944,
2754458,밀리터리테마파크,전남광주통합특별시 무안군 몽탄면 우명길 21,http://tong.visitkorea.or.kr/cms/resource/91/3535691_image2_1.jpg,관광지,문화관광,테마공원,테마파크,38,무안군,34.9654330693,126.5152449227,
2891285,밀향기,전남광주통합특별시 영광군 영광읍 함영로 3448,http://tong.visitkorea.or.kr/cms/resource/23/2877523_image2_1.jpg,음식점,음식,한식,관광식당,38,영광군,35.2579665183,126.5059941103,
2923345,바다동산,전남광주통합특별시 해남군 송지면 땅끝마을길 52,http://tong.visitkorea.or.kr/cms/resource/21/2923321_image2_1.png,음식점,음식,한식,관광식당,38,해남군,34.2993775439,126.5277431453,
1885614,바다를 호령하던 장보고의 흔적을 가다,,http://tong.visitkorea.or.kr/cms/resource/67/214367_image2_1.jpg,여행코스,추천코스,가족코스,가족코스,38,완도군,34.3576900512,126.6724790651,
2742077,바다식탁,전남광주통합특별시 여수시 중앙5길 5 (중앙동),http://tong.visitkorea.or.kr/cms/resource/09/2742509_image2_1.jpg,음식점,음식,외국식,서양식,38,여수시,34.7383487641,127.7393707013,
133637,바다하우스,전남광주통합특별시 장흥군 안양면 수문용곡로 139,http://tong.visitkorea.or.kr/cms/resource/62/3516562_image2_1.jpg,음식점,음식,한식,관광식당,38,장흥군,34.6326429803,127.0311548319,
1957409,박산서원,전남광주통합특별시 강진군 작천면 박산죽현길 107-56,http://tong.visitkorea.or.kr/cms/resource/56/3381556_image2_1.JPG,관광지,역사관광,역사유적지,사당,38,강진군,34.7037441772,126.7487445847,
2782711,발포역사전시체험관,전남광주통합특별시 고흥군 도화면 충무사길 101-13,http://tong.visitkorea.or.kr/cms/resource/50/3552650_image2_1.jpg,문화시설,문화관광,전시시설,전시관,38,고흥군,34.4841925738,127.3395092518,
127545,발포해수욕장,전남광주통합특별시 고흥군 도화면 발포리,http://tong.visitkorea.or.kr/cms/resource/89/3519189_image2_1.jpg,관광지,자연관광,자연경관(하천‧해양),해변. 해수욕장,38,고흥군,34.4917364545,127.3560159558,
2050465,밤이 아름다운 산과 바다,,http://tong.visitkorea.or.kr/cms/resource/67/1939067_image2_1.jpg,여행코스,추천코스,가족코스,가족코스,38,목포시,34.7877703511,126.3821915424,
2877853,밥먹으러 임성가는길,전남광주통합특별시 무안군 신기길 14,http://tong.visitkorea.or.kr/cms/resource/40/2877840_image2_1.JPG,음식점,음식,한식,관광식당,38,무안군,34.822684066,126.4420104168,
2794632,방광마을,전남광주통합특별시 구례군 광의면 방광길 35,http://tong.visitkorea.or.kr/cms/resource/18/3570818_image2_1.jpg,관광지,역사관광,역사유적지,민속마을,38,구례군,35.2612046487,127.4633565489,
705088,방촌유물전시관,전남광주통합특별시 장흥군 관산읍 장흥대로 1645,http://tong.visitkorea.or.kr/cms/resource/09/1374109_image2_1.jpg,문화시설,문화관광,전시시설,전시관,38,장흥군,34.5509784424,126.9432867618,
2723809,배낭기미해수욕장,전남광주통합특별시 신안군 흑산면 진리 586-18,,관광지,자연관광,자연경관(하천‧해양),해변. 해수욕장,38,신안군,34.6891078527,125.4265562784,
1624375,배중손 사당,전남광주통합특별시 진도군 군내면 용장산성길 79-6,http://tong.visitkorea.or.kr/cms/resource/30/3557830_image2_1.jpg,관광지,역사관광,역사유적지,사당,38,진도군,34.5169778486,126.3375880491,
1874773,배타고 드라이브하고 여수를 즐긴다!,,,여행코스,추천코스,힐링코스,힐링코스,38,여수시,34.7449679469,127.7670431134,
2891432,백길천사횟집,전남광주통합특별시 신안군 자은면 자은서부1길 86-12,http://tong.visitkorea.or.kr/cms/resource/22/2891422_image2_1.jpg,음식점,음식,한식,관광식당,38,신안군,34.8617038865,126.0530633396,
126696,백길해변,전남광주통합특별시 신안군 자은면 유각리,http://tong.visitkorea.or.kr/cms/resource/63/3558963_image2_1.jpg,관광지,자연관광,자연경관(하천‧해양),해변. 해수욕장,38,신안군,34.8500327639,126.0396036982,
2782641,백도식당,전남광주통합특별시 광양시 광양읍 덕례길 68,,음식점,음식,한식,관광식당,38,광양시,34.9642817132,127.5766042051,
2715639,백수해안공원,전남광주통합특별시 영광군 백수읍 백암리 223-2,http://tong.visitkorea.or.kr/cms/resource/63/3381963_image2_1.JPG,관광지,문화관광,도시공원,시민공원,38,영광군,35.3256234094,126.3790287188,
127478,백아산자연휴양림,전남광주통합특별시 화순군 백아면 수양로 353,http://tong.visitkorea.or.kr/cms/resource/24/3061324_image2_1.jpg,관광지,자연관광,자연공원,자연휴양림,38,화순군,35.1600250519,127.1787786835,
2751332,백암해안전망대,전남광주통합특별시 영광군 백수읍 해안로 565-17,http://tong.visitkorea.or.kr/cms/resource/71/3381971_image2_1.JPG,관광지,문화관광,랜드마크관광,타워 / 전망대,38,영광군,35.3238708267,126.3788010046,
129149,백야도 등대,전남광주통합특별시 여수시 화정면 백야등대길 48,http://tong.visitkorea.or.kr/cms/resource/94/3549594_image2_1.JPG,관광지,문화관광,랜드마크관광,등대,38,여수시,34.609381165,127.6539175431,
2752556,백야선착장,전남광주통합특별시 여수시 화정면 백야해안길 73,http://tong.visitkorea.or.kr/cms/resource/08/3346508_image2_1.JPG,관광지,자연관광,자연경관(하천‧해양),항구/포구,38,여수시,34.6202380695,127.6414405826,
2871814,백운국수방,전남광주통합특별시 광양시 눈소5길 45-7,http://tong.visitkorea.or.kr/cms/resource/09/2871809_image2_1.JPG,음식점,음식,한식,관광식당,38,광양시,34.9383286139,127.710287586,
2394017,백운산 구시폭포,전남광주통합특별시 광양시 옥룡면 동곡리,http://tong.visitkorea.or.kr/cms/resource/57/3345057_image2_1.JPG,관광지,자연관광,자연경관(산),폭포,38,광양시,35.1127181966,127.5996928152,
127442,백운산 동곡계곡,전남광주통합특별시 광양시 옥룡면 약수제단길 154,http://tong.visitkorea.or.kr/cms/resource/10/3027110_image2_1.jpg,관광지,자연관광,자연경관(산),계곡,38,광양시,35.0689735766,127.6259888523,
1885216,백운산 숲에서 즐기는 치유의 캠핑여행,,http://tong.visitkorea.or.kr/cms/resource/07/2591007_image2_1.jpg,여행코스,추천코스,캠핑코스,캠핑코스,38,광양시,35.0779352741,127.7175444676,
2787945,백제회관,전남광주통합특별시 구례군 산동면 지리산온천로 260-7,http://tong.visitkorea.or.kr/cms/resource/24/2790824_image2_1.jpg,음식점,음식,한식,관광식당,38,구례군,35.3163899731,127.4568779178,
644428,백천선어마을,전남광주통합특별시 여수시 공화남2길 2,,음식점,음식,외국식,일식,38,여수시,34.7491114842,127.7414535793,
2707449,백패커스인여수,전남광주통합특별시 여수시 공화남2길 14,http://tong.visitkorea.or.kr/cms/resource/40/2709140_image2_1.jpg,숙박,숙박,호스텔,게스트하우스,38,여수시,34.7452813826,127.7429118825,
2394316,백학동마을,전남광주통합특별시 광양시 진상면 신황길 66,http://tong.visitkorea.or.kr/cms/resource/93/3378093_image2_1.JPG,관광지,체험관광,농.산.어촌 체험,체험마을,38,광양시,35.0525487052,127.686831153,
2858565,뱀부스,전남광주통합특별시 순천시 상성길 279,http://tong.visitkorea.or.kr/cms/resource/50/2858550_image2_1.jpg,음식점,음식,외국식,서양식,38,순천시,34.9431111612,127.5356305638,
2865470,번영회관,전남광주통합특별시 나주시 세남로 1330 번영회관,http://tong.visitkorea.or.kr/cms/resource/63/2865463_image2_1.JPG,음식점,음식,한식,관광식당,38,나주시,35.0095526377,126.8214556646,
2697715,벌교소형관광호텔,전남광주통합특별시 보성군 벌교읍 신정길 4-41,,숙박,숙박,호스텔,게스트하우스,38,보성군,34.8429942665,127.3528019255,
133730,벌교우렁집,전남광주통합특별시 보성군 벌교읍 채동선로 367,,음식점,음식,한식,관광식당,38,보성군,34.8512291649,127.3359559755,
319685,벌교포교당,전남광주통합특별시 보성군 벌교읍 태백산맥길 93-10 (벌교읍),http://tong.visitkorea.or.kr/cms/resource/84/3347384_image2_1.JPG,관광지,역사관광,종교성지,불교,38,보성군,34.8487405953,127.3382697238,
129541,범바위,전남광주통합특별시 완도군 청산면 청계리,http://tong.visitkorea.or.kr/cms/resource/55/3591555_image2_1.jpg,관광지,자연관광,자연생태,기암괴석,38,완도군,34.1583770076,126.8905147298,
2891292,법성토우,전남광주통합특별시 영광군 법성면 법성포로3길 26-9,http://tong.visitkorea.or.kr/cms/resource/31/2877531_image2_1.jpg,음식점,음식,한식,관광식당,38,영광군,35.3605399836,126.4445692484,
129217,법성포,전남광주통합특별시 영광군 법성면 법성리,http://tong.visitkorea.or.kr/cms/resource/30/3535830_image2_1.jpg,관광지,자연관광,자연경관(하천‧해양),항구/포구,38,영광군,35.3607816351,126.445321954,
2876875,법성포굴비정식,전남광주통합특별시 영광군 법성면 법성포로 7,http://tong.visitkorea.or.kr/cms/resource/64/2876864_image2_1.jpg,음식점,음식,한식,관광식당,38,영광군,35.3612370742,126.4414056237,
127705,법천사·목우암,전남광주통합특별시 무안군 몽탄면 법천길 529,http://tong.visitkorea.or.kr/cms/resource/04/3381504_image2_1.JPG,관광지,역사관광,종교성지,불교,38,무안군,34.9146322817,126.4569068739,
2840042,벙커,전남광주통합특별시 강진군 마량면 까막섬로 73,http://tong.visitkorea.or.kr/cms/resource/40/2840040_image2_1.jpg,음식점,음식,카페/ 찻집,카페,38,강진군,34.4538620694,126.8077260078,
1815097,베니키아호텔 여수,전남광주통합특별시 여수시 시청서6길 19,http://tong.visitkorea.or.kr/cms/resource/33/3555333_image2_1.jpg,숙박,숙박,호텔,호텔,38,여수시,34.7565620029,127.6591411456,
2852796,베트남식당&마트,전남광주통합특별시 담양군 담양읍 중앙로 92-1,http://tong.visitkorea.or.kr/cms/resource/80/2852780_image2_1.JPG,음식점,음식,외국식,기타외국식,38,담양군,35.3214284661,126.9823308458,
2867862,벽오동 본점,전남광주통합특별시 담양군 의병로 41,,음식점,음식,한식,관광식당,38,담양군,35.2314752068,127.0093112898,
2820794,별내리마을,전남광주통합특별시 장성군 남창로 351,http://tong.visitkorea.or.kr/cms/resource/85/2820785_image2_1.jpg,관광지,체험관광,기타체험,기타체험관광,38,장성군,35.4551665134,126.8433731091,
2572908,별바라기집,전남광주통합특별시 강진군 달빛한옥길 46,http://tong.visitkorea.or.kr/cms/resource/63/2991363_image2_1.jpg,숙박,숙박,펜션/민박,한옥스테이,38,강진군,34.7408672685,126.7177380782,
2891266,병암산장,전남광주통합특별시 광양시 신재로 1678-67,http://tong.visitkorea.or.kr/cms/resource/65/2891265_image2_1.JPG,음식점,음식,한식,관광식당,38,광양시,35.0970144708,127.6032790151,
2843956,병영서가네,전남광주통합특별시 강진군 병영면 병영성로 73,http://tong.visitkorea.or.kr/cms/resource/50/2843950_image2_1.jpg,음식점,음식,한식,관광식당,38,강진군,34.7111861325,126.8164106704,
129694,병영성홍교,전남광주통합특별시 강진군 병영면 성동리 323-3,http://tong.visitkorea.or.kr/cms/resource/40/3537740_image2_1.jpg,관광지,역사관광,역사유적지,기타역사유적지,38,강진군,34.7217376443,126.811560839,
2871618,병영연탄불고기,전남광주통합특별시 강진군 병영면 병영성로 87,http://tong.visitkorea.or.kr/cms/resource/14/2871614_image2_1.png,음식점,음식,한식,관광식당,38,강진군,34.7125693101,126.8163911939,
126252,병풍산(담양),전남광주통합특별시 담양군 수북면 대방리,http://tong.visitkorea.or.kr/cms/resource/57/3582057_image2_1.jpg,관광지,자연관광,자연경관(산),"산, 고개, 오름, 봉우리",38,담양군,35.3246209072,126.8856615499,
129245,보광사(함평),전남광주통합특별시 함평군 함평읍 한재골길 26-32,http://tong.visitkorea.or.kr/cms/resource/55/3551955_image2_1.jpg,관광지,역사관광,종교성지,불교,38,함평군,35.0652466914,126.5086180678,
2604499,보금자리,전남광주통합특별시 강진군 달빛한옥길 55,http://tong.visitkorea.or.kr/cms/resource/70/2991370_image2_1.jpg,숙박,숙박,펜션/민박,한옥스테이,38,강진군,34.7398757135,126.7177492124,
315971,보리암(담양),전남광주통합특별시 담양군 용면 월계길 37-17,http://tong.visitkorea.or.kr/cms/resource/10/3582010_image2_1.jpg,관광지,역사관광,종교성지,불교,38,담양군,35.3970839217,126.989925474,
126367,보림사(장흥),전남광주통합특별시 장흥군 유치면 보림사로 224,http://tong.visitkorea.or.kr/cms/resource/76/3308476_image2_1.jpg,관광지,역사관광,종교성지,불교,38,장흥군,34.8079988141,126.8966429019,
1624129,보산정사,전남광주통합특별시 나주시 다시면 무숙로 647-6,http://tong.visitkorea.or.kr/cms/resource/42/3562442_image2_1.jpg,관광지,역사관광,역사유적지,사당,38,나주시,35.004255679,126.6351916984,
228877,보성 골망태다원,전남광주통합특별시 보성군 보성읍 노산길 5-56,http://tong.visitkorea.or.kr/cms/resource/67/3553867_image2_1.jpg,관광지,체험관광,산업관광,기타산업관광지,38,보성군,34.7362046122,127.0923024662,
1968560,보성 녹차밭에 깃든 짙은 녹차 향기를 따라 가는 길,,http://tong.visitkorea.or.kr/cms/resource/85/1936485_image2_1.jpg,여행코스,추천코스,나홀로코스,나홀로코스,38,보성군,34.6508469224,127.0566327037,
1624464,보성 문익점 부조묘,전남광주통합특별시 보성군 미력면 도개2길 21,http://tong.visitkorea.or.kr/cms/resource/35/3553135_image2_1.jpg,관광지,역사관광,역사유적지,"고분, 능",38,보성군,34.8056633923,127.0872067487,
128769,보성 벌교 홍교,전남광주통합특별시 보성군 벌교읍 벌교리 154-1,http://tong.visitkorea.or.kr/cms/resource/25/3548825_image2_1.jpg,관광지,역사관광,역사유적지,기타역사유적지,38,보성군,34.8496043897,127.3384085787,
129607,보성 비봉리 공룡알 화석산지,전남광주통합특별시 보성군 득량면 비봉리 545-1,http://tong.visitkorea.or.kr/cms/resource/35/3548835_image2_1.jpg,관광지,자연관광,자연생태,기암괴석,38,보성군,34.6958162902,127.1865535248,
2782510,보성 열화정,전남광주통합특별시 보성군 득량면 강골길 32-17,http://tong.visitkorea.or.kr/cms/resource/23/3548323_image2_1.jpg,관광지,역사관광,역사유적지,기타역사유적지,38,보성군,34.7638475685,127.1878544994,
2782543,보성 이진래고택,전남광주통합특별시 보성군 득량면 강골길 34-6,http://tong.visitkorea.or.kr/cms/resource/25/3553125_image2_1.jpg,관광지,역사관광,역사유적지,고택,38,보성군,34.7627865563,127.1866546307,
1377508,보성 한우직판장,전남광주통합특별시 보성군 회천면 우암1길 10,,음식점,음식,한식,관광식당,38,보성군,34.6732283428,127.0921706999,
130113,보성군립 백민미술관,전남광주통합특별시 보성군 문덕면 죽산길 168-14,http://tong.visitkorea.or.kr/cms/resource/16/3553116_image2_1.jpg,문화시설,문화관광,전시시설,미술관/화랑,38,보성군,34.9669326036,127.1601129765,
2717015,보성녹차 시배지,전남광주통합특별시 보성군 문덕면 죽산길 506-8,http://tong.visitkorea.or.kr/cms/resource/72/3347272_image2_1.JPG,관광지,자연관광,자연공원,생태관광지,38,보성군,34.9613772187,127.1333599159,
129706,보성문화원,전남광주통합특별시 보성군 보성읍 송재로 281-11,http://tong.visitkorea.or.kr/cms/resource/49/3553149_image2_1.jpg,문화시설,문화관광,교육시설,한국문화원,38,보성군,34.7782137224,127.0886684121,
3520296,보성바다스토리리조트,전남광주통합특별시 보성군 회천면 남부관광로 1668,,숙박,숙박,펜션/민박,펜션,38,보성군,34.6398813739,127.0500168872,
2861330,보성식당,전남광주통합특별시 고흥군 고흥로 3009   1층,http://tong.visitkorea.or.kr/cms/resource/28/2861328_image2_1.JPG,음식점,음식,한식,관광식당,38,고흥군,34.6815652904,127.3608830384,
2634979,보성싱싱농원,전남광주통합특별시 보성군 조성면 조성봉산길 5,http://tong.visitkorea.or.kr/cms/resource/08/3553108_image2_1.jpg,관광지,체험관광,산업관광,기타산업관광지,38,보성군,34.7936420267,127.2221340802,
1624457,보성향교,전남광주통합특별시 보성군 보성읍 중앙로 58-23,http://tong.visitkorea.or.kr/cms/resource/53/3365253_image2_1.JPG,관광지,역사관광,역사유적지,사당,38,보성군,34.7687897045,127.0841162678,
3529651,본동기사식당,전남광주통합특별시 해남군 송지면 땅끝해안로 1796 송호리 891 본동기사식당,,음식점,음식,한식,관광식당,38,해남군,34.3167670989,126.5175186318,
2916010,봄177,전남광주통합특별시 여수시 이순신광장로 177-1,http://tong.visitkorea.or.kr/cms/resource/07/2916007_image2_1.jpg,음식점,음식,외국식,서양식,38,여수시,34.7376933472,127.7431426103,
2615320,봄의 왈츠 드라마 촬영지,전남광주통합특별시 완도군 청산면 청산로 136,http://tong.visitkorea.or.kr/cms/resource/56/3591556_image2_1.jpg,관광지,체험관광,기타체험,기타체험관광,38,완도군,34.1701113471,126.8623807973,
1885638,"봄이 아름다운 섬, 청산도",,http://tong.visitkorea.or.kr/cms/resource/20/214520_image2_1.jpg,여행코스,추천코스,힐링코스,힐링코스,38,완도군,34.1729637262,126.8574839348,
2782527,봇재,전남광주통합특별시 보성군 보성읍 녹차로 750,http://tong.visitkorea.or.kr/cms/resource/74/3511574_image2_1.jpg,문화시설,문화관광,전시시설,전시관,38,보성군,34.7134459772,127.0876951001,
129580,봉강사,전남광주통합특별시 나주시 문평면 오륜길 50,http://tong.visitkorea.or.kr/cms/resource/27/3562427_image2_1.jpg,관광지,역사관광,역사유적지,사당,38,나주시,35.0559938756,126.6106537072,
2737323,봉강하조 오토캠핑장,전남광주통합특별시 광양시 봉강면 성불로 1097,http://tong.visitkorea.or.kr/cms/resource/50/2737850_image2_1.jpg,레포츠,숙박,캠핑,오토캠핑장,38,광양시,35.0760439034,127.5626581248,
316297,봉래사,전남광주통합특별시 고흥군 봉래면 우주로 3159-32,http://tong.visitkorea.or.kr/cms/resource/62/3344762_image2_1.JPG,관광지,역사관광,종교성지,불교,38,고흥군,34.4651134821,127.4638433042,
127810,봉래산(고흥),전남광주통합특별시 고흥군 봉래면 외초리,http://tong.visitkorea.or.kr/cms/resource/39/3544939_image2_1.jpg,관광지,자연관광,자연경관(산),"산, 고개, 오름, 봉우리",38,고흥군,34.434903682,127.5058737174,
1957418,봉암서원 (장성),전남광주통합특별시 장성군 장성읍 화차길 159,http://tong.visitkorea.or.kr/cms/resource/68/3347668_image2_1.JPG,관광지,역사관광,역사유적지,사당,38,장성군,35.3220139929,126.7879036136,
128089,봉조농촌체험학교,전남광주통합특별시 곡성군 오곡면 봉조길 114 (오곡면),http://tong.visitkorea.or.kr/cms/resource/02/3345002_image2_1.JPG,관광지,체험관광,농.산.어촌 체험,체험농장,38,곡성군,35.2142998252,127.3603196178,
2784725,부부식당,전남광주통합특별시 구례군 구례읍 구례2길 30,http://tong.visitkorea.or.kr/cms/resource/08/2790608_image2_1.jpg,음식점,음식,한식,관광식당,38,구례군,35.2089105531,127.4636495364,
2865452,부영식육식당맛대맛,전남광주통합특별시 나주시 지석로 10,http://tong.visitkorea.or.kr/cms/resource/39/2865439_image2_1.JPG,음식점,음식,한식,관광식당,38,나주시,35.0458154981,126.838339385,
3112057,부주산 반려동물놀이터,전남광주통합특별시 목포시 녹색로 139 (옥암동)  부주산 반려동물 놀이터,,관광지,문화관광,도시공원,주제공원,38,목포시,34.8145236688,126.4294783878,
705104,부춘정원림,전남광주통합특별시 장흥군 부산면 부춘길 79,http://tong.visitkorea.or.kr/cms/resource/83/3351283_image2_1.jpg,관광지,역사관광,역사유적지,기타역사유적지,38,장흥군,34.7116959501,126.9088191966,
127757,분계해변,전남광주통합특별시 신안군 자은면 자은서부2길 669,http://tong.visitkorea.or.kr/cms/resource/69/3559169_image2_1.jpg,관광지,자연관광,자연경관(하천‧해양),해변. 해수욕장,38,신안군,34.8708766886,125.9810139529,
126248,불갑산도립공원,전남광주통합특별시 영광군 불갑면 불갑사로 450,,관광지,자연관광,자연공원,도립공원,38,영광군,35.2007737156,126.5494666677,
2872982,불타는용궁짬뽕,전남광주통합특별시 화순군 칠충로 11 축산물판매장,http://tong.visitkorea.or.kr/cms/resource/71/2872971_image2_1.jpg,음식점,음식,외국식,중식,38,화순군,35.0535502389,126.9735800286,
2727287,불태산 글램핑,전남광주통합특별시 장성군 진원면 고산로 61-164,http://tong.visitkorea.or.kr/cms/resource/04/2727704_image2_1.jpg,레포츠,숙박,캠핑,일반야영장,38,장성군,35.2868687938,126.8366473994,
2840228,불태산진원성,전남광주통합특별시 장성군 고산로 17,http://tong.visitkorea.or.kr/cms/resource/22/2840222_image2_1.JPG,음식점,음식,한식,관광식당,38,장성군,35.2732175487,126.8359589142,
126362,불회사(나주),전남광주통합특별시 나주시 다도면 다도로 1224-142,http://tong.visitkorea.or.kr/cms/resource/24/3529424_image2_1.jpg,관광지,역사관광,종교성지,불교,38,나주시,34.9083640892,126.8243995729,
2865158,브레드백,전남광주통합특별시 화순군 지강로 262,http://tong.visitkorea.or.kr/cms/resource/56/2865156_image2_1.JPG,음식점,음식,카페/ 찻집,카페,38,화순군,35.0197112851,126.9082477497,
2718743,브루웍스,전남광주통합특별시 순천시 역전길 61 (조곡동),http://tong.visitkorea.or.kr/cms/resource/14/3444514_image2_1.jpg,음식점,음식,카페/ 찻집,카페,38,순천시,34.9472989378,127.498411503,
2785824,블루망고 풀빌라펜션,전남광주통합특별시 여수시 돌산읍 계동해안길 90,http://tong.visitkorea.or.kr/cms/resource/39/2798039_image2_1.jpg,숙박,숙박,펜션/민박,펜션,38,여수시,34.6608611615,127.7940845558,
3532969,블루온리조트,전남광주통합특별시 여수시 돌산읍 평사로 313,,숙박,숙박,펜션/민박,펜션,38,여수시,34.6553411324,127.7246157629,
3010426,블루요트,전남광주통합특별시 여수시 오동도로 61-15,http://tong.visitkorea.or.kr/cms/resource/24/3010424_image2_1.jpg,레포츠,레저스포츠,수상레저스포츠,요트,38,여수시,34.744451054,127.7506417828,
126821,비금도,전남광주통합특별시 신안군 비금면 죽림리,http://tong.visitkorea.or.kr/cms/resource/89/3572089_image2_1.jpg,관광지,자연관광,자연경관(하천‧해양),섬,38,신안군,34.7337443661,125.9455258903,
619823,비금도 내촌마을 옛 담장,전남광주통합특별시 신안군 비금면 효자촌길 16,http://tong.visitkorea.or.kr/cms/resource/02/3572102_image2_1.jpg,관광지,역사관광,역사유적지,민속마을,38,신안군,34.7406873269,125.9017518265,
2782625,비봉공룡공원,전남광주통합특별시 보성군 득량면 공룡로 822-51,http://tong.visitkorea.or.kr/cms/resource/23/3551223_image2_1.jpg,관광지,문화관광,테마공원,테마파크,38,보성군,34.7075206994,127.1963718175,
2865420,비스터,전남광주통합특별시 나주시 정보화길 50   상가 1층,http://tong.visitkorea.or.kr/cms/resource/15/2865415_image2_1.JPG,음식점,음식,카페/ 찻집,카페,38,나주시,35.0238284371,126.7994711415,
2857187,빙그레식당 본점,전남광주통합특별시 완도군 청해진로 1565-4,http://tong.visitkorea.or.kr/cms/resource/81/2857181_image2_1.jpg,음식점,음식,한식,관광식당,38,완도군,34.3425815739,126.7299688295,
2737308,빛가람 호수공원,전남광주통합특별시 나주시 호수로 77 (빛가람동),http://tong.visitkorea.or.kr/cms/resource/70/3529470_image2_1.jpg,관광지,문화관광,도시공원,주제공원,38,나주시,35.0155681065,126.7904360329,
2876899,사거리식육식당,전남광주통합특별시 영광군 홍농읍 홍농로 487,http://tong.visitkorea.or.kr/cms/resource/88/2876888_image2_1.jpg,음식점,음식,한식,관광식당,38,영광군,35.3977885917,126.4479152491,
3469882,사계절 해오름 한옥펜션,전남광주통합특별시 순천시 낙안면 조정래길 786-2 사계절 해오름 한옥펜션,,숙박,숙박,펜션/민박,한옥스테이,38,순천시,34.9076618563,127.3443010443,
2784701,사계절횟집,전남광주통합특별시 곡성군 오곡면 대황강로 1589,http://tong.visitkorea.or.kr/cms/resource/05/2789605_image2_1.jpg,음식점,음식,한식,관광식당,38,곡성군,35.1905971321,127.3712803698,
126272,사구미해수욕장,전남광주통합특별시 해남군 송지면 사구미길 20,http://tong.visitkorea.or.kr/cms/resource/69/3587569_image2_1.jpg,관광지,자연관광,자연경관(하천‧해양),해변. 해수욕장,38,해남군,34.3208787542,126.5791631257,
2605443,사나래한옥,전남광주통합특별시 장흥군 장평면 우산병동길 436-3,,숙박,숙박,펜션/민박,한옥스테이,38,장흥군,34.8371234192,126.9027472023,
2708327,사단법인 한국천연염색 숨,전남광주통합특별시 보성군 복내면 개기로 1529-45,http://tong.visitkorea.or.kr/cms/resource/28/2707628_image2_1.jpg,숙박,숙박,펜션/민박,한옥스테이,38,보성군,34.9050694457,127.1204069089,
126968,사도,전남광주통합특별시 여수시 화정면 사도길 8-1,http://tong.visitkorea.or.kr/cms/resource/90/3580290_image2_1.jpg,관광지,자연관광,자연경관(하천‧해양),섬,38,여수시,34.592734117,127.5556321046,
135236,사랑방,전남광주통합특별시 진도군 진도읍 쌍정2길 22,http://tong.visitkorea.or.kr/cms/resource/74/1023774_image2_1.jpg,음식점,음식,한식,관광식당,38,진도군,34.4818500702,126.2655424466,
1957421,사산사,전남광주통합특별시 함평군 나산면 사산길 38-35,http://tong.visitkorea.or.kr/cms/resource/97/3381997_image2_1.JPG,관광지,역사관광,역사유적지,사당,38,함평군,35.1362541251,126.6029468552,
2621282,사슴이랑배랑농원,전남광주통합특별시 함평군 해보면 밀재로 1147-34,http://tong.visitkorea.or.kr/cms/resource/00/2681200_image2_1.jpg,숙박,숙박,펜션/민박,한옥스테이,38,함평군,35.1876981153,126.5913549443,
2650800,사의재저잣거리,전남광주통합특별시 강진군 강진읍 사의재길 27,http://tong.visitkorea.or.kr/cms/resource/57/3538057_image2_1.jpg,관광지,문화관광,도시.지역문화관광,"골목길, 문화거리",38,강진군,34.644048467,126.7706552189,
2865386,사평다슬기수제비,전남광주통합특별시 화순군 서양로 79,http://tong.visitkorea.or.kr/cms/resource/83/2865383_image2_1.JPG,음식점,음식,한식,관광식당,38,화순군,35.052264399,126.9810182928,
134293,산골짜기,전남광주통합특별시 장성군 황룡면 홍길동로 388-10,http://tong.visitkorea.or.kr/cms/resource/60/1023760_image2_1.jpg,음식점,음식,한식,관광식당,38,장성군,35.3177496497,126.732308651,
2604573,산들바다애(산들바다애 한옥민박),전남광주통합특별시 해남군 북평면 동해길 108-29,,숙박,숙박,펜션/민박,한옥스테이,38,해남군,34.4386525604,126.6329083835,
2902146,산마을도토리,전남광주통합특별시 화순군 도곡면 화남길 9-38,http://tong.visitkorea.or.kr/cms/resource/58/3570758_image2_1.jpg,음식점,음식,한식,관광식당,38,화순군,35.044777824,126.9035725383,
2752060,산아래글램핑,전남광주통합특별시 장성군 북하면 월성안길 16-33,http://tong.visitkorea.or.kr/cms/resource/54/2752254_image2_1.JPG,레포츠,숙박,캠핑,글램핑장,38,장성군,35.3501037416,126.862521291,
2778466,산양진항,전남광주통합특별시 완도군 노화읍 노화서로 563-49,http://tong.visitkorea.or.kr/cms/resource/22/2797122_image2_1.jpg,관광지,자연관광,자연경관(하천‧해양),항구/포구,38,완도군,34.2266475728,126.5760961783,
1972012,산에는 꽃이피네,전남광주통합특별시 나주시 동력길 20-1,,숙박,숙박,펜션/민박,한옥스테이,38,나주시,34.9986705629,126.823311326,
127039,산이반도,전남광주통합특별시 해남군 산이면,http://tong.visitkorea.or.kr/cms/resource/22/3583022_image2_1.jpg,관광지,자연관광,자연생태,기타자연생태,38,해남군,34.6431404288,126.4450561318,
642995,삼대광양불고기집,전남광주통합특별시 광양시 서천1길 52,,음식점,음식,한식,관광식당,38,광양시,34.9701588672,127.5787344231,
579070,삼문산,전남광주통합특별시 완도군 약산면 관산1길 25,,관광지,자연관광,자연경관(산),"산, 고개, 오름, 봉우리",38,완도군,34.3825325748,126.8931007978,
127550,삼학도,전남광주통합특별시 목포시 삼학로92번길  일원,http://tong.visitkorea.or.kr/cms/resource/15/3521515_image2_1.jpg,관광지,자연관광,자연경관(하천‧해양),섬,38,목포시,34.7820933627,126.3913686456,
2733133,삼학도크루즈,전남광주통합특별시 목포시 삼학로92번길 104 (산정동),http://tong.visitkorea.or.kr/cms/resource/27/3573827_image2_1.jpg,관광지,체험관광,기타체험,유람선/잠수함관광,38,목포시,34.7808490068,126.3882106214,
2782804,삼학집,전남광주통합특별시 여수시 이순신광장로 200-3 (종화동),http://tong.visitkorea.or.kr/cms/resource/97/2787597_image2_1.jpg,음식점,음식,한식,관광식당,38,여수시,34.739137667,127.7452840528,
127253,상만리오층석탑,전남광주통합특별시 진도군 임회면 상만길 58,http://tong.visitkorea.or.kr/cms/resource/42/3558142_image2_1.jpg,관광지,역사관광,역사유물,탑ㆍ비석ㆍ기념탑,38,진도군,34.383796346,126.2138326352,
2792617,상사마을,전남광주통합특별시 구례군 마산면 장수길 6-1,http://tong.visitkorea.or.kr/cms/resource/62/3547862_image2_1.jpg,관광지,역사관광,역사유적지,민속마을,38,구례군,35.2153215467,127.498593515,
2615321,상서마을 옛 돌담길,전남광주통합특별시 완도군 청산면 상동길 91-1,http://tong.visitkorea.or.kr/cms/resource/74/3591574_image2_1.jpg,관광지,역사관광,역사유적지,민속마을,38,완도군,34.1761530714,126.9067962163,
1886058,"상하조도, 섬을 누비다",,http://tong.visitkorea.or.kr/cms/resource/05/196005_image2_1.jpg,여행코스,추천코스,힐링코스,힐링코스,38,진도군,34.3784262807,126.1376061376,
579637,상화도(고흥),전남광주통합특별시 고흥군 도양읍 상화도길 (도양읍),http://tong.visitkorea.or.kr/cms/resource/48/3581548_image2_1.jpg,관광지,자연관광,자연경관(하천‧해양),섬,38,고흥군,34.5027761595,127.1483088572,
2840079,상화식당,전남광주통합특별시 완도군 해변공원로 33   1~2층,http://tong.visitkorea.or.kr/cms/resource/75/2840075_image2_1.jpg,음식점,음식,한식,관광식당,38,완도군,34.3171736598,126.7516203162,
2371878,생명의 노래와 불경 소리가 심신을 달래주는 곳!,,http://tong.visitkorea.or.kr/cms/resource/97/1784497_image2_1.jpg,여행코스,추천코스,힐링코스,힐링코스,38,순천시,34.9070951762,127.3397958986,
2531696,샤르망호텔,전남광주통합특별시 목포시 신흥로59번길 5,,숙박,숙박,호텔,호텔,38,목포시,34.8043192147,126.4265844446,
580758,서거차도,전남광주통합특별시 진도군 조도면 서거차도1길,http://tong.visitkorea.or.kr/cms/resource/07/3563107_image2_1.jpg,관광지,자연관광,자연경관(하천‧해양),섬,38,진도군,34.2485399111,125.9047074247,
2742128,서근등대,전남광주통합특별시 신안군 팔금면 원산리 산237,http://tong.visitkorea.or.kr/cms/resource/70/3559070_image2_1.jpg,관광지,문화관광,랜드마크관광,등대,38,신안군,34.7874377488,126.0831096645,
619994,서남문대교,전남광주통합특별시 신안군 비금면,http://tong.visitkorea.or.kr/cms/resource/52/3559152_image2_1.jpg,관광지,문화관광,랜드마크관광,다리 / 대교,38,신안군,34.7152241018,125.937452041,
318177,서동사(해남),전남광주통합특별시 해남군 화원면 절골길 244,http://tong.visitkorea.or.kr/cms/resource/39/3383039_image2_1.JPG,관광지,역사관광,종교성지,불교,38,해남군,34.6895496758,126.310139146,
2775323,서로마을,전남광주통합특별시 영광군 대마면 원당길1길 8,http://tong.visitkorea.or.kr/cms/resource/93/3349893_image2_1.jpg,관광지,문화관광,도시.지역문화관광,마을관광지,38,영광군,35.2950548534,126.5580830107,
318179,서산사(신안),전남광주통합특별시 신안군 비금면 서산길 260,http://tong.visitkorea.or.kr/cms/resource/28/3558428_image2_1.jpg,관광지,역사관광,종교성지,불교,38,신안군,34.751677797,125.904417999,
2732566,서성문,전남광주통합특별시 나주시 서성문길 30 (서내동),http://tong.visitkorea.or.kr/cms/resource/01/3378201_image2_1.JPG,관광지,역사관광,역사유적지,성ㆍ산성ㆍ성곽,38,나주시,35.0331703794,126.7129618881,
132069,"서시장 (4, 9일)",전남광주통합특별시 여수시 광무동,http://tong.visitkorea.or.kr/cms/resource/67/3580367_image2_1.jpg,쇼핑,쇼핑,시장,비상설시장,38,여수시,34.7407955187,127.7281966158,
2614891,서유리 공룡화석지 (무등산권 국가지질공원),전남광주통합특별시 화순군 백아면 백아로 2080,http://tong.visitkorea.or.kr/cms/resource/39/3583139_image2_1.jpg,관광지,자연관광,자연생태,기암괴석,38,화순군,35.1695446988,127.0907917647,
2714563,서편제 촬영지,전남광주통합특별시 완도군 청산면,http://tong.visitkorea.or.kr/cms/resource/51/3590251_image2_1.jpg,관광지,체험관광,기타체험,기타체험관광,38,완도군,34.1722722127,126.8621029923,
2748770,석관정 나루터,전남광주통합특별시 나주시 다시면 동당리 845,http://tong.visitkorea.or.kr/cms/resource/49/3534149_image2_1.jpg,관광지,자연관광,자연경관(하천‧해양),강,38,나주시,34.9920480261,126.5932790377,
2728198,석양마을주포오토캠핑장펜션,전남광주통합특별시 함평군 함평읍 주포로 403-6,http://tong.visitkorea.or.kr/cms/resource/30/2728330_image2_1.jpg,레포츠,숙박,캠핑,오토캠핑장,38,함평군,35.0948009313,126.4630574912,
318242,석천사(여수),전남광주통합특별시 여수시 충민사길 52-21,http://tong.visitkorea.or.kr/cms/resource/79/3346479_image2_1.JPG,관광지,역사관광,종교성지,불교,38,여수시,34.7584825358,127.7345011707,
2858655,선경준치회집,전남광주통합특별시 목포시 해안로57번길 2,http://tong.visitkorea.or.kr/cms/resource/48/2858648_image2_1.jpg,음식점,음식,한식,관광식당,38,목포시,34.7808126142,126.3707704964,
2904074,선미식당,전남광주통합특별시 함평군 엄다길 62,,음식점,음식,외국식,중식,38,함평군,35.0096531046,126.5167687078,
126267,선암사계곡,전남광주통합특별시 순천시 승주읍 죽학리,http://tong.visitkorea.or.kr/cms/resource/71/3460071_image2_1.jpg,관광지,자연관광,자연경관(산),계곡,38,순천시,34.9923189536,127.3414158254,
2749501,선인장,전남광주통합특별시 담양군 월산면 담장로 548,http://tong.visitkorea.or.kr/cms/resource/00/2750000_image2_1.JPG,레포츠,숙박,캠핑,일반야영장,38,담양군,35.3488743418,126.9224382336,
786376,선학동 마을,전남광주통합특별시 장흥군 회진면 가학회진로 1212,http://tong.visitkorea.or.kr/cms/resource/18/3303318_image2_1.jpg,관광지,문화관광,도시.지역문화관광,마을관광지,38,장흥군,34.4622216674,126.9404336135,
2751333,설도항,전남광주통합특별시 영광군 염산면 봉남리,http://tong.visitkorea.or.kr/cms/resource/93/3542693_image2_1.jpg,관광지,자연관광,자연경관(하천‧해양),항구/포구,38,영광군,35.2116390438,126.3755096151,
2728211,설레미캠핑장,전남광주통합특별시 신안군 증도면 우전길 42,http://tong.visitkorea.or.kr/cms/resource/01/2728401_image2_1.jpg,레포츠,숙박,캠핑,일반야영장,38,신안군,34.9604607257,126.1347342968,
2723780,설레미해수욕장,전남광주통합특별시 신안군 증도면 우전리 산37-6,http://tong.visitkorea.or.kr/cms/resource/43/3559043_image2_1.jpg,관광지,자연관광,자연경관(하천‧해양),해변. 해수욕장,38,신안군,34.9614245008,126.1344426331,
1957422,설재서원,전남광주통합특별시 나주시 노안면 영안길 60 (노안면),http://tong.visitkorea.or.kr/cms/resource/93/3346393_image2_1.JPG,관광지,역사관광,역사유적지,사당,38,나주시,35.0667358702,126.7030174938,
2381375,섬과 섬을 넘나드는 바다 여행,,http://tong.visitkorea.or.kr/cms/resource/62/1720562_image2_1.jpg,여행코스,추천코스,도보코스,도보코스,38,여수시,34.5915370257,127.5554488174,
2856867,섬마을회정식,전남광주통합특별시 신안군 압해로 1844   101호,http://tong.visitkorea.or.kr/cms/resource/53/2856853_image2_1.jpg,음식점,음식,한식,관광식당,38,신안군,34.8488276181,126.2278953862,
2750931,섬지캠핑장,전남광주통합특별시 구례군 토지면 하리길 5,http://tong.visitkorea.or.kr/cms/resource/23/2750923_image2_1.jpg,레포츠,숙박,캠핑,일반야영장,38,구례군,35.2038438679,127.5896191281,
1349170,섬진강 다슬기,전남광주통합특별시 구례군 토지면 섬진강대로 5041,,음식점,음식,한식,관광식당,38,구례군,35.1969518722,127.5260415706,
2714103,섬진강 대나무숲길,전남광주통합특별시 구례군 구례읍 원방리 1,http://tong.visitkorea.or.kr/cms/resource/18/3534818_image2_1.jpg,레포츠,레저스포츠,육상레저스포츠,기타육상레저스포츠,38,구례군,35.1863492369,127.465308304,
2022313,섬진강 도깨비마을,전남광주통합특별시 곡성군 고달면 호곡도깨비길 119-97,http://tong.visitkorea.or.kr/cms/resource/77/3378077_image2_1.JPG,관광지,문화관광,도시.지역문화관광,마을관광지,38,곡성군,35.2536843094,127.3626322933,
128086,섬진강(곡성),전남광주통합특별시 곡성군 옥과면,http://tong.visitkorea.or.kr/cms/resource/43/3542843_image2_1.jpg,관광지,자연관광,자연경관(하천‧해양),강,38,곡성군,35.3198433796,127.1942010291,
128578,섬진강기차마을,전남광주통합특별시 곡성군 오곡면 기차마을로 232,http://tong.visitkorea.or.kr/cms/resource/46/3532346_image2_1.jpg,관광지,문화관광,도시.지역문화관광,마을관광지,38,곡성군,35.2775723415,127.3082975874,
2032322,섬진강레일바이크,전남광주통합특별시 곡성군 오곡면 섬진강로 1877,http://tong.visitkorea.or.kr/cms/resource/02/3552902_image2_1.jpg,레포츠,레저스포츠,육상레저스포츠,기타육상레저스포츠,38,곡성군,35.2591223517,127.3491555651,
2750783,섬진강문화학교 캠핑장,전남광주통합특별시 곡성군 죽곡면 태안로 793,http://tong.visitkorea.or.kr/cms/resource/31/2750731_image2_1.jpg,레포츠,숙박,캠핑,일반야영장,38,곡성군,35.1480906261,127.3603990826,
2865027,섬진강민물장어,전남광주통합특별시 곡성군 리문6길 32,http://tong.visitkorea.or.kr/cms/resource/25/2865025_image2_1.jpg,음식점,음식,한식,관광식당,38,곡성군,35.2743975346,127.1369794696,
756323,섬진강변 유원지,전남광주통합특별시 곡성군 고달면 두가리 624-1,http://tong.visitkorea.or.kr/cms/resource/60/3530060_image2_1.jpg,관광지,문화관광,도시공원,주제공원,38,곡성군,35.2281845119,127.3685602024,
2787957,섬진강어류생태관,전남광주통합특별시 구례군 간전면 간전중앙로 47,http://tong.visitkorea.or.kr/cms/resource/26/3552826_image2_1.jpg,관광지,자연관광,자연공원,생태관광지,38,구례군,35.1874921836,127.5465400094,
1856948,섬진강을 따라 칙칙폭폭 달려보자!,,http://tong.visitkorea.or.kr/cms/resource/07/575207_image2_1.jpg,여행코스,추천코스,가족코스,가족코스,38,곡성군,35.1317790351,127.3870554839,
2748759,섬진강재첩국수,전남광주통합특별시 구례군 토지면 섬진강대로 4276,http://tong.visitkorea.or.kr/cms/resource/68/2771368_image2_1.jpg,음식점,음식,한식,관광식당,38,구례군,35.2000834257,127.603690209,
2580820,성균관,전남광주통합특별시 목포시 비파로 135,,음식점,음식,외국식,중식,38,목포시,34.8094518923,126.4218597381,
2856959,성내식당,전남광주통합특별시 해남군 명문길 19-1,http://tong.visitkorea.or.kr/cms/resource/55/2856955_image2_1.jpg,음식점,음식,한식,관광식당,38,해남군,34.5757477209,126.5976248666,
1250461,성도사,전남광주통합특별시 해남군 북평면 백도로 543-134 (북평면),,관광지,역사관광,종교성지,불교,38,해남군,34.451198554,126.6436710268,
319554,성도암(해남),전남광주통합특별시 해남군 북평면 동촌길 42-82,http://tong.visitkorea.or.kr/cms/resource/07/3383007_image2_1.JPG,관광지,역사관광,종교성지,불교,38,해남군,34.4411412248,126.6362246992,
1623712,성륜사(곡성),전남광주통합특별시 곡성군 옥과면 미술관로 287,http://tong.visitkorea.or.kr/cms/resource/64/3533564_image2_1.jpg,관광지,역사관광,종교성지,불교,38,곡성군,35.2970058154,127.1208747625,
2788028,성삼재,전남광주통합특별시 구례군 산동면 노고단로 1068,http://tong.visitkorea.or.kr/cms/resource/73/3544373_image2_1.jpg,레포츠,레저스포츠,육상레저스포츠,기타육상레저스포츠,38,구례군,35.3068308757,127.5105984261,
2891411,성식당,전남광주통합특별시 목포시 수강로4번길 6 (영해동1가),http://tong.visitkorea.or.kr/cms/resource/03/2891403_image2_1.JPG,음식점,음식,한식,관광식당,38,목포시,34.7856706585,126.3865189882,
2782669,성실산장어숯불구이,전남광주통합특별시 고흥군 도양읍 비봉로 177,,음식점,음식,한식,관광식당,38,고흥군,34.5257067162,127.135764949,
131204,성암국제수련원,전남광주통합특별시 담양군 수북면 한수동로 872,http://tong.visitkorea.or.kr/cms/resource/79/2705479_image2_1.jpg,레포츠,문화관광,레저스포츠시설,"스포츠센터, 수련시설",38,담양군,35.316002651,126.8981995454,
2742133,세계화석광물박물관,전남광주통합특별시 신안군 안좌면 대리길 18-20,http://tong.visitkorea.or.kr/cms/resource/16/3562716_image2_1.jpg,문화시설,문화관광,전시시설,박물관,38,신안군,34.7162860456,126.1691481868,
1915088,세량지,전남광주통합특별시 화순군 화순읍 세량리 98,http://tong.visitkorea.or.kr/cms/resource/74/3583374_image2_1.jpg,관광지,자연관광,자연경관(하천‧해양),저수지,38,화순군,35.0787076073,126.9199619115,
128224,세방낙조 전망대,전남광주통합특별시 진도군 지산면 가학리 산27-3,http://tong.visitkorea.or.kr/cms/resource/23/3351423_image2_1.jpg,관광지,자연관광,자연경관(하천‧해양),해안절경,38,진도군,34.4404159812,126.1022216978,
129111,세방마을,전남광주통합특별시 진도군 지산면 세방길 6,http://tong.visitkorea.or.kr/cms/resource/88/1037088_image2_1.jpg,관광지,문화관광,도시.지역문화관광,마을관광지,38,진도군,34.4424686361,126.1089071714,
2765266,세월호목포신항만거치,전남광주통합특별시 목포시 신항로294번길 45,http://tong.visitkorea.or.kr/cms/resource/42/3534342_image2_1.jpg,문화시설,문화관광,전시시설,전시관,38,목포시,34.7593953177,126.3546168819,
3532875,세하,전남광주통합특별시 순천시 하풍동길 60 (풍덕동) 2층,,숙박,숙박,호스텔,게스트하우스,38,순천시,34.9400304009,127.5036890021,
593319,소금박물관,전남광주통합특별시 신안군 증도면 지도증도로 1058,http://tong.visitkorea.or.kr/cms/resource/11/3562311_image2_1.jpg,문화시설,문화관광,전시시설,박물관,38,신안군,34.996373998,126.1754576006,
2858384,소금항카페,전남광주통합특별시 신안군 지도증도로 1053-11,http://tong.visitkorea.or.kr/cms/resource/79/2858379_image2_1.jpg,음식점,음식,카페/ 찻집,카페,38,신안군,34.996885076,126.176965788,
2514005,소등섬,전남광주통합특별시 장흥군 용산면 상발리 산225,http://tong.visitkorea.or.kr/cms/resource/70/3303270_image2_1.jpg,관광지,자연관광,자연경관(하천‧해양),섬,38,장흥군,34.6046206793,127.0047356151,
2876115,소래기냉면,전남광주통합특별시 목포시 미항로 81 (상동),http://tong.visitkorea.or.kr/cms/resource/01/2876101_image2_1.JPG,음식점,음식,한식,관광식당,38,목포시,34.7945314795,126.4297149597,
129150,소리도 등대,전남광주통합특별시 여수시 남면 덕포길 135,http://tong.visitkorea.or.kr/cms/resource/46/3580346_image2_1.jpg,관광지,문화관광,랜드마크관광,등대,38,여수시,34.4113446936,127.8007486027,
2680781,소리터,전남광주통합특별시 영암군 군서면 죽정서원길 9 소리터,,숙박,숙박,펜션/민박,한옥스테이,38,영암군,34.7621799636,126.6226153871,
2861337,소문난식당,전남광주통합특별시 고흥군 홍교당촌길 7 일반음식점  1층,http://tong.visitkorea.or.kr/cms/resource/35/2861335_image2_1.JPG,음식점,음식,한식,관광식당,38,고흥군,34.6087387821,127.2823611723,
2833168,소바집 본점,전남광주통합특별시 담양군 객사2길 11-24,http://tong.visitkorea.or.kr/cms/resource/46/2833146_image2_1.png,음식점,음식,외국식,일식,38,담양군,35.323650447,126.9829112936,
1874189,소설 ‘태백산맥’ 문학 기행,,,여행코스,추천코스,도보코스,도보코스,38,보성군,34.850190434,127.3384057864,
1623916,소전미술관,전남광주통합특별시 진도군 진도읍 철마길 29,http://tong.visitkorea.or.kr/cms/resource/93/1608093_image2_1.jpg,문화시설,문화관광,전시시설,미술관/화랑,38,진도군,34.4869717027,126.2646479604,
2647864,소호동동다리,전남광주통합특별시 여수시 소호로 392 (소호동),http://tong.visitkorea.or.kr/cms/resource/61/2647861_image2_1.bmp,관광지,문화관광,랜드마크관광,다리 / 대교,38,여수시,34.7388416231,127.6508812064,
2613183,소화다리,전남광주통합특별시 보성군 벌교읍 회정리 661,http://tong.visitkorea.or.kr/cms/resource/01/3548701_image2_1.jpg,관광지,문화관광,랜드마크관광,다리 / 대교,38,보성군,34.8475297171,127.3439525883,
130149,손양원목사 순교기념관,전남광주통합특별시 여수시 산돌길 70-62,http://tong.visitkorea.or.kr/cms/resource/78/3580978_image2_1.jpg,문화시설,문화관광,전시시설,기념관,38,여수시,34.8400383372,127.6349217017,
2024407,손죽도,전남광주통합특별시 여수시 삼산면 손죽길 7,http://tong.visitkorea.or.kr/cms/resource/15/3549115_image2_1.JPG,관광지,자연관광,자연경관(하천‧해양),섬,38,여수시,34.2902784788,127.3612482313,
2728585,솔내음물댄동산,전남광주통합특별시 장성군 삼계면 자초로 198,http://tong.visitkorea.or.kr/cms/resource/53/2728653_image2_1.jpg,레포츠,숙박,캠핑,일반야영장,38,장성군,35.3027667047,126.6545131491,
2916051,솔레일,전남광주통합특별시 여수시 웅남3길 21,http://tong.visitkorea.or.kr/cms/resource/44/2916044_image2_1.jpg,음식점,음식,간이음식,제과,38,여수시,34.7477716512,127.6782313647,
128618,송계어촌체험휴양마을,전남광주통합특별시 무안군 해제면 만송로 916,http://tong.visitkorea.or.kr/cms/resource/83/3535583_image2_1.jpg,관광지,체험관광,농.산.어촌 체험,체험어장,38,무안군,35.1528812155,126.3397475622,
2750723,송공리선착장,전남광주통합특별시 신안군 압해읍 압해로 1852-13,http://tong.visitkorea.or.kr/cms/resource/31/3558931_image2_1.jpg,관광지,자연관광,자연경관(하천‧해양),항구/포구,38,신안군,34.847719396,126.2270177127,
2750733,송공여객선터미널,전남광주통합특별시 신안군 압해읍 압해로 1846-1,http://tong.visitkorea.or.kr/cms/resource/81/3381481_image2_1.JPG,관광지,체험관광,기타체험,유람선/잠수함관광,38,신안군,34.8485359683,126.2269010373,
319686,송광암,전남광주통합특별시 고흥군 금산면 금산중촌길 266,http://tong.visitkorea.or.kr/cms/resource/29/3536629_image2_1.JPG,관광지,역사관광,종교성지,불교,38,고흥군,34.454692555,127.1426716388,
2750942,송도항,전남광주통합특별시 신안군 지도읍 읍내리,http://tong.visitkorea.or.kr/cms/resource/33/3559033_image2_1.jpg,관광지,자연관광,자연경관(하천‧해양),항구/포구,38,신안군,36.0436442365,126.2031098006,
129099,송석마을(무안),전남광주통합특별시 무안군 해제면 송석리,http://tong.visitkorea.or.kr/cms/resource/26/3535626_image2_1.jpg,관광지,문화관광,도시.지역문화관광,마을관광지,38,무안군,35.1574919193,126.3467134979,
127344,송석정유원지,전남광주통합특별시 화순군 청풍면 풍암리,http://tong.visitkorea.or.kr/cms/resource/90/3536190_image2_1.jpg,관광지,문화관광,도시공원,주제공원,38,화순군,34.9367386704,126.9896148604,
2865038,송원식당,전남광주통합특별시 곡성군 옥과면 리문4길 5,http://tong.visitkorea.or.kr/cms/resource/31/2865031_image2_1.jpg,음식점,음식,한식,관광식당,38,곡성군,35.2755418172,127.1350907185,
2788013,송이식당,전남광주통합특별시 구례군 마산면 화엄사로 255,http://tong.visitkorea.or.kr/cms/resource/37/2791137_image2_1.jpg,음식점,음식,한식,관광식당,38,구례군,35.2323805496,127.4879384585,
126611,송재 서재필선생 생가와 기념공원,전남광주통합특별시 보성군 문덕면 용암길 8,http://tong.visitkorea.or.kr/cms/resource/31/3551531_image2_1.jpg,관광지,역사관광,역사유적지,생가,38,보성군,34.9590563171,127.195668377,
2848002,송죽회관,전남광주통합특별시 담양군 창평면 창평현로 476,http://tong.visitkorea.or.kr/cms/resource/94/2847994_image2_1.JPG,음식점,음식,한식,관광식당,38,담양군,35.2281060243,127.0023453243,
129449,송지 대죽리 조개잡이 체험장,전남광주통합특별시 해남군 땅끝해안로 1353 노루묵민박,http://tong.visitkorea.or.kr/cms/resource/66/3061266_image2_1.jpg,관광지,체험관광,농.산.어촌 체험,체험마을,38,해남군,34.3503245247,126.5218369038,
2858365,송치마을,전남광주통합특별시 순천시 송치안길 88,http://tong.visitkorea.or.kr/cms/resource/51/2858351_image2_1.jpg,음식점,음식,한식,관광식당,38,순천시,35.0608265197,127.4221236516,
129114,송평마을,전남광주통합특별시 해남군 화산면 평호리,http://tong.visitkorea.or.kr/cms/resource/47/3562747_image2_1.jpg,관광지,문화관광,도시.지역문화관광,마을관광지,38,해남군,34.4423051671,126.4775525028,
588119,송평해변,전남광주통합특별시 해남군 화산면 평호길 450,http://tong.visitkorea.or.kr/cms/resource/70/3381370_image2_1.JPG,관광지,자연관광,자연경관(하천‧해양),해변. 해수욕장,38,해남군,34.4348642374,126.4715782045,
2866424,송현불고기,전남광주통합특별시 나주시 건재로 193,http://tong.visitkorea.or.kr/cms/resource/14/2866414_image2_1.jpg,음식점,음식,한식,관광식당,38,나주시,35.05077965,126.7217023473,
1623973,송호학생수련장,전남광주통합특별시 해남군 송지면 땅끝해안로 1823,http://tong.visitkorea.or.kr/cms/resource/59/3576859_image2_1.jpg,레포츠,문화관광,레저스포츠시설,"스포츠센터, 수련시설",38,해남군,34.3148312347,126.5194018458,
128071,수도암(고흥),전남광주통합특별시 고흥군 두원면 운곡길 204,http://tong.visitkorea.or.kr/cms/resource/33/3536633_image2_1.JPG,관광지,역사관광,종교성지,불교,38,고흥군,34.6254238345,127.3301149087,
319696,수도암(곡성),전남광주통합특별시 곡성군 옥과면 설옥길 81-158,http://tong.visitkorea.or.kr/cms/resource/36/3533536_image2_1.jpg,관광지,역사관광,종교성지,불교,38,곡성군,35.2962750576,127.1042429183,
579674,수락도,전남광주통합특별시 고흥군 봉래면 모래금길 375-3,http://tong.visitkorea.or.kr/cms/resource/74/3581574_image2_1.jpg,관광지,자연관광,자연경관(하천‧해양),섬,38,고흥군,34.4809384381,127.4018372177,
126638,수락폭포,전남광주통합특별시 구례군 산동면 수락길 73,http://tong.visitkorea.or.kr/cms/resource/89/3547989_image2_1.jpg,관광지,자연관광,자연경관(산),폭포,38,구례군,35.3468087927,127.4587658528,
2783151,수문항,전남광주통합특별시 장흥군 안양면 수문리 151-42,http://tong.visitkorea.or.kr/cms/resource/49/3535949_image2_1.jpg,관광지,자연관광,자연경관(하천‧해양),항구/포구,38,장흥군,34.631326477,127.0321186683,
126295,수문해수욕장,전남광주통합특별시 장흥군 안양면 수문리,http://tong.visitkorea.or.kr/cms/resource/55/3535955_image2_1.jpg,관광지,자연관광,자연경관(하천‧해양),해변. 해수욕장,38,장흥군,34.6347372365,127.0339156491,
2868069,수복식당,전남광주통합특별시 장흥군 건산로 42,http://tong.visitkorea.or.kr/cms/resource/65/2868065_image2_1.jpg,음식점,음식,한식,관광식당,38,장흥군,34.6803327934,126.9081450239,
1957426,수암서원,전남광주통합특별시 강진군 성전면 동령길 51,http://tong.visitkorea.or.kr/cms/resource/09/3377909_image2_1.JPG,관광지,역사관광,역사유적지,사당,38,강진군,34.69236195,126.738351332,
642756,수인관,전남광주통합특별시 강진군 병영면 병영성로 107-10 (병영면),http://tong.visitkorea.or.kr/cms/resource/21/2823321_image2_1.jpg,음식점,음식,한식,관광식당,38,강진군,34.7142691054,126.8155856677,
2583263,수일식,전남광주통합특별시 목포시 평화로 103,,음식점,음식,외국식,일식,38,목포시,34.798047846,126.4355254729,
2792624,수한마을,전남광주통합특별시 구례군 광의면 수한2길 27,http://tong.visitkorea.or.kr/cms/resource/89/3346189_image2_1.JPG,관광지,체험관광,농.산.어촌 체험,체험마을,38,구례군,35.2546027356,127.4702533333,
2717549,순솝,전남광주통합특별시 순천시 덕암삼거리길 2 (덕암동),http://tong.visitkorea.or.kr/cms/resource/86/3337186_image2_1.jpg,관광지,체험관광,기타체험,기타체험관광,38,순천시,34.9476739952,127.5042054292,
2752500,순심원,전남광주통합특별시 여수시 교동남1길 5-17,,음식점,음식,외국식,중식,38,여수시,34.7398179594,127.7344794251,
231975,순천 기적의도서관,전남광주통합특별시 순천시 해룡면 기적의도서관길 60,http://tong.visitkorea.or.kr/cms/resource/30/3541130_image2_1.jpg,문화시설,문화관광,교육시설,도서관,38,순천시,34.9472022308,127.5276811578,
2792555,순천 문화의거리,전남광주통합특별시 순천시 영동길 18 (행동),http://tong.visitkorea.or.kr/cms/resource/24/2795924_image2_1.jpg,관광지,문화관광,도시.지역문화관광,"골목길, 문화거리",38,순천시,34.9546922812,127.4827571342,
2858535,순천 산들담은 순천본점,전남광주통합특별시 순천시 해룡면 정채봉길 30 1층,http://tong.visitkorea.or.kr/cms/resource/27/2858527_image2_1.jpg,음식점,음식,한식,관광식당,38,순천시,34.9175587487,127.5514214951,
3505810,순천 웃장,전남광주통합특별시 순천시 북문길 40 (동외동),,쇼핑,쇼핑,시장,상설시장,38,순천시,34.9586141,127.4849124008,
1985819,순천만 일번가,전남광주통합특별시 순천시 순천만길 520,http://tong.visitkorea.or.kr/cms/resource/74/3592374_image2_1.JPG,음식점,음식,한식,관광식당,38,순천시,34.8874141714,127.508473252,
1872349,순천만 해룡성고택,전남광주통합특별시 순천시 홍두길 136 (홍내동),http://tong.visitkorea.or.kr/cms/resource/22/2588422_image2_1.jpg,숙박,숙박,펜션/민박,한옥스테이,38,순천시,34.9199465254,127.5024785074,
127327,순천만 화포포구,전남광주통합특별시 순천시 별량면 학산리,http://tong.visitkorea.or.kr/cms/resource/42/3027242_image2_1.jpg,관광지,자연관광,자연경관(하천‧해양),항구/포구,38,순천시,34.8508179953,127.4919534062,
1378430,순천만가든,전남광주통합특별시 순천시 순천만길 576,,음식점,음식,한식,관광식당,38,순천시,34.8925747225,127.5095952451,
2050523,순천만민속한옥펜션,전남광주통합특별시 순천시 대대2길 33 (대대동),http://tong.visitkorea.or.kr/cms/resource/28/2632328_image2_1.jpg,숙박,숙박,펜션/민박,펜션,38,순천시,34.891352606,127.507762103,
2814147,순천만숲,전남광주통합특별시 순천시 순천만길 374-1,http://tong.visitkorea.or.kr/cms/resource/62/3021462_image2_1.jpg,숙박,숙박,펜션/민박,한옥스테이,38,순천시,34.8972685866,127.5065148402,
2697776,순천만쉼표펜션,전남광주통합특별시 순천시 순천만길 726-15 (대대동),,숙박,숙박,호스텔,게스트하우스,38,순천시,34.8879195718,127.5027542965,
2858543,순천만전라도밥상,전남광주통합특별시 순천시 순천만길 496-1,http://tong.visitkorea.or.kr/cms/resource/39/2858539_image2_1.jpg,음식점,음식,한식,관광식당,38,순천시,34.8873891642,127.5078899698,
2612813,순천문학관,전남광주통합특별시 순천시 무진길 130,http://tong.visitkorea.or.kr/cms/resource/44/3370744_image2_1.JPG,문화시설,문화관광,전시시설,전시관,38,순천시,34.8945801594,127.5157946497,
3010353,순천시 기독교역사박물관,전남광주통합특별시 순천시 매산길 61 (매곡동),http://tong.visitkorea.or.kr/cms/resource/18/3010318_image2_1.jpg,문화시설,문화관광,전시시설,박물관,38,순천시,34.9604749201,127.4801794359,
2032152,순천시립 그림책 도서관,전남광주통합특별시 순천시 도서관길 33 (동외동),http://tong.visitkorea.or.kr/cms/resource/01/3541901_image2_1.jpg,문화시설,문화관광,교육시설,도서관,38,순천시,34.9573559328,127.4863539728,
3337314,순천양조장,전남광주통합특별시 순천시 역전길 57 (조곡동),http://tong.visitkorea.or.kr/cms/resource/43/3337143_image2_1.jpg,음식점,음식,외국식,서양식,38,순천시,34.9475044752,127.4987309141,
2911427,순천업사이클센터더새롬,전남광주통합특별시 순천시 팔마1길 9-19,http://tong.visitkorea.or.kr/cms/resource/76/3372676_image2_1.JPG,관광지,문화관광,복합관광시설,관광단지,38,순천시,34.9325286207,127.5126495178,
126749,순천왜성,전남광주통합특별시 순천시 해룡면 신성리,http://tong.visitkorea.or.kr/cms/resource/51/3557751_image2_1.jpg,관광지,역사관광,역사유적지,성ㆍ산성ㆍ성곽,38,순천시,34.9071215463,127.5811774833,
1960683,순천으로 가는 민속마을 길,,http://tong.visitkorea.or.kr/cms/resource/56/219656_image2_1.jpg,여행코스,추천코스,가족코스,가족코스,38,순천시,35.0021972697,127.2755630365,
2743272,순천자연휴양림 야영장,전남광주통합특별시 순천시 서면 청소년수련원길 170,http://tong.visitkorea.or.kr/cms/resource/77/2743577_image2_1.JPG,레포츠,숙박,캠핑,일반야영장,38,순천시,35.0439209931,127.4745139193,
126418,순천향교,전남광주통합특별시 순천시 향교길 60,http://tong.visitkorea.or.kr/cms/resource/00/3558400_image2_1.jpg,관광지,역사관광,역사유적지,사당,38,순천시,34.9539728624,127.479551878,
134248,숲과브런치,전남광주통합특별시 구례군 광의면 노고단로 15,http://tong.visitkorea.or.kr/cms/resource/33/3578433_image2_1.jpg,음식점,음식,한식,관광식당,38,구례군,35.264876541,127.4682004717,
2743225,숲속의베리팜,전남광주통합특별시 화순군 백아면 백아로 1951-65,http://tong.visitkorea.or.kr/cms/resource/86/2743386_image2_1.jpg,레포츠,숙박,캠핑,일반야영장,38,화순군,35.1787798782,127.0972881796,
2825936,숲쟁이공원,전남광주통합특별시 영광군 법성면 진내리,http://tong.visitkorea.or.kr/cms/resource/23/3535823_image2_1.jpg,관광지,문화관광,도시공원,시민공원,38,영광군,35.3641395032,126.4402112137,
2804416,쉬리펜션,전남광주통합특별시 구례군 섬진강대로 4310-46 쉬리팬션,http://tong.visitkorea.or.kr/cms/resource/23/2988823_image2_1.jpg,숙박,숙박,펜션/민박,펜션,38,구례군,35.2045689918,127.6014208485,
2795125,쉬미항,전남광주통합특별시 진도군 진도읍 산월리,http://tong.visitkorea.or.kr/cms/resource/33/3536033_image2_1.jpg,관광지,자연관광,자연경관(하천‧해양),항구/포구,38,진도군,34.5051380682,126.2002337644,
2612804,스카이큐브,전남광주통합특별시 순천시 강변로 435 (오천동),http://tong.visitkorea.or.kr/cms/resource/79/3346579_image2_1.JPG,관광지,체험관광,기타체험,기타체험관광,38,순천시,34.9267901901,127.5018339461,
3057070,스테이 은신희,전남광주통합특별시 나주시 금성관길 38-5 (과원동),,숙박,숙박,펜션/민박,한옥스테이,38,나주시,35.0344008468,126.7159893682,
3533114,스테이여유담,전남광주통합특별시 나주시 남평읍 동촌로 226,,숙박,숙박,펜션/민박,한옥스테이,38,나주시,35.0514152998,126.8641119695,
2873004,스테이케이션,전남광주통합특별시 나주시 빛가람동 159-5,http://tong.visitkorea.or.kr/cms/resource/00/2873000_image2_1.jpg,음식점,음식,카페/ 찻집,카페,38,나주시,35.0242808217,126.7790507125,
2811451,스테이황룡,"전남광주통합특별시 장성군 행복1길 5-3   5-1, 5-3",http://tong.visitkorea.or.kr/cms/resource/29/3073129_image2_1.jpg,숙박,숙박,펜션/민박,한옥스테이,38,장성군,35.2949723093,126.7701058703,
1885532,슬로시티 증도여행,,http://tong.visitkorea.or.kr/cms/resource/34/1954534_image2_1.jpg,여행코스,추천코스,가족코스,가족코스,38,신안군,35.0024748307,126.0983476279,
2847539,슬로시티약초밥상,전남광주통합특별시 담양군 돌담길 102,http://tong.visitkorea.or.kr/cms/resource/35/2847535_image2_1.JPG,음식점,음식,한식,관광식당,38,담양군,35.2392772815,127.0198323843,
126614,승달산,전남광주통합특별시 무안군 청계면 월선리,,관광지,자연관광,자연경관(산),"산, 고개, 오름, 봉우리",38,무안군,34.9094634119,126.4564542618,
3010541,승월마을,전남광주통합특별시 여수시 돌산읍 승월길 64,http://tong.visitkorea.or.kr/cms/resource/32/3010532_image2_1.jpg,관광지,문화관광,도시.지역문화관광,마을관광지,38,여수시,34.6340469632,127.7634740186,
2891398,시골마당,전남광주통합특별시 강진군 성전면 송계로 829,http://tong.visitkorea.or.kr/cms/resource/93/2891393_image2_1.jpg,음식점,음식,한식,관광식당,38,강진군,34.6862177841,126.7134953353,
2583245,시골집순두부 목포본점,전남광주통합특별시 목포시 복산길6번길 44,,음식점,음식,한식,관광식당,38,목포시,34.8067385381,126.435814127,
2743244,시공간,전남광주통합특별시 여수시 남면 솔고지길 105,http://tong.visitkorea.or.kr/cms/resource/11/2743411_image2_1.jpg,레포츠,숙박,캠핑,일반야영장,38,여수시,34.5480864766,127.7258155863,
579199,시산도,전남광주통합특별시 고흥군 도양읍 시산리 178-8,http://tong.visitkorea.or.kr/cms/resource/95/3581495_image2_1.jpg,관광지,자연관광,자연경관(하천‧해양),섬,38,고흥군,34.3893684711,127.2586769819,
2024440,시호도,전남광주통합특별시 고흥군 동일면 덕흥리 산 249 일원,http://tong.visitkorea.or.kr/cms/resource/22/3581022_image2_1.jpg,관광지,자연관광,자연경관(하천‧해양),섬,38,고흥군,34.542612874,127.4473928167,
2861514,신가가마솥,전남광주통합특별시 광양시 희양현로 30,http://tong.visitkorea.or.kr/cms/resource/06/2861506_image2_1.JPG,음식점,음식,한식,관광식당,38,광양시,34.9745696051,127.5858142449,
2858371,신대초밥,전남광주통합특별시 순천시 매안2길 7,http://tong.visitkorea.or.kr/cms/resource/68/2858368_image2_1.jpg,음식점,음식,외국식,일식,38,순천시,34.9277159518,127.5520100738,
3465093,신라스테이 여수,전남광주통합특별시 여수시 수정3길 8 (수정동),,숙박,숙박,호텔,호텔,38,여수시,34.7441816061,127.748716958,
2752492,신비의 바닷길 체험관,전남광주통합특별시 진도군 고군면 신비의바닷길 148,http://tong.visitkorea.or.kr/cms/resource/86/2752486_image2_1.jpg,관광지,체험관광,기타체험,기타체험관광,38,진도군,34.4273047987,126.3513556228,
2500717,신안 1004요트,전남광주통합특별시 신안군 암태면 박달로 9,http://tong.visitkorea.or.kr/cms/resource/15/2500715_image2_1.jpg,레포츠,레저스포츠,수상레저스포츠,요트,38,신안군,34.8619194306,126.1568041445,
619141,신안갯벌박물관,전남광주통합특별시 신안군 증도면 지도증도로 1766-4,http://tong.visitkorea.or.kr/cms/resource/86/3573086_image2_1.jpg,문화시설,문화관광,전시시설,전시관,38,신안군,34.9645269614,126.136456269,
130034,신안문화원,전남광주통합특별시 목포시 수강로3번길 14 (만호동),http://tong.visitkorea.or.kr/cms/resource/75/3381475_image2_1.JPG,문화시설,문화관광,교육시설,한국문화원,38,목포시,34.7844985427,126.3849747085,
142932,신안비치호텔,전남광주통합특별시 목포시 해안로 2,http://tong.visitkorea.or.kr/cms/resource/78/3592078_image2_1.JPG,숙박,숙박,호텔,호텔,38,목포시,34.7859758847,126.3685150159,
2663324,신안튤립공원,전남광주통합특별시 신안군 임자면 대기리 산327-2,,관광지,문화관광,도시공원,시민공원,38,신안군,35.103338057,126.0759083065,
1279451,신안해저유물 발굴 기념비,전남광주통합특별시 신안군 증도면 방축리 산318-1,http://tong.visitkorea.or.kr/cms/resource/86/3381486_image2_1.JPG,관광지,역사관광,역사유물,탑ㆍ비석ㆍ기념탑,38,신안군,35.0024776129,126.0986031607,
1957428,신재서원,전남광주통합특별시 광양시 광양읍 신재로 110 (광양읍),http://tong.visitkorea.or.kr/cms/resource/83/3345083_image2_1.JPG,관광지,역사관광,역사유적지,사당,38,광양시,34.9809106368,127.5903025776,
2794967,신창손순대국밥,전남광주통합특별시 해남군 산이면 관광레저로 1673,http://tong.visitkorea.or.kr/cms/resource/58/2798158_image2_1.JPG,음식점,음식,한식,관광식당,38,해남군,34.6932083469,126.3561183338,
2861366,신촌브루,전남광주통합특별시 고흥군 대신로 122   1층,http://tong.visitkorea.or.kr/cms/resource/54/2861354_image2_1.JPG,음식점,음식,카페/ 찻집,카페,38,고흥군,34.4660546743,127.1129322978,
2778502,신호등회관,전남광주통합특별시 진도군 진도읍 남동1길 66,,음식점,음식,한식,관광식당,38,진도군,34.4805057743,126.2654036016,
322878,신흥사(완도),전남광주통합특별시 완도군 청해진남로 101-1 신흥사,http://tong.visitkorea.or.kr/cms/resource/10/3382710_image2_1.JPG,관광지,역사관광,종교성지,불교,38,완도군,34.3074720189,126.7548258228,
129542,신흥해수욕장,전남광주통합특별시 완도군 청산면 신흥리,http://tong.visitkorea.or.kr/cms/resource/84/3591584_image2_1.jpg,관광지,자연관광,자연경관(하천‧해양),해변. 해수욕장,38,완도군,34.1836828016,126.9076598501,
2365369,심신에 좋은 것들은 다 모였다.,,http://tong.visitkorea.or.kr/cms/resource/65/2043365_image2_1.jpg,여행코스,추천코스,나홀로코스,나홀로코스,38,담양군,35.325158668,126.9863276197,
127415,심향사(나주),전남광주통합특별시 나주시 건재로 41-1 (대호동),http://tong.visitkorea.or.kr/cms/resource/63/3529463_image2_1.jpg,관광지,역사관광,종교성지,불교,38,나주시,35.0393002351,126.7124451156,
2022607,싱글벙글빵집,전남광주통합특별시 여수시 관문1길 13-1 (관문동),,음식점,음식,간이음식,제과,38,여수시,34.7419734064,127.7421453664,
134495,싱싱회마을,전남광주통합특별시 장흥군 장흥읍 건산로 48,,음식점,음식,한식,관광식당,38,장흥군,34.680816068,126.9078533702,
127251,쌍계사(진도),전남광주통합특별시 진도군 의신면 운림산방로 299-30,http://tong.visitkorea.or.kr/cms/resource/83/3557783_image2_1.jpg,관광지,역사관광,종교성지,불교,38,진도군,34.4675717981,126.3076724069,
2841818,쌍교숯불갈비 담양 본점,전남광주통합특별시 담양군 송강정로 212,http://tong.visitkorea.or.kr/cms/resource/07/2841807_image2_1.JPG,음식점,음식,한식,관광식당,38,담양군,35.253299548,126.9522352321,
126358,쌍봉사(화순),전남광주통합특별시 화순군 이양면 쌍산의로 459 (이양면),http://tong.visitkorea.or.kr/cms/resource/50/3061350_image2_1.jpg,관광지,역사관광,종교성지,불교,38,화순군,34.8873204173,127.0598543477,
2358186,쌍산재,전남광주통합특별시 구례군 마산면 장수길 3-2,http://tong.visitkorea.or.kr/cms/resource/83/3525983_image2_1.jpg,관광지,체험관광,전통체험,전통문화체험,38,구례군,35.2157159383,127.4980824388,
2507669,아구할미 서대대감,전남광주통합특별시 여수시 교동남2길 5,,음식점,음식,한식,관광식당,38,여수시,34.7398485168,127.7347905082,
2736360,아르떼뮤지엄 여수,전남광주통합특별시 여수시 박람회길 1 (덕충동),http://tong.visitkorea.or.kr/cms/resource/72/3350972_image2_1.jpg,문화시설,문화관광,전시시설,미술관/화랑,38,여수시,34.7508669389,127.7469836066,
1997062,아름다운 자연과 민속 고유의 전통이 공존하는 순천으로의 여행,,http://tong.visitkorea.or.kr/cms/resource/61/1817061_image2_1.jpg,여행코스,추천코스,힐링코스,힐링코스,38,순천시,34.8683887105,127.5189644805,
2743243,아름다운글램핑장,전남광주통합특별시 신안군 압해읍 복룡로 669-12,http://tong.visitkorea.or.kr/cms/resource/05/2743505_image2_1.jpg,레포츠,숙박,캠핑,글램핑장,38,신안군,34.9080310629,126.3374259364,
2049243,아리랑 장단이 흥겨워 ‘아라리요’,,http://tong.visitkorea.or.kr/cms/resource/01/1992801_image2_1.jpg,여행코스,추천코스,가족코스,가족코스,38,진도군,34.5716072962,126.3049729621,
2729865,아리솔캠핑장,전남광주통합특별시 곡성군 고달면 고산로 343-23,http://tong.visitkorea.or.kr/cms/resource/10/2730310_image2_1.JPG,레포츠,숙박,캠핑,일반야영장,38,곡성군,35.2937048717,127.3672947423,
2775304,아올,전남광주통합특별시 영광군 영광읍 현암길 43,http://tong.visitkorea.or.kr/cms/resource/78/3378878_image2_1.JPG,관광지,체험관광,기타체험,기타체험관광,38,영광군,35.2761534053,126.5094377986,
2037230,아쿠아플라넷 여수,전남광주통합특별시 여수시 오동도로 61-11 (수정동),http://tong.visitkorea.or.kr/cms/resource/86/2939286_image2_1.bmp,관광지,문화관광,테마공원,수족관 / 아쿠라리움,38,여수시,34.7462980362,127.7487307918,
2843158,아키올로지,전남광주통합특별시 담양군 도개안길 75,http://tong.visitkorea.or.kr/cms/resource/41/2843141_image2_1.JPG,음식점,음식,카페/ 찻집,카페,38,담양군,35.3408980177,126.9548327875,
2840236,아트리움,전남광주통합특별시 장성군 불태3로 138-59,http://tong.visitkorea.or.kr/cms/resource/34/2840234_image2_1.JPG,음식점,음식,카페/ 찻집,카페,38,장성군,35.2489846741,126.8652791487,
2611162,아트센터 대담,전남광주통합특별시 담양군 담양읍 언골길 5-4,http://tong.visitkorea.or.kr/cms/resource/84/3571484_image2_1.jpg,문화시설,문화관광,전시시설,미술관/화랑,38,담양군,35.3253724846,126.9835306396,
126280,안도해수욕장,전남광주통합특별시 여수시 남면 안도해수욕장길 105,http://tong.visitkorea.or.kr/cms/resource/54/3548954_image2_1.JPG,관광지,자연관광,자연경관(하천‧해양),해변. 해수욕장,38,여수시,34.4905110672,127.8125372529,
2750722,안좌복호여객선터미널,전남광주통합특별시 신안군 안좌면 중부로 5-4,http://tong.visitkorea.or.kr/cms/resource/11/3558911_image2_1.jpg,관광지,자연관광,자연경관(하천‧해양),항구/포구,38,신안군,34.7000961798,126.1678042449,
127758,암태도,전남광주통합특별시 신안군 암태면 장단고길 7-63,http://tong.visitkorea.or.kr/cms/resource/96/3558996_image2_1.jpg,관광지,자연관광,자연경관(하천‧해양),섬,38,신안군,34.8268115588,126.1123200313,
128087,압록유원지,전남광주통합특별시 곡성군 죽곡면 섬진강로 1012,http://tong.visitkorea.or.kr/cms/resource/37/3530137_image2_1.jpg,관광지,문화관광,도시공원,주제공원,38,곡성군,35.1919998595,127.3775297835,
2750939,압해도선착장,전남광주통합특별시 신안군 압해읍 천사로 13,http://tong.visitkorea.or.kr/cms/resource/57/3558957_image2_1.jpg,관광지,자연관광,자연경관(하천‧해양),항구/포구,38,신안군,34.8149946579,126.3575041803,
2743874,애플글램핑,전남광주통합특별시 장성군 북하면 담장로 1279,http://tong.visitkorea.or.kr/cms/resource/45/2744145_image2_1.jpg,레포츠,숙박,캠핑,글램핑장,38,장성군,35.4036344218,126.8997277485,
2996115,야미야미팜(야미야미팜농업회사법인(주)),전남광주통합특별시 영암군 학산면 지소길 34,http://tong.visitkorea.or.kr/cms/resource/71/3552271_image2_1.jpg,관광지,체험관광,기타체험,기타체험관광,38,영암군,34.704847381,126.6141091923,
2702657,야생화테마랜드,전남광주통합특별시 구례군 광의면 온동2길 124,http://tong.visitkorea.or.kr/cms/resource/25/3378125_image2_1.JPG,관광지,문화관광,테마공원,테마파크,38,구례군,35.28729294,127.4385108454,
2824813,약산도(조약도),전남광주통합특별시 완도군 약산면 장용리,http://tong.visitkorea.or.kr/cms/resource/88/3382688_image2_1.JPG,관광지,자연관광,자연경관(하천‧해양),섬,38,완도군,34.3865351126,126.9056134944,
645102,약산흑염소가든,전남광주통합특별시 화순군 화순읍 상삼2길 13 1층,,음식점,음식,한식,관광식당,38,화순군,35.0528811146,126.9880676556,
2892979,약선명가,전남광주통합특별시 나주시 황동2길 3-5 (빛가람동),http://tong.visitkorea.or.kr/cms/resource/77/2892977_image2_1.JPG,음식점,음식,한식,관광식당,38,나주시,35.013545808,126.7723099063,
2910436,약수닭집,전남광주통합특별시 여수시 구봉2길 5,http://tong.visitkorea.or.kr/cms/resource/26/2910426_image2_1.jpg,음식점,음식,한식,관광식당,38,여수시,34.7324850674,127.7125370859,
2847968,양각리키친,전남광주통합특별시 담양군 추성로 1239,http://tong.visitkorea.or.kr/cms/resource/65/2847965_image2_1.JPG,음식점,음식,카페/ 찻집,카페,38,담양군,35.3187980647,126.9739122139,
2778096,양지쌈밥,전남광주통합특별시 순천시 금곡길 8 (행동),,음식점,음식,한식,관광식당,38,순천시,34.9550200348,127.4834931723,
2594831,양참사댁(양동호 가옥 / 한옥152),전남광주통합특별시 화순군 도곡면 달아실길 24,http://tong.visitkorea.or.kr/cms/resource/23/2594823_image2_1.jpg,숙박,숙박,펜션/민박,한옥스테이,38,화순군,34.9843847639,126.911423348,
134655,어가일식,전남광주통합특별시 완도군 완도읍 해변공원로113번길 6,,음식점,음식,외국식,일식,38,완도군,34.3237256406,126.7477093914,
2765243,어란진항,전남광주통합특별시 해남군 송지면 어란리,http://tong.visitkorea.or.kr/cms/resource/68/3587568_image2_1.jpg,관광지,자연관광,자연경관(하천‧해양),항구/포구,38,해남군,34.3506348503,126.4757103912,
2832629,어텐션플리즈,전남광주통합특별시 담양군 금성산성길 271   1층,http://tong.visitkorea.or.kr/cms/resource/23/2832623_image2_1.png,음식점,음식,카페/ 찻집,카페,38,담양군,35.3708707366,127.0200401396,
2742159,에코힐즈,전남광주통합특별시 여수시 소라면 서부로 321,http://tong.visitkorea.or.kr/cms/resource/27/2742527_image2_1.jpg,레포츠,레저스포츠,육상레저스포츠,썰매장,38,여수시,34.770042849,127.6025596459,
2833199,에트글라스,전남광주통합특별시 담양군 금성산성길 282-19,http://tong.visitkorea.or.kr/cms/resource/83/2833183_image2_1.png,음식점,음식,카페/ 찻집,카페,38,담양군,35.3731148894,127.0178263899,
2037308,엑스포해양공원,전남광주통합특별시 여수시 박람회길 1,http://tong.visitkorea.or.kr/cms/resource/67/3587267_image2_1.jpg,관광지,문화관광,테마공원,테마파크,38,여수시,34.7522251119,127.7465197232,
2608081,여락재,전남광주통합특별시 강진군 달빛한옥길 38,http://tong.visitkorea.or.kr/cms/resource/51/2803651_image2_1.jpeg,숙박,숙박,펜션/민박,한옥스테이,38,강진군,34.7407284068,126.7184380198,
2548267,여서도(완도),전남광주통합특별시 완도군 청산면 여서도길 15,,관광지,자연관광,자연경관(하천‧해양),섬,38,완도군,33.9866161191,126.9231687364,
2661447,여수 가사리 생태공원,전남광주통합특별시 여수시 소라면 관기길 327,http://tong.visitkorea.or.kr/cms/resource/69/3027369_image2_1.jpg,관광지,자연관광,자연생태,기타자연생태,38,여수시,34.748339587,127.5944942342,
2657131,여수 국가산업단지,전남광주통합특별시 여수시 평여동,http://tong.visitkorea.or.kr/cms/resource/26/3587326_image2_1.jpg,관광지,체험관광,기타체험,기타체험관광,38,여수시,34.817913477,127.6601644974,
2714239,여수 낭도 백리섬섬길,전남광주통합특별시 여수시 화정면 적금뒷등길 45-21,http://tong.visitkorea.or.kr/cms/resource/38/2680038_image2_1.jpg,레포츠,레저스포츠,육상레저스포츠,기타육상레저스포츠,38,여수시,34.6293014925,127.5115128241,
319704,여수 낭도리 공룡발자국화석 산지,전남광주통합특별시 여수시 화정면 사도길 32,http://tong.visitkorea.or.kr/cms/resource/18/3018718_image2_1.jpg,관광지,자연관광,자연생태,기암괴석,38,여수시,34.5907648935,127.5556571518,
2806218,여수 녹테마레,전남광주통합특별시 여수시 만성로 294 (만흥동),http://tong.visitkorea.or.kr/cms/resource/42/2806242_image2_1.JPG,문화시설,문화관광,전시시설,미술관/화랑,38,여수시,34.7744139385,127.7260709473,
2371969,여수 도심을 가로질러 오동도까지 걸어라,,http://tong.visitkorea.or.kr/cms/resource/40/1812940_image2_1.jpg,여행코스,추천코스,도보코스,도보코스,38,여수시,34.7307968308,127.7393264527,
2725257,여수 미남크루즈,전남광주통합특별시 여수시 돌산읍 돌산로 3617-22,http://tong.visitkorea.or.kr/cms/resource/03/2728603_image2_1.png,관광지,체험관광,기타체험,유람선/잠수함관광,38,여수시,34.7294941639,127.7372822199,
128163,여수 백도,전남광주통합특별시 여수시 삼산면 거문리,http://tong.visitkorea.or.kr/cms/resource/43/3548943_image2_1.JPG,관광지,자연관광,자연경관(하천‧해양),섬,38,여수시,34.0555333413,127.5827180307,
2700983,여수 베네치아 호텔앤리조트,전남광주통합특별시 여수시 오동도로 61-13,http://tong.visitkorea.or.kr/cms/resource/32/2698432_image2_1.jpg,숙박,숙박,호텔,호텔,38,여수시,34.7458398082,127.7518721955,
231921,여수 선소유적,전남광주통합특별시 여수시 시전동,http://tong.visitkorea.or.kr/cms/resource/75/3529675_image2_1.jpg,관광지,역사관광,역사유적지,기타역사유적지,38,여수시,34.758206615,127.6795198759,
1351484,여수 안도어촌체험마을,전남광주통합특별시 여수시 남면 안도안길 21-7,http://tong.visitkorea.or.kr/cms/resource/97/3549297_image2_1.JPG,관광지,체험관광,농.산.어촌 체험,체험어장,38,여수시,34.4878528811,127.8038797409,
1968524,여수 앞바다에 펼쳐진 크고 작은 섬들,,http://tong.visitkorea.or.kr/cms/resource/96/678896_image2_1.jpg,여행코스,추천코스,나홀로코스,나홀로코스,38,여수시,34.5916329613,127.8040048886,
2371903,여수 앞바다와 이순신 유적지를 찾아 떠나는 여행,,http://tong.visitkorea.or.kr/cms/resource/67/1607867_image2_1.jpg,여행코스,추천코스,가족코스,가족코스,38,여수시,34.7449679469,127.7670431134,
2752379,여수 연안여객선터미널,전남광주통합특별시 여수시 여객선터미널길 17 (교동),http://tong.visitkorea.or.kr/cms/resource/14/3587414_image2_1.jpg,관광지,체험관광,기타체험,유람선/잠수함관광,38,여수시,34.7387152683,127.7323629714,
2662524,여수 유월드 루지 테마파크,전남광주통합특별시 여수시 소라면 안심산길 155,http://tong.visitkorea.or.kr/cms/resource/83/3350883_image2_1.jpg,관광지,문화관광,테마공원,테마파크,38,여수시,34.7478349006,127.6416234554,
2823571,여수 유탑 마리나 호텔&리조트,전남광주통합특별시 여수시 오동도로 61-15,http://tong.visitkorea.or.kr/cms/resource/25/2823725_image2_1.jpg,숙박,숙박,콘도미니엄,레지던스,38,여수시,34.744451054,127.7506417828,
3351485,여수 장도근린공원 / 장도전시관,전남광주통합특별시 여수시 예울마루로 83-67 (웅천동),http://tong.visitkorea.or.kr/cms/resource/35/3381035_image2_1.jpg,관광지,문화관광,도시공원,근린공원,38,여수시,34.7422914618,127.6639160892,
2994754,여수 챌린지파크 바다 루지,전남광주통합특별시 여수시 화양면 나진리 산348,http://tong.visitkorea.or.kr/cms/resource/48/2994748_image2_1.png,레포츠,레저스포츠,육상레저스포츠,기타육상레저스포츠,38,여수시,34.6849361401,127.6272179728,
127255,여수 충민사,전남광주통합특별시 여수시 충민사길 52-23,http://tong.visitkorea.or.kr/cms/resource/97/3027397_image2_1.jpg,관광지,역사관광,역사유적지,사당,38,여수시,34.758182575,127.7348233723,
231922,여수 타루비,전남광주통합특별시 여수시 고소3길 13 (고소동),http://tong.visitkorea.or.kr/cms/resource/71/3027571_image2_1.jpg,관광지,역사관광,역사유적지,"고분, 능",38,여수시,34.7401124468,127.738873478,
1343398,여수 특산품전시판매장,전남광주통합특별시 여수시 어항단지로 205 (봉산동),http://tong.visitkorea.or.kr/cms/resource/22/3027322_image2_1.jpg,쇼핑,쇼핑,전문매장/상가,관광기념품/특산물판매점,38,여수시,34.7307160898,127.7280468858,
1997202,여수 해상케이블카,전남광주통합특별시 여수시 돌산읍 돌산로 3600-1 (돌산읍),http://tong.visitkorea.or.kr/cms/resource/64/3422964_image2_1.png,관광지,체험관광,기타체험,기타체험관광,38,여수시,34.7307968308,127.7393264527,
1624496,여수 흥국사 홍교,전남광주통합특별시 여수시 흥국사길 160,http://tong.visitkorea.or.kr/cms/resource/06/3549606_image2_1.JPG,관광지,역사관광,역사유적지,기타역사유적지,38,여수시,34.8208805152,127.7008080857,
2697818,여수夜호스텔,전남광주통합특별시 여수시 하멜로 60 (종화동),,숙박,숙박,호스텔,게스트하우스,38,여수시,34.7390515747,127.7458034548,
2612858,여수구항 해양공원,전남광주통합특별시 여수시 중앙동,http://tong.visitkorea.or.kr/cms/resource/23/3372723_image2_1.JPG,관광지,문화관광,도시공원,시민공원,38,여수시,34.7370905935,127.7406317338,
2923420,여수대표짬뽕,전남광주통합특별시 여수시 무선8길 17 (선원동),http://tong.visitkorea.or.kr/cms/resource/02/2923402_image2_1.JPG,음식점,음식,외국식,중식,38,여수시,34.77555696,127.6512246899,
2923380,여수돼지국밥,전남광주통합특별시 여수시 학동서1길 12 (학동),http://tong.visitkorea.or.kr/cms/resource/62/2923362_image2_1.JPG,음식점,음식,한식,관광식당,38,여수시,34.7654971619,127.6619656723,
2923354,여수맛집 봉초밥,전남광주통합특별시 여수시 시청서5길 7,http://tong.visitkorea.or.kr/cms/resource/23/2923323_image2_1.jpg,음식점,음식,외국식,일식,38,여수시,34.7570341456,127.6576051572,
3010511,여수민속전시관,전남광주통합특별시 여수시 서부로 1442 율촌중앙초등학교,http://tong.visitkorea.or.kr/cms/resource/99/3010499_image2_1.jpg,문화시설,문화관광,전시시설,전시관,38,여수시,34.846502927,127.5566200664,
2697941,여수밤바다 힐링파크 호스텔,전남광주통합특별시 여수시 돌산읍 진모1길 29-38,,숙박,숙박,호스텔,게스트하우스,38,여수시,34.706522079,127.7571144031,
2783343,여수밥상갈치야,전남광주통합특별시 여수시 돌산읍 향일암로 378,http://tong.visitkorea.or.kr/cms/resource/37/2783537_image2_1.jpg,음식점,음식,한식,관광식당,38,여수시,34.6066309983,127.7874281776,
2778024,여수선사유적공원,전남광주통합특별시 여수시 화장동 945-1,http://tong.visitkorea.or.kr/cms/resource/00/2796000_image2_1.jpg,관광지,문화관광,도시공원,주제공원,38,여수시,34.7788065099,127.6462722638,
3080532,여수세계박람회 스카이타워,전남광주통합특별시 여수시 박람회길 1 (덕충동),http://tong.visitkorea.or.kr/cms/resource/27/3080527_image2_1.jpg,관광지,문화관광,랜드마크관광,타워 / 전망대,38,여수시,34.7508669389,127.7469836066,
2783118,여수수산시장,전남광주통합특별시 여수시 여객선터미널길 24 (교동),http://tong.visitkorea.or.kr/cms/resource/06/2787606_image2_1.jpg,쇼핑,쇼핑,시장,상설시장,38,여수시,34.7381847622,127.7317935902,
129984,여수시문화원,전남광주통합특별시 여수시 이순신광장로 200-7 (종화동),http://tong.visitkorea.or.kr/cms/resource/93/3552393_image2_1.JPG,문화시설,문화관광,교육시설,한국문화원,38,여수시,34.7392654392,127.7457895608,
2795106,여수신항,전남광주통합특별시 여수시 수정동 781,http://tong.visitkorea.or.kr/cms/resource/88/3438988_image2_1.jpg,관광지,자연관광,자연경관(하천‧해양),항구/포구,38,여수시,34.7432290287,127.7541303976,
2638438,여수예술랜드,전남광주통합특별시 여수시 돌산읍 무술목길 142-1,http://tong.visitkorea.or.kr/cms/resource/98/3350698_image2_1.jpg,관광지,문화관광,테마공원,테마파크,38,여수시,34.6951848084,127.7772934839,
2371937,"여수의 맛, 돌산 갓김치를 찾아서",,,여행코스,추천코스,맛코스,맛코스,38,여수시,34.6413571979,127.7600352457,
2730021,여수자매로카라반캠핑장,전남광주통합특별시 여수시 화양면 자매로 170,http://tong.visitkorea.or.kr/cms/resource/86/3011486_image2_1.jpg,레포츠,숙박,캠핑,카라반,38,여수시,34.6639209874,127.5784588781,
2931223,여수장터,전남광주통합특별시 여수시 어항단지로 205,http://tong.visitkorea.or.kr/cms/resource/05/2931205_image2_1.jpg,음식점,음식,한식,관광식당,38,여수시,34.7307160898,127.7280468858,
2706514,여수한옥체험관,전남광주통합특별시 여수시 소라면 상관길 47,http://tong.visitkorea.or.kr/cms/resource/04/3021504_image2_1.jpg,숙박,숙박,펜션/민박,한옥스테이,38,여수시,34.7485512874,127.6300855578,
1954941,여수향교,전남광주통합특별시 여수시 군자길 46 (군자동),http://tong.visitkorea.or.kr/cms/resource/59/3580359_image2_1.jpg,관광지,역사관광,역사유적지,사당,38,여수시,34.7432731167,127.7338210615,
2752387,여천선착장,전남광주통합특별시 여수시 남면 여천금이길 11-9,http://tong.visitkorea.or.kr/cms/resource/08/3549108_image2_1.JPG,관광지,자연관광,자연경관(하천‧해양),항구/포구,38,여수시,34.5502505871,127.7526743,
1883086,연경당,전남광주통합특별시 광양시 중흥로 13-40,http://tong.visitkorea.or.kr/cms/resource/80/2918180_image2_1.jpg,숙박,숙박,펜션/민박,한옥스테이,38,광양시,35.0156899854,127.5859520697,
1391059,연곡서원,전남광주통합특별시 장흥군 장흥읍 연곡길 31,http://tong.visitkorea.or.kr/cms/resource/58/3382058_image2_1.JPG,관광지,역사관광,역사유적지,사당,38,장흥군,34.683102124,126.919918921,
2788120,연기암,전남광주통합특별시 구례군 마산면 연기암길 393,http://tong.visitkorea.or.kr/cms/resource/53/2799453_image2_1.jpg,관광지,역사관광,종교성지,불교,38,구례군,35.2688017295,127.5046027163,
2387053,연도(여수),전남광주통합특별시 여수시 남면 연도리,http://tong.visitkorea.or.kr/cms/resource/27/3580327_image2_1.jpg,관광지,자연관광,자연경관(하천‧해양),섬,38,여수시,34.4367446659,127.8022783877,
579414,연홍도,전남광주통합특별시 고흥군 금산면,http://tong.visitkorea.or.kr/cms/resource/28/3589428_image2_1.jpg,관광지,자연관광,자연경관(하천‧해양),섬,38,고흥군,34.4578746712,127.0912649495,
337512,연흥사,전남광주통합특별시 영광군 군남면 육창로 2 (군남면),http://tong.visitkorea.or.kr/cms/resource/27/3378927_image2_1.JPG,관광지,역사관광,종교성지,불교,38,영광군,35.1803823327,126.427619646,
2777977,연희네슈퍼,전남광주통합특별시 목포시 해안로127번길 14-2 (서산동),http://tong.visitkorea.or.kr/cms/resource/96/3430496_image2_1.jpg,관광지,체험관광,기타체험,기타체험관광,38,목포시,34.7817848341,126.3773226716,
3537174,염산골손맛집,전남광주통합특별시 영광군 염산면 향화로5길 12,,음식점,음식,한식,관광식당,38,영광군,35.2119917906,126.3760401148,
129098,염포마을,전남광주통합특별시 고흥군 봉래면 우주로 3949,http://tong.visitkorea.or.kr/cms/resource/93/3344793_image2_1.JPG,관광지,문화관광,도시.지역문화관광,마을관광지,38,고흥군,34.4223270909,127.4930862559,
2760798,염포항(중촌방파제),전남광주통합특별시 고흥군 봉래면 산골길 1-30,http://tong.visitkorea.or.kr/cms/resource/10/3344810_image2_1.JPG,관광지,자연관광,자연경관(하천‧해양),항구/포구,38,고흥군,34.4236907923,127.4910169591,
1623658,염포해수욕장,전남광주통합특별시 고흥군 봉래면 외초리,http://tong.visitkorea.or.kr/cms/resource/31/3521931_image2_1.jpg,관광지,자연관광,자연경관(하천‧해양),해변. 해수욕장,38,고흥군,34.4318176967,127.4930388032,
129220,영광 법성진 숲쟁이,전남광주통합특별시 영광군 법성면 연우로 34,http://tong.visitkorea.or.kr/cms/resource/38/3057538_image2_1.jpg,관광지,자연관광,자연경관(산),숲,38,영광군,35.3646200606,126.4436081218,
129221,영광 성산리 지석묘군,전남광주통합특별시 영광군 홍농읍 성산리 산103-2,http://tong.visitkorea.or.kr/cms/resource/90/3381990_image2_1.JPG,관광지,역사관광,역사유적지,선사유적지,38,영광군,35.4145421761,126.4437124285,
1939446,영광 용암마을,전남광주통합특별시 영광군 군남면 육창로1길 50-1,http://tong.visitkorea.or.kr/cms/resource/91/3582491_image2_1.jpg,관광지,체험관광,농.산.어촌 체험,체험마을,38,영광군,35.1965750576,126.4344547522,
2876922,영광고추특화시장,전남광주통합특별시 영광군 영광읍 신남로 100-35,http://tong.visitkorea.or.kr/cms/resource/01/2876901_image2_1.jpg,쇼핑,쇼핑,시장,비상설시장,38,영광군,35.2747616412,126.4941225265,
2876939,영광굴비정식,전남광주통합특별시 영광군 법성포로3길 6-5,http://tong.visitkorea.or.kr/cms/resource/32/2876932_image2_1.jpg,음식점,음식,한식,관광식당,38,영광군,35.3587512795,126.4434888334,
2876958,영광맛집 호타루,전남광주통합특별시 영광군 영광읍 대하길 35,http://tong.visitkorea.or.kr/cms/resource/50/2876950_image2_1.jpg,음식점,음식,외국식,일식,38,영광군,35.2741923125,126.4972194882,
2876981,영광백수식당,전남광주통합특별시 영광군 백수읍 천마길 9,http://tong.visitkorea.or.kr/cms/resource/69/2876969_image2_1.jpg,음식점,음식,한식,관광식당,38,영광군,35.2827400702,126.4205983041,
129219,영광법성진성,전남광주통합특별시 영광군 법성면 진내리,http://tong.visitkorea.or.kr/cms/resource/80/3535880_image2_1.jpg,관광지,역사관광,역사유적지,성ㆍ산성ㆍ성곽,38,영광군,35.3648922351,126.4425998711,
2681390,영광의 유서 깊은 불교 역사와 아름다운 자연탐방,전남광주통합특별시 영광군 불갑면 불갑사로 450,http://tong.visitkorea.or.kr/cms/resource/59/2647159_image2_1.jpg,여행코스,추천코스,힐링코스,힐링코스,38,영광군,35.1997127345,126.5500610856,
129222,영광정유재란열부순절지,전남광주통합특별시 영광군 백수읍 해안로 847-8,http://tong.visitkorea.or.kr/cms/resource/65/3535865_image2_1.jpg,관광지,역사관광,역사유적지,기타역사유적지,38,영광군,35.344888056,126.38893014,
2877084,영광토우,전남광주통합특별시 영광군 월현로 210   1층,http://tong.visitkorea.or.kr/cms/resource/14/2951214_image2_1.jpg,음식점,음식,한식,관광식당,38,영광군,35.2906764637,126.4916473523,
1954943,영광향교,전남광주통합특별시 영광군 영광읍 향교길 32,http://tong.visitkorea.or.kr/cms/resource/71/3378971_image2_1.JPG,관광지,역사관광,역사유적지,사당,38,영광군,35.2737482985,126.5200369171,
1957431,영귀서원,전남광주통합특별시 곡성군 겸면 현정길 49-23,http://tong.visitkorea.or.kr/cms/resource/39/3550639_image2_1.jpg,관광지,역사관광,역사유적지,사당,38,곡성군,35.2534448337,127.1654524866,
2782706,영남용바위,전남광주통합특별시 고흥군 영남면 용바위길 22,,관광지,자연관광,자연생태,기암괴석,38,고흥군,34.5940747981,127.5068030066,
2742073,영란횟집,전남광주통합특별시 목포시 번화로 42-1 (만호동),http://tong.visitkorea.or.kr/cms/resource/34/2742434_image2_1.jpg,음식점,음식,한식,관광식당,38,목포시,34.7861594519,126.3840775257,
319706,영보정,전남광주통합특별시 영암군 덕진면 영보정길 10-8,http://tong.visitkorea.or.kr/cms/resource/01/3519501_image2_1.jpg,관광지,역사관광,역사유적지,기타역사유적지,38,영암군,34.829843619,126.7325873757,
1623794,영산강,전남광주통합특별시 담양군 수북면 개동신기길,http://tong.visitkorea.or.kr/cms/resource/69/3378169_image2_1.JPG,관광지,자연관광,자연경관(하천‧해양),강,38,담양군,35.2772856399,126.9472239597,
2603506,영산강 황포돛배,전남광주통합특별시 나주시 등대길 80,http://tong.visitkorea.or.kr/cms/resource/18/3378218_image2_1.JPG,관광지,체험관광,기타체험,기타체험관광,38,나주시,35.0027431654,126.7074964551,
2621304,영산나루,전남광주통합특별시 나주시 주면1길 14 (이창동),,숙박,숙박,호스텔,게스트하우스,38,나주시,34.9979269981,126.7048745837,
129422,영산포 등대,전남광주통합특별시 나주시 영산동,http://tong.visitkorea.or.kr/cms/resource/04/3534204_image2_1.jpg,관광지,문화관광,랜드마크관광,등대,38,나주시,34.9996157647,126.7089297388,
1185331,영산포 홍어거리,전남광주통합특별시 나주시 영산동,http://tong.visitkorea.or.kr/cms/resource/17/3346417_image2_1.JPG,관광지,문화관광,도시.지역문화관광,"골목길, 문화거리",38,나주시,34.9999657492,126.7103907128,
132166,"영산포풍물시장(5, 10일)",전남광주통합특별시 나주시 풍물시장2길 12-14 (이창동),http://tong.visitkorea.or.kr/cms/resource/36/1972036_image2_1.jpg,쇼핑,쇼핑,시장,비상설시장,38,나주시,34.9915055499,126.7078383684,
128428,영암 영보마을,전남광주통합특별시 영암군 덕진면 영보로 310,http://tong.visitkorea.or.kr/cms/resource/15/3551515_image2_1.jpg,관광지,체험관광,농.산.어촌 체험,체험마을,38,영암군,34.8279188379,126.7327290771,
250280,영암 장천리 선사주거지,전남광주통합특별시 영암군 서호면 선사주거로 308,http://tong.visitkorea.or.kr/cms/resource/98/3538498_image2_1.jpg,관광지,역사관광,역사유적지,선사유적지,38,영암군,34.7512027782,126.5837246379,
2744422,영암 프리미엄 키즈글램핑,전남광주통합특별시 영암군 시종면 신학1로 47,http://tong.visitkorea.or.kr/cms/resource/82/2744682_image2_1.JPG,레포츠,숙박,캠핑,글램핑장,38,영암군,34.8308189245,126.5901332515,
129658,영암 학계리석불입상,전남광주통합특별시 영암군 학산면 학계리 368,http://tong.visitkorea.or.kr/cms/resource/95/3539095_image2_1.jpg,관광지,역사관광,역사유물,불상,38,영암군,34.7008423425,126.6181672655,
2779301,영암곤충박물관,전남광주통합특별시 영암군 영암읍 기찬랜드로 41,http://tong.visitkorea.or.kr/cms/resource/53/3553853_image2_1.jpg,문화시설,문화관광,전시시설,박물관,38,영암군,34.7903583844,126.6851369678,
2739357,영암군국민여가캠핑장,전남광주통합특별시 영암군 영암읍 영암로 1482-54,http://tong.visitkorea.or.kr/cms/resource/31/2739531_image2_1.JPG,레포츠,숙박,캠핑,일반야영장,38,영암군,34.7895113694,126.6918863938,
319575,영암내동리쌍무덤,전남광주통합특별시 영암군 시종면 내동리 산579-1,http://tong.visitkorea.or.kr/cms/resource/77/3539077_image2_1.jpg,관광지,역사관광,역사유적지,"고분, 능",38,영암군,34.8696981486,126.606422534,
129710,영암문화원,전남광주통합특별시 영암군 영암읍 교동로 55,http://tong.visitkorea.or.kr/cms/resource/61/3590261_image2_1.jpg,문화시설,문화관광,교육시설,한국문화원,38,영암군,34.7969632971,126.6911807185,
2393478,영암의 명물 기찬랜드와 낙지요리 코스,,http://tong.visitkorea.or.kr/cms/resource/91/1073391_image2_1.jpg,여행코스,추천코스,가족코스,가족코스,38,영암군,34.7917082337,126.6852119282,
132077,"영암장 (5, 10일)",전남광주통합특별시 영암군 영암읍 오일시장길 28,http://tong.visitkorea.or.kr/cms/resource/44/1972044_image2_1.jpg,쇼핑,쇼핑,시장,비상설시장,38,영암군,34.8013074122,126.7007936539,
1214029,영암향교,전남광주통합특별시 영암군 영암읍 교동로 73,http://tong.visitkorea.or.kr/cms/resource/76/3382076_image2_1.JPG,관광지,역사관광,역사유적지,사당,38,영암군,34.7968855591,126.6930305573,
1374674,영일관,전남광주통합특별시 광양시 옥곡면 신금산단5길 76,,음식점,음식,한식,관광식당,38,광양시,34.9751107476,127.7190969808,
2844072,영천수산,전남광주통합특별시 장흥군 안양로 151,http://tong.visitkorea.or.kr/cms/resource/64/2844064_image2_1.jpg,음식점,음식,한식,관광식당,38,장흥군,34.6515815938,126.9757203452,
128017,영취산(여수),전남광주통합특별시 여수시 중흥동,http://tong.visitkorea.or.kr/cms/resource/85/3548985_image2_1.JPG,관광지,자연관광,자연경관(산),"산, 고개, 오름, 봉우리",38,여수시,34.8167367653,127.7140598088,
2748384,영해공원,전남광주통합특별시 무안군 운남면 동암리 1094,http://tong.visitkorea.or.kr/cms/resource/14/3535714_image2_1.jpg,관광지,문화관광,도시공원,시민공원,38,무안군,34.9237686947,126.3690366478,
2932810,예담은(사단법인예담은규방문화원),전남광주통합특별시 영암군 군서면 왕인로 710-29,http://tong.visitkorea.or.kr/cms/resource/64/3552264_image2_1.jpg,관광지,체험관광,공예체험,기타공예체험,38,영암군,34.7749206017,126.6470990306,
2776502,예술과 낭만의 도시 목포 문화여행 1박2일 코스,전남광주통합특별시 목포시 영산로29번길 6 (대의동2가),http://tong.visitkorea.or.kr/cms/resource/44/2662644_image2_1.bmp,여행코스,추천코스,힐링코스,힐링코스,38,목포시,34.7877370151,126.3817999111,
1957433,예양서원,전남광주통합특별시 장흥군 장흥읍 예양4길 15-7,http://tong.visitkorea.or.kr/cms/resource/45/3381145_image2_1.JPG,관광지,역사관광,역사유적지,사당,38,장흥군,34.6764330935,126.8998875114,
1364558,예원,전남광주통합특별시 구례군 마산면 화엄사로 381,,음식점,음식,한식,관광식당,38,구례군,35.243157115,127.4881326082,
2371879,예향,전남광주통합특별시 강진군 강진읍 보은로3길 11-1,http://tong.visitkorea.or.kr/cms/resource/88/2371888_image2_1.jpg,음식점,음식,한식,관광식당,38,강진군,34.6384685621,126.7721191147,
134277,예향한정식,전남광주통합특별시 나주시 나주천1길 79,,음식점,음식,한식,관광식당,38,나주시,35.0300290981,126.714772917,
2394421,옛 정취가 잠든 오래된 도시를 걷다.,,http://tong.visitkorea.or.kr/cms/resource/76/1607976_image2_1.jpg,여행코스,추천코스,도보코스,도보코스,38,영암군,34.7616022092,126.6200989565,
2866580,옛날그집,전남광주통합특별시 여수시 통제영3길 6   1층,http://tong.visitkorea.or.kr/cms/resource/63/2866563_image2_1.jpg,음식점,음식,한식,관광식당,38,여수시,34.7405900903,127.7342072069,
2923902,옛날두부,전남광주통합특별시 화순군 시장길 33 재명상사,http://tong.visitkorea.or.kr/cms/resource/88/2923888_image2_1.jpg,음식점,음식,한식,관광식당,38,화순군,35.0587164829,126.983042953,
2729624,옛서당캠핑농원,전남광주통합특별시 장성군 삼계면 화산길 1,http://tong.visitkorea.or.kr/cms/resource/48/2729548_image2_1.jpg,레포츠,숙박,캠핑,일반야영장,38,장성군,35.2858379049,126.6448560947,
2840247,오데온,전남광주통합특별시 장성군 노사로 514,http://tong.visitkorea.or.kr/cms/resource/45/2840245_image2_1.JPG,음식점,음식,카페/ 찻집,카페,38,장성군,35.2719149035,126.8350784696,
2750933,오도선착장,전남광주통합특별시 신안군 암태면 박달로 7,http://tong.visitkorea.or.kr/cms/resource/44/3559144_image2_1.jpg,관광지,자연관광,자연경관(하천‧해양),항구/포구,38,신안군,34.8618277772,126.1569846862,
129152,오동도 등대,전남광주통합특별시 여수시 오동도로 238-32 (수정동),http://tong.visitkorea.or.kr/cms/resource/34/3019934_image2_1.jpg,관광지,문화관광,랜드마크관광,등대,38,여수시,34.7444013572,127.7678097276,
2752381,오동도 유람선터미널,전남광주통합특별시 여수시 수정동 332-23,http://tong.visitkorea.or.kr/cms/resource/88/3346488_image2_1.JPG,관광지,체험관광,기타체험,유람선/잠수함관광,38,여수시,34.7409126522,127.7558803038,
2790514,오동도-여자만자전거길,전남광주통합특별시 여수시 소호동,http://tong.visitkorea.or.kr/cms/resource/91/2792391_image2_1.jpg,레포츠,레저스포츠,육상레저스포츠,자전거하이킹,38,여수시,34.7370361237,127.6424181039,
3102200,오래된 숲(송산),전남광주통합특별시 장흥군 장흥읍 송산길 59,,숙박,숙박,펜션/민박,한옥스테이,38,장흥군,34.6530355573,126.8901667154,
2621021,"오랜 역사와 신명나는 축제가 어우러진 여행, 재미 나주!",전남광주통합특별시 나주시 반남면 고분로 747,http://tong.visitkorea.or.kr/cms/resource/07/2614607_image2_1.jpg,여행코스,추천코스,가족코스,가족코스,38,나주시,34.9149272587,126.6590084523,
3354209,오로시예술공방(주식회사오로시프로젝트),전남광주통합특별시 화순군 능주면 잠정햇살길 22 상가 5호 (1층),http://tong.visitkorea.or.kr/cms/resource/81/3354181_image2_1.jpg,관광지,체험관광,기타체험,기타체험관광,38,화순군,34.9825552318,126.959935781,
2755811,오룡시장,전남광주통합특별시 무안군 삼향읍 남악3로 15,http://tong.visitkorea.or.kr/cms/resource/15/3535415_image2_1.jpg,쇼핑,쇼핑,시장,상설시장,38,무안군,34.8069166899,126.459809225,
2868082,오리앤오리,전남광주통합특별시 장흥군 우드랜드길 84,http://tong.visitkorea.or.kr/cms/resource/72/2868072_image2_1.jpg,음식점,음식,한식,관광식당,38,장흥군,34.6718729236,126.9256075847,
2833215,오마이밥,전남광주통합특별시 담양군 죽향대로 1302-1,http://tong.visitkorea.or.kr/cms/resource/06/2833206_image2_1.png,음식점,음식,한식,관광식당,38,담양군,35.3178457042,126.9921022935,
3532595,오브헤리티지,전남광주통합특별시 고흥군 도양읍 용정등넘길 73,,숙박,숙박,펜션/민박,한옥스테이,38,고흥군,34.5466266196,127.1371420931,
126637,오산(구례),전남광주통합특별시 구례군 문척면 일대,http://tong.visitkorea.or.kr/cms/resource/89/3569889_image2_1.jpg,관광지,자연관광,자연경관(산),"산, 고개, 오름, 봉우리",38,구례군,35.1798002407,127.4806682302,
1941142,오산어촌체험마을,전남광주통합특별시 해남군 북평면 오산길 88,http://tong.visitkorea.or.kr/cms/resource/74/3381374_image2_1.JPG,관광지,체험관광,농.산.어촌 체험,체험어장,38,해남군,34.4134111103,126.6430886481,
2508905,오성회관,전남광주통합특별시 여수시 이순신광장로 206,,음식점,음식,한식,관광식당,38,여수시,34.7394487401,127.7450896172,
2765204,오소재쉼터,전남광주통합특별시 해남군 북일면 흥촌리 산117-7,http://tong.visitkorea.or.kr/cms/resource/02/3591502_image2_1.jpg,관광지,자연관광,자연경관(산),"산, 고개, 오름, 봉우리",38,해남군,34.4822174145,126.6506085641,
1348733,오죽헌한정식,전남광주통합특별시 여수시 시청서1길 36,,음식점,음식,한식,관광식당,38,여수시,34.7583451702,127.6611075954,
2872781,오케이목장가든,전남광주통합특별시 화순군 안양산로 72,http://tong.visitkorea.or.kr/cms/resource/68/2872768_image2_1.jpg,음식점,음식,한식,관광식당,38,화순군,35.0707959478,126.999080124,
2846512,오페라하우스,전남광주통합특별시 담양군 가사문학로 1149,http://tong.visitkorea.or.kr/cms/resource/93/2846493_image2_1.JPG,음식점,음식,외국식,서양식,38,담양군,35.176728958,127.0296469847,
2891358,오프더커프,전남광주통합특별시 담양군 대전면 추성1로 425-9,http://tong.visitkorea.or.kr/cms/resource/54/2891354_image2_1.JPG,음식점,음식,카페/ 찻집,카페,38,담양군,35.2878198618,126.9060995568,
2754764,옥곡시장,전남광주통합특별시 광양시 옥곡면 큰골1길 2-26,,쇼핑,쇼핑,시장,비상설시장,38,광양시,34.9882339529,127.7006843695,
2846536,옥담,전남광주통합특별시 담양군 연산길 89-11,http://tong.visitkorea.or.kr/cms/resource/27/2846527_image2_1.JPG,음식점,음식,카페/ 찻집,카페,38,담양군,35.2721088155,126.9688971719,
337552,옥련사(강진),전남광주통합특별시 강진군 강진읍 옥련사길 86,http://tong.visitkorea.or.kr/cms/resource/25/3538525_image2_1.jpg,관광지,역사관광,종교성지,불교,38,강진군,34.6062412829,126.7515911456,
2840259,옥정가든,전남광주통합특별시 장성군 구대해길 65-7,http://tong.visitkorea.or.kr/cms/resource/56/2840256_image2_1.JPG,음식점,음식,한식,관광식당,38,장성군,35.2628729306,126.7562829,
1957442,옥천서원(순천),전남광주통합특별시 순천시 임청대길 18,http://tong.visitkorea.or.kr/cms/resource/46/3370546_image2_1.JPG,관광지,역사관광,역사유적지,사당,38,순천시,34.9522063796,127.4787131086,
337559,옴천사(강진),전남광주통합특별시 강진군 옴천면 장강로 1445-14,http://tong.visitkorea.or.kr/cms/resource/61/3377861_image2_1.JPG,관광지,역사관광,종교성지,불교,38,강진군,34.7365551105,126.792739912,
1524481,와보랑께박물관,전남광주통합특별시 강진군 병영면 장강로 804-6,http://tong.visitkorea.or.kr/cms/resource/04/3562104_image2_1.jpg,문화시설,문화관광,전시시설,박물관,38,강진군,34.6997653663,126.8267933686,
228908,완도 금일 수협활·선어위판장,전남광주통합특별시 완도군 완도읍 해변공원로124번길 26,http://tong.visitkorea.or.kr/cms/resource/86/3590786_image2_1.jpg,쇼핑,쇼핑,시장,상설시장,38,완도군,34.3257865542,126.7497286097,
126421,완도 묘당도 이충무공 유적,전남광주통합특별시 완도군 고금면 세동84번길 86-31,http://tong.visitkorea.or.kr/cms/resource/40/3380740_image2_1.JPG,관광지,역사관광,역사유적지,"고분, 능",38,완도군,34.4004466868,126.8598255042,
1935353,완도 울모래마을,전남광주통합특별시 완도군 신지면 울몰길 84,http://tong.visitkorea.or.kr/cms/resource/58/3551858_image2_1.jpg,관광지,체험관광,농.산.어촌 체험,체험마을,38,완도군,34.3268933142,126.8303881833,
147768,완도 청해진 유적,전남광주통합특별시 완도군 완도읍 청해진로 1380-138,http://tong.visitkorea.or.kr/cms/resource/41/3591541_image2_1.jpg,관광지,역사관광,역사유적지,기타역사유적지,38,완도군,34.3600075187,126.73703446,
2037306,완도 청해포구촬영장,전남광주통합특별시 완도군 완도읍 청해진서로 1161-8 (완도읍),http://tong.visitkorea.or.kr/cms/resource/63/3354463_image2_1.jpg,관광지,체험관광,기타체험,기타체험관광,38,완도군,34.3233133069,126.6704022883,
2731143,완도명사십리오토캠핑장,전남광주통합특별시 완도군 신지면 해양치유길 54,http://tong.visitkorea.or.kr/cms/resource/77/2731477_image2_1.jpg,레포츠,숙박,캠핑,오토캠핑장,38,완도군,34.3300954376,126.8123646853,
1752704,완도문화예술의전당,전남광주통합특별시 완도군 완도읍 개포로159번길 55,http://tong.visitkorea.or.kr/cms/resource/60/3590160_image2_1.jpg,문화시설,문화관광,공연시설,공연장,38,완도군,34.3236644374,126.7416988086,
2844045,완도어반,전남광주통합특별시 완도군 장보고대로 334,http://tong.visitkorea.or.kr/cms/resource/36/2844036_image2_1.jpg,음식점,음식,한식,관광식당,38,완도군,34.3155351082,126.7610195314,
130504,완도어촌민속전시관,전남광주통합특별시 완도군 완도읍 화흥포길 149,http://tong.visitkorea.or.kr/cms/resource/85/3381085_image2_1.JPG,문화시설,문화관광,전시시설,전시관,38,완도군,34.3073376133,126.6885705203,
3010637,완도타워 모노레일,전남광주통합특별시 완도군 완도읍 장보고대로 332,http://tong.visitkorea.or.kr/cms/resource/11/3010611_image2_1.jpg,관광지,체험관광,기타체험,기타체험관광,38,완도군,34.3151684888,126.761397285,
2703403,완도항 여객선터미널,전남광주통합특별시 완도군 완도읍 장보고대로 339,http://tong.visitkorea.or.kr/cms/resource/73/3551873_image2_1.jpg,관광지,체험관광,기타체험,유람선/잠수함관광,38,완도군,34.3165544416,126.7611639389,
1954957,완도향교,전남광주통합특별시 완도군 완도읍 죽청길 94-73,http://tong.visitkorea.or.kr/cms/resource/73/3382673_image2_1.JPG,관광지,역사관광,역사유적지,사당,38,완도군,34.3458617259,126.7277744987,
2795346,왕곡가든,전남광주통합특별시 나주시 왕곡면 나주서부로 389,http://tong.visitkorea.or.kr/cms/resource/16/2798516_image2_1.JPG,음식점,음식,한식,관광식당,38,나주시,34.9676520631,126.6705950242,
3355103,왕궁,전남광주통합특별시 목포시 호남로64번길 28-1 (대안동),http://tong.visitkorea.or.kr/cms/resource/99/3423299_image2_1.jpg,음식점,음식,외국식,중식,38,목포시,34.7918754839,126.3845995642,
2840055,왕성식당,전남광주통합특별시 강진군 보은로3길 45,http://tong.visitkorea.or.kr/cms/resource/51/2840051_image2_1.jpg,음식점,음식,한식,관광식당,38,강진군,34.6408710367,126.7701053445,
128292,외달도,전남광주통합특별시 목포시 외달도길 72 (달동),http://tong.visitkorea.or.kr/cms/resource/11/2497011_image2_1.jpeg,관광지,자연관광,자연경관(하천‧해양),섬,38,목포시,34.781711299,126.2963937134,
1346799,외동어촌체험마을,전남광주통합특별시 여수시 대경도길 2 (경호동),http://tong.visitkorea.or.kr/cms/resource/40/3549140_image2_1.JPG,관광지,체험관광,농.산.어촌 체험,체험어장,38,여수시,34.7219086446,127.7224142684,
2754448,요리온(YORION),전남광주통합특별시 담양군 월산면 도개길 15-56,http://tong.visitkorea.or.kr/cms/resource/00/2754500_image2_1.jpg,음식점,음식,외국식,서양식,38,담양군,35.3401675311,126.954043987,
1957444,용강서원(순천),전남광주통합특별시 순천시 공마당1길 64,http://tong.visitkorea.or.kr/cms/resource/16/3370716_image2_1.JPG,관광지,역사관광,역사유적지,사당,38,순천시,34.9556198416,127.4761854654,
135021,용궁해물탕,전남광주통합특별시 해남군 해남읍 행운길 7,http://tong.visitkorea.or.kr/cms/resource/94/689594_image2_1.jpg,음식점,음식,한식,관광식당,38,해남군,34.5690818564,126.6009164045,
2723815,용동해수욕장,전남광주통합특별시 고흥군 도덕면 용동리 590,http://tong.visitkorea.or.kr/cms/resource/64/3344864_image2_1.JPG,관광지,자연관광,자연경관(하천‧해양),해변. 해수욕장,38,고흥군,34.6323538997,127.1829193027,
2792632,용두마을,전남광주통합특별시 구례군 토지면 용두리,http://tong.visitkorea.or.kr/cms/resource/09/3529909_image2_1.jpg,관광지,체험관광,농.산.어촌 체험,체험마을,38,구례군,35.2006565854,127.5015714083,
346630,용문사(여수),전남광주통합특별시 여수시 화양면 용문사길 91,http://tong.visitkorea.or.kr/cms/resource/77/3549577_image2_1.JPG,관광지,역사관광,종교성지,불교,38,여수시,34.7258868639,127.6128959689,
1957446,용산서원(보성),전남광주통합특별시 보성군 미력면 덕림리,http://tong.visitkorea.or.kr/cms/resource/40/3551540_image2_1.jpg,관광지,역사관광,역사유적지,사당,38,보성군,34.799494937,127.1047470263,
228886,용산전망대,전남광주통합특별시 순천시 해룡면 순천만길 513-51,http://tong.visitkorea.or.kr/cms/resource/17/3590517_image2_1.jpg,관광지,문화관광,랜드마크관광,타워 / 전망대,38,순천시,34.8730493045,127.5193226643,
2742175,용월사,전남광주통합특별시 여수시 돌산읍 월전길 129-60,http://tong.visitkorea.or.kr/cms/resource/92/3549292_image2_1.JPG,관광지,역사관광,종교성지,불교,38,여수시,34.7037007384,127.7897616224,
129233,용천사 꽃무릇공원,전남광주통합특별시 함평군 해보면 용천사길 209,http://tong.visitkorea.or.kr/cms/resource/45/3061145_image2_1.jpg,관광지,자연관광,자연공원,생태관광지,38,함평군,35.1835672591,126.5452924633,
1854619,용천사 붉은 꽃무릇 보러 갈까?,,http://tong.visitkorea.or.kr/cms/resource/16/1810116_image2_1.jpg,여행코스,추천코스,가족코스,가족코스,38,함평군,35.1352747771,126.5018863899,
129246,용천사(함평),전남광주통합특별시 함평군 해보면 용천사길 209,http://tong.visitkorea.or.kr/cms/resource/70/3061070_image2_1.jpg,관광지,역사관광,종교성지,불교,38,함평군,35.1834950462,126.5453369056,
2794955,용천식당,전남광주통합특별시 진도군 의신면 초평길 64,http://tong.visitkorea.or.kr/cms/resource/61/2798061_image2_1.JPG,음식점,음식,한식,관광식당,38,진도군,34.4155280994,126.3364044379,
705136,용호정원림,전남광주통합특별시 장흥군 부산면 용반1길 213-34,http://tong.visitkorea.or.kr/cms/resource/16/3350816_image2_1.jpg,관광지,역사관광,역사유적지,기타역사유적지,38,장흥군,34.7506969674,126.8993968459,
346654,용화사(담양),전남광주통합특별시 담양군 담양읍 남촌길 77,http://tong.visitkorea.or.kr/cms/resource/27/3054527_image2_1.jpg,관광지,역사관광,종교성지,불교,38,담양군,35.3130239846,126.9895970818,
346657,용흥사(담양),전남광주통합특별시 담양군 월산면 용흥사길 442,http://tong.visitkorea.or.kr/cms/resource/51/3562551_image2_1.jpg,관광지,역사관광,종교성지,불교,38,담양군,35.3409441239,126.8894385809,
2760827,용흥사계곡,전남광주통합특별시 담양군 월산면 용흥리,http://tong.visitkorea.or.kr/cms/resource/30/3534230_image2_1.jpg,관광지,자연관광,자연경관(산),계곡,38,담양군,35.3452408269,126.8875136428,
2795334,우남식당,전남광주통합특별시 나주시 남평읍 남평2로 50-12,http://tong.visitkorea.or.kr/cms/resource/73/2798573_image2_1.JPG,음식점,음식,외국식,중식,38,나주시,35.0468571193,126.8426250917,
579418,우도(고흥),전남광주통합특별시 고흥군 남양면 우도길,http://tong.visitkorea.or.kr/cms/resource/73/3581473_image2_1.jpg,관광지,자연관광,자연경관(하천‧해양),섬,38,고흥군,34.7236652661,127.3103086429,
2523250,우리 차 문화와 갯벌의 보고 무안 [웰촌],,,여행코스,추천코스,힐링코스,힐링코스,38,무안군,35.0650790954,126.4512953721,
2932828,우리술과힐링(주식회사우리술과힐링),전남광주통합특별시 영암군 영암읍 중앙로 51-19,,관광지,체험관광,기타체험,기타체험관광,38,영암군,34.8007379886,126.6981800093,
2840013,우리식당,전남광주통합특별시 강진군 도암중앙로 81,http://tong.visitkorea.or.kr/cms/resource/10/2840010_image2_1.jpg,음식점,음식,한식,관광식당,38,강진군,34.5471197482,126.7280974174,
2508912,우사골설렁탕,전남광주통합특별시 여수시 여서1로 116,,음식점,음식,한식,관광식당,38,여수시,34.7537659675,127.7096701296,
126640,우이도,전남광주통합특별시 신안군 도초면 우이진리길 47-9,http://tong.visitkorea.or.kr/cms/resource/35/3572135_image2_1.jpg,관광지,자연관광,자연경관(하천‧해양),섬,38,신안군,34.6185641995,125.8530978775,
126276,우전해수욕장,전남광주통합특별시 신안군 증도면 지도증도로 1684,http://tong.visitkorea.or.kr/cms/resource/20/3558920_image2_1.jpg,관광지,자연관광,자연경관(하천‧해양),해변. 해수욕장,38,신안군,34.9710734516,126.1369505122,
2844013,우정식육식당,전남광주통합특별시 목포시 신흥로69번길 18-1,http://tong.visitkorea.or.kr/cms/resource/05/2844005_image2_1.jpg,음식점,음식,한식,관광식당,38,목포시,34.8058273862,126.4270732545,
1968523,우주과학 체험여행,,http://tong.visitkorea.or.kr/cms/resource/18/948618_image2_1.jpg,여행코스,추천코스,가족코스,가족코스,38,고흥군,34.4464749631,127.5264716326,
1623761,운암사(광양),전남광주통합특별시 광양시 옥룡면 운암길 83,http://tong.visitkorea.or.kr/cms/resource/03/3533603_image2_1.jpg,관광지,역사관광,종교성지,불교,38,광양시,35.046634109,127.6079326787,
128072,운암산(고흥),전남광주통합특별시 고흥군 두원면 운대리,http://tong.visitkorea.or.kr/cms/resource/97/3547697_image2_1.jpg,관광지,자연관광,자연경관(산),"산, 고개, 오름, 봉우리",38,고흥군,34.6242351567,127.3347173131,
126359,운주사,전남광주통합특별시 화순군 도암면 천태로 91-44 (도암면),,관광지,역사관광,종교성지,불교,38,화순군,34.9255908663,126.8804275401,
2614841,운주사 층상응회암 (무등산권 국가지질공원),전남광주통합특별시 화순군 도암면 천태로 91-44,http://tong.visitkorea.or.kr/cms/resource/86/2917986_image2_1.jpg,관광지,자연관광,자연생태,기암괴석,38,화순군,34.9232688833,126.8791110465,
1874729,운치 있는 산사에서의 하루,,,여행코스,추천코스,힐링코스,힐링코스,38,순천시,35.0619418748,127.5142988488,
129513,운흥사(나주),전남광주통합특별시 나주시 다도면 암정로 398,http://tong.visitkorea.or.kr/cms/resource/52/3529452_image2_1.jpg,관광지,역사관광,종교성지,불교,38,나주시,34.9088469977,126.8022570696,
2514627,웅천친수공원,전남광주통합특별시 여수시 예울마루로 37-40 (웅천동),http://tong.visitkorea.or.kr/cms/resource/33/3529833_image2_1.jpg,관광지,문화관광,도시공원,시민공원,38,여수시,34.7460827981,127.6693849597,
2743830,웅천친수공원 야영장,전남광주통합특별시 여수시 예울마루로 37-40 (웅천동),http://tong.visitkorea.or.kr/cms/resource/45/2744345_image2_1.jpg,레포츠,숙박,캠핑,일반야영장,38,여수시,34.7459828082,127.6693266337,
2743842,워렉스 캠핑랜드,전남광주통합특별시 화순군 한천면 죽헌로 376-37,http://tong.visitkorea.or.kr/cms/resource/79/2744379_image2_1.jpg,레포츠,숙박,캠핑,일반야영장,38,화순군,34.9736515299,127.0103037842,
319720,원갑사,전남광주통합특별시 무안군 해제면 산길로 266-27,http://tong.visitkorea.or.kr/cms/resource/77/3535777_image2_1.jpg,관광지,역사관광,종교성지,불교,38,무안군,35.0905536592,126.2622920651,
126414,원불교영산성지,전남광주통합특별시 영광군 백수읍 성지로 1218-54,http://tong.visitkorea.or.kr/cms/resource/71/3535871_image2_1.jpg,관광지,역사관광,종교성지,불교,38,영광군,35.3251993967,126.4355764795,
2782457,원조동경낙지,전남광주통합특별시 순천시 금곡길 11 (행동),http://tong.visitkorea.or.kr/cms/resource/30/2788230_image2_1.jpg,음식점,음식,한식,관광식당,38,순천시,34.954781163,127.4829182289,
3354974,원조순대떡볶이,전남광주통합특별시 목포시 영산로75번길 20-2 (대안동),http://tong.visitkorea.or.kr/cms/resource/60/3423260_image2_1.jpg,음식점,음식,간이음식,김밥 분식,38,목포시,34.791003355,126.3843218319,
2843974,원조제일돌곱창,전남광주통합특별시 목포시 해안로173번길 28,http://tong.visitkorea.or.kr/cms/resource/65/2843965_image2_1.jpg,음식점,음식,한식,관광식당,38,목포시,34.7847568047,126.3823860421,
133727,원조제일숯불갈비,전남광주통합특별시 담양군 담양읍 마두길 4,,음식점,음식,한식,관광식당,38,담양군,35.3006307773,126.9799093652,
2846587,원조창평시장국밥,전남광주통합특별시 담양군 사동길 14-25,http://tong.visitkorea.or.kr/cms/resource/76/2846576_image2_1.JPG,음식점,음식,한식,관광식당,38,담양군,35.2381662124,127.0149189581,
579742,원주도,전남광주통합특별시 고흥군 과역면 백일리,http://tong.visitkorea.or.kr/cms/resource/64/3518964_image2_1.jpg,관광지,자연관광,자연경관(하천‧해양),섬,38,고흥군,34.6679353845,127.4722180727,
226924,월남사지,전남광주통합특별시 강진군 성전면 월남1길 100,http://tong.visitkorea.or.kr/cms/resource/11/3538511_image2_1.jpg,관광지,역사관광,역사유적지,사적지,38,강진군,34.7424808762,126.7117163473,
2523285,월선체험 휴양마을,전남광주통합특별시 무안군 청계면 예술촌길 148,http://tong.visitkorea.or.kr/cms/resource/43/3551243_image2_1.jpg,관광지,체험관광,농.산.어촌 체험,체험마을,38,무안군,34.8918320679,126.45653246,
2576371,월출산 달빛정원,전남광주통합특별시 영암군 군서면 월암길 116-11,http://tong.visitkorea.or.kr/cms/resource/23/2576023_image2_1.PNG,숙박,숙박,펜션/민박,한옥스테이,38,영암군,34.7708378382,126.6537624307,
2699326,월출산 청풍명월,전남광주통합특별시 영암군 군서면 월암길 116-29,,숙박,숙박,펜션/민박,한옥스테이,38,영암군,34.7698768483,126.6545568287,
1968150,월출산과 백련사에서 바라다 보이는 한결같은 정경,,http://tong.visitkorea.or.kr/cms/resource/38/192538_image2_1.jpg,여행코스,추천코스,가족코스,가족코스,38,강진군,34.5878099623,126.7482502188,
1885596,월출산국립공원의 절경을 감상하다,,http://tong.visitkorea.or.kr/cms/resource/98/1009498_image2_1.jpg,여행코스,추천코스,도보코스,도보코스,38,영암군,34.7727942822,126.7206176021,
1885572,월출산의 기를 받으며 힐링해 볼까?,,http://tong.visitkorea.or.kr/cms/resource/75/778575_image2_1.jpg,여행코스,추천코스,힐링코스,힐링코스,38,영암군,34.5036978315,126.6196691016,
2866667,월하당,전남광주통합특별시 나주시 봉황로 110-39 (부덕동),http://tong.visitkorea.or.kr/cms/resource/54/2866654_image2_1.jpg,음식점,음식,카페/ 찻집,카페,38,나주시,34.9819319786,126.7287756438,
129318,위안 산촌마을,전남광주통합특별시 구례군 상위길 3,http://tong.visitkorea.or.kr/cms/resource/80/3590180_image2_1.jpg,관광지,체험관광,농.산.어촌 체험,체험마을,38,구례군,35.3307222399,127.488594193,
2820820,위인더랜드,전남광주통합특별시 장성군 역전로 105   2층,http://tong.visitkorea.or.kr/cms/resource/91/2820791_image2_1.jpg,관광지,체험관광,기타체험,기타체험관광,38,장성군,35.3017383853,126.7805131111,
2604937,유달산 둘레길,전남광주통합특별시 목포시 죽교동,http://tong.visitkorea.or.kr/cms/resource/55/3578455_image2_1.jpg,레포츠,레저스포츠,육상레저스포츠,기타육상레저스포츠,38,목포시,34.7973273985,126.3693563356,
2861491,유딜라이트,전남광주통합특별시 나주시 강변1길 36,http://tong.visitkorea.or.kr/cms/resource/87/2861487_image2_1.JPG,음식점,음식,카페/ 찻집,카페,38,나주시,35.0430465884,126.8515577304,
127145,유마사,전남광주통합특별시 화순군 사평면 유마로 603,http://tong.visitkorea.or.kr/cms/resource/61/3347861_image2_1.JPG,관광지,역사관광,종교성지,불교,38,화순군,35.0187769597,127.1714551192,
1985851,유성횟집,"전남광주통합특별시 목포시 청호로219번길 34-15 (산정동) 1, 2층",,음식점,음식,한식,관광식당,38,목포시,34.8080150213,126.3655980772,
2782698,유자골고흥한우프라자,전남광주통합특별시 고흥군 동강면 고흥로 4797,,음식점,음식,한식,관광식당,38,고흥군,34.8235407784,127.345964126,
2871221,유정해장국,전남광주통합특별시 여수시 통제영5길 8-1,http://tong.visitkorea.or.kr/cms/resource/10/2871210_image2_1.jpg,음식점,음식,한식,관광식당,38,여수시,34.7407151054,127.7358876126,
2865373,유진정,전남광주통합특별시 화순군 지강로 514-6 진해가든,http://tong.visitkorea.or.kr/cms/resource/68/2865368_image2_1.JPG,음식점,음식,한식,관광식당,38,화순군,35.0394506828,126.9056919286,
2514179,유채꽃 향기 따라 정남진 여행,,http://tong.visitkorea.or.kr/cms/resource/44/2546944_image2_1.jpg,여행코스,추천코스,가족코스,가족코스,38,장흥군,34.4595857774,126.9359562918,
125421,유치자연휴양림,전남광주통합특별시 장흥군 유치면 휴양림길 154,http://tong.visitkorea.or.kr/cms/resource/08/3060908_image2_1.jpg,관광지,자연관광,자연공원,자연휴양림,38,장흥군,34.7680494534,126.8323800964,
2660371,"유쾌하고도 가슴 뜨거운 여행, 목포",전남광주통합특별시 목포시 영산로29번길 6,http://tong.visitkorea.or.kr/cms/resource/69/2656469_image2_1.bmp,여행코스,추천코스,힐링코스,힐링코스,38,목포시,34.7877370151,126.3817999111,
2861542,윤뜰,전남광주통합특별시 나주시 재신길 24,http://tong.visitkorea.or.kr/cms/resource/33/2861533_image2_1.JPG,음식점,음식,카페/ 찻집,카페,38,나주시,35.0227632348,126.7138065151,
3438589,윤은재,전남광주통합특별시 나주시 향교길 36-14 (교동),,숙박,숙박,펜션/민박,한옥스테이,38,나주시,35.0334703344,126.7122647206,
577894,율도,전남광주통합특별시 신안군 지도읍 내양리,http://tong.visitkorea.or.kr/cms/resource/52/3562052_image2_1.jpg,관광지,자연관광,자연경관(하천‧해양),섬,38,신안군,34.9990384614,126.2291083346,
1957459,율봉서원,전남광주통합특별시 순천시 별량면 우산리,http://tong.visitkorea.or.kr/cms/resource/38/3346538_image2_1.JPG,관광지,역사관광,역사유적지,사당,38,순천시,34.8833917778,127.4722487549,
2871886,율포봇재가든,전남광주통합특별시 보성군 남부관광로 2299,http://tong.visitkorea.or.kr/cms/resource/62/2871862_image2_1.jpeg,음식점,음식,한식,관광식당,38,보성군,34.6688370616,127.08578248,
2743790,율포오토캠핑장,전남광주통합특별시 보성군 회천면 충의로 52,http://tong.visitkorea.or.kr/cms/resource/09/2744309_image2_1.jpg,레포츠,숙박,캠핑,오토캠핑장,38,보성군,34.6715007726,127.0929928923,
2604923,율포해수녹차센터,전남광주통합특별시 보성군 회천면 우암길 21,,관광지,체험관광,웰니스관광,온천 / 사우나 / 스파,38,보성군,34.6740309373,127.0866350548,
2022601,율포해수욕장(솔밭해변),전남광주통합특별시 보성군 회천면 우암길 24,http://tong.visitkorea.or.kr/cms/resource/29/3370529_image2_1.JPG,관광지,자연관광,자연경관(하천‧해양),해변. 해수욕장,38,보성군,34.6696814499,127.0881211428,
2924880,율포회센터,전남광주통합특별시 보성군 남부관광로 2272,http://tong.visitkorea.or.kr/cms/resource/70/2924870_image2_1.JPG,음식점,음식,한식,관광식당,38,보성군,34.6669177969,127.0837299296,
2861557,은성면옥,전남광주통합특별시 광양시 길호4길 10,http://tong.visitkorea.or.kr/cms/resource/25/2861525_image2_1.JPG,음식점,음식,한식,관광식당,38,광양시,34.9310264519,127.6985721338,
348787,은적사(여수),전남광주통합특별시 여수시 돌산읍 돌산로 1168-58,http://tong.visitkorea.or.kr/cms/resource/88/3549588_image2_1.JPG,관광지,역사관광,종교성지,불교,38,여수시,34.6197369564,127.7347963295,
348786,은적사(해남),전남광주통합특별시 해남군 은적사길 404 은적사,http://tong.visitkorea.or.kr/cms/resource/32/3383032_image2_1.JPG,관광지,역사관광,종교성지,불교,38,해남군,34.5977953128,126.6016545383,
129543,읍리지석묘와 하마비,전남광주통합특별시 완도군 청산면 읍리,http://tong.visitkorea.or.kr/cms/resource/96/3591596_image2_1.jpg,관광지,역사관광,역사유적지,선사유적지,38,완도군,34.1747082096,126.8716659875,
250349,의마총,전남광주통합특별시 곡성군 입면 송전리 807-5,http://tong.visitkorea.or.kr/cms/resource/68/3530068_image2_1.jpg,관광지,역사관광,역사유적지,"고분, 능",38,곡성군,35.3182489957,127.1872127994,
126937,이난영의 목포의 눈물 노래비,전남광주통합특별시 목포시 죽교동 산 39-1,http://tong.visitkorea.or.kr/cms/resource/73/3535173_image2_1.jpg,관광지,역사관광,역사유물,탑ㆍ비석ㆍ기념탑,38,목포시,34.787248058,126.3742644776,
1364817,이대순두부,전남광주통합특별시 구례군 산동면 지리산온천로 257 A동,,음식점,음식,한식,관광식당,38,구례군,35.3170954379,127.4562224016,
1076305,이사부크루즈,전남광주통합특별시 여수시 돌산읍 돌산로 3617-18,http://tong.visitkorea.or.kr/cms/resource/83/3578383_image2_1.png,관광지,체험관광,기타체험,유람선/잠수함관광,38,여수시,34.7297302429,127.7369794626,
2612869,이순신광장,전남광주통합특별시 여수시 중앙로 74 (중앙동),http://tong.visitkorea.or.kr/cms/resource/07/3351107_image2_1.jpg,관광지,문화관광,도시공원,주제공원,38,여수시,34.7399013049,127.7357348686,
2778041,이순신대교홍보관,전남광주통합특별시 여수시 묘도7길 110 (묘도동),http://tong.visitkorea.or.kr/cms/resource/00/3587400_image2_1.jpg,문화시설,문화관광,전시시설,전시관,38,여수시,34.8892423596,127.7046948889,
3011055,이용대 체육관,전남광주통합특별시 화순군 화순읍 학포로 2698,http://tong.visitkorea.or.kr/cms/resource/46/3011046_image2_1.jpg,레포츠,문화관광,레저스포츠시설,스포츠경기장,38,화순군,35.0495422297,126.9660419051,
3454383,이응노의 집 고암이응노생가기념관,충청남도 홍성군 홍북읍 이응노로 61-7,http://tong.visitkorea.or.kr/cms/resource/04/3453604_image2_1.jpg,관광지,문화관광,기타문화관광지,기타문화시설,38,영암군,36.6230405964,126.6321616672,
127054,이충무공 벽파진 전첩비,전남광주통합특별시 진도군 고군면 벽파길 74,http://tong.visitkorea.or.kr/cms/resource/29/3560329_image2_1.jpg,관광지,역사관광,역사유물,탑ㆍ비석ㆍ기념탑,38,진도군,34.5393032442,126.345220181,
2407125,이충무공승전공원,전남광주통합특별시 진도군 군내면 진도대로 8439-19,http://tong.visitkorea.or.kr/cms/resource/16/3382016_image2_1.JPG,관광지,문화관광,도시공원,주제공원,38,진도군,34.5712905794,126.2996845467,
126973,이충무공자당기거지,전남광주통합특별시 여수시 웅천로 189 여수웅천부영1차,http://tong.visitkorea.or.kr/cms/resource/87/3587387_image2_1.jpg,관광지,역사관광,역사유적지,고택,38,여수시,34.7400837224,127.6839727244,
135091,이학식당,전남광주통합특별시 신안군 증도면 증도중앙길 39,,음식점,음식,한식,관광식당,38,신안군,35.001106213,126.1396801044,
3072242,이화당,전남광주통합특별시 나주시 금천면 촌곡길 66,http://tong.visitkorea.or.kr/cms/resource/73/3070773_image2_1.png,숙박,숙박,펜션/민박,한옥스테이,38,나주시,35.0401456127,126.773917439,
2866495,이화식당,전남광주통합특별시 여수시 문수5길 46,http://tong.visitkorea.or.kr/cms/resource/91/2866491_image2_1.jpg,음식점,음식,한식,관광식당,38,여수시,34.7491996149,127.6982406894,
2904844,이화식당,전남광주통합특별시 진도군 진도읍 남동1길 55,http://tong.visitkorea.or.kr/cms/resource/22/2904822_image2_1.jpg,음식점,음식,한식,관광식당,38,진도군,34.481136242,126.2643370144,
2891332,이화원,전남광주통합특별시 나주시 상야1길 20,http://tong.visitkorea.or.kr/cms/resource/28/2891328_image2_1.JPG,음식점,음식,외국식,중식,38,나주시,35.0220673171,126.7870945009,
1957467,이흥서원,전남광주통합특별시 영광군 영광읍 영광로7길 46-79,http://tong.visitkorea.or.kr/cms/resource/68/3573268_image2_1.jpg,관광지,역사관광,역사유적지,사당,38,영광군,35.2534256497,126.5230315993,
3101951,인서리공원 홰경당,전남광주통합특별시 광양시 광양읍 남문길 65 인서리공원,,숙박,숙박,펜션/민박,한옥스테이,38,광양시,34.9738252474,127.585980916,
2893001,일로일로,전남광주통합특별시 무안군 일로읍 삼일로 613,http://tong.visitkorea.or.kr/cms/resource/00/2893000_image2_1.JPG,음식점,음식,카페/ 찻집,카페,38,무안군,34.857522756,126.4996433712,
2871838,일로장터백반,전남광주통합특별시 무안군 시장길 17-12 일로장터백반,http://tong.visitkorea.or.kr/cms/resource/28/2871828_image2_1.JPG,음식점,음식,한식,관광식당,38,무안군,34.8472627115,126.4942163214,
348808,일심사(신안),전남광주통합특별시 신안군 지도읍 읍내길 67-13,http://tong.visitkorea.or.kr/cms/resource/69/3559069_image2_1.jpg,관광지,역사관광,종교성지,불교,38,신안군,35.0615782722,126.2081864574,
126978,임대정원림,전남광주통합특별시 화순군 사평면 상사1길 48,http://tong.visitkorea.or.kr/cms/resource/76/3347176_image2_1.JPG,관광지,역사관광,역사유적지,기타역사유적지,38,화순군,34.9966563482,127.1196935684,
575658,임자도,전남광주통합특별시 신안군 임자면 대광해수욕장길 179,http://tong.visitkorea.or.kr/cms/resource/44/3558944_image2_1.jpg,관광지,자연관광,자연경관(하천‧해양),섬,38,신안군,35.0858264076,126.0917156572,
2391043,임자도에서 말 타고 푸른 바다 해변을 달리자.,,,여행코스,추천코스,힐링코스,힐링코스,38,신안군,35.0858264076,126.0917156572,
129036,임포마을,전남광주통합특별시 여수시 돌산읍 율림리 산 40-3,http://tong.visitkorea.or.kr/cms/resource/27/3549127_image2_1.JPG,관광지,문화관광,도시.지역문화관광,마을관광지,38,여수시,34.6000708486,127.8005994165,
2720455,임하도,전남광주통합특별시 해남군 문내면 예락리,http://tong.visitkorea.or.kr/cms/resource/87/3061287_image2_1.jpg,관광지,자연관광,자연경관(하천‧해양),섬,38,해남군,34.6111605478,126.2657115977,
2750934,자라도선착장,전남광주통합특별시 신안군 안좌면 자라도길 1,http://tong.visitkorea.or.kr/cms/resource/58/3559058_image2_1.jpg,관광지,자연관광,자연경관(하천‧해양),항구/포구,38,신안군,34.6913805191,126.1693515372,
2858490,자매식당,전남광주통합특별시 여수시 어항단지로 21,http://tong.visitkorea.or.kr/cms/resource/87/2858487_image2_1.jpg,음식점,음식,한식,관광식당,38,여수시,34.7252747685,127.7128316869,
2858524,자산어보,전남광주통합특별시 순천시 대석1길 27 해정,http://tong.visitkorea.or.kr/cms/resource/20/2858520_image2_1.jpg,음식점,음식,외국식,일식,38,순천시,34.9476576586,127.5232565346,
1997082,자연 그대로의 아름다움을 느끼는 여수여행,,http://tong.visitkorea.or.kr/cms/resource/89/678889_image2_1.jpg,여행코스,추천코스,힐링코스,힐링코스,38,여수시,34.5915801897,127.8040298878,
2621735,자연담은(자연담은펜션),전남광주통합특별시 여수시 돌산읍 돌산로 3086,,숙박,숙박,호스텔,게스트하우스,38,여수시,34.6984230861,127.7629057701,
2599929,자연드림파크(구례),전남광주통합특별시 구례군 용방면 용산로 107-73,http://tong.visitkorea.or.kr/cms/resource/48/3552848_image2_1.jpg,관광지,체험관광,산업관광,기타산업관광지,38,구례군,35.2769575187,127.4109718747,
2621263,자연스토리,전남광주통합특별시 해남군 삼산면 민박촌길 77,,숙박,숙박,펜션/민박,한옥스테이,38,해남군,34.5091247685,126.60551466,
2730797,자연애품캠핑장,전남광주통합특별시 곡성군 옥과면 배감길 16-19,http://tong.visitkorea.or.kr/cms/resource/49/2730949_image2_1.JPG,레포츠,숙박,캠핑,일반야영장,38,곡성군,35.3025472561,127.1443031053,
1874188,"자연이 준 선물, 백련지와 청정 갯벌",,http://tong.visitkorea.or.kr/cms/resource/54/1606954_image2_1.jpg,여행코스,추천코스,가족코스,가족코스,38,무안군,34.85435785,126.4161202728,
2844166,자영이네,전남광주통합특별시 진도군 쌍정2길 15-7,http://tong.visitkorea.or.kr/cms/resource/61/2844161_image2_1.jpg,음식점,음식,한식,관광식당,38,진도군,34.4809612849,126.2657952231,
2737315,자은고교여객선터미널,전남광주통합특별시 신안군 자은면 한운리 1-11,http://tong.visitkorea.or.kr/cms/resource/82/3558882_image2_1.jpg,관광지,자연관광,자연경관(하천‧해양),항구/포구,38,신안군,34.9180453358,126.0894004428,
2856925,작은갤러리,전남광주통합특별시 진도군 임회면 헌복동길 14,http://tong.visitkorea.or.kr/cms/resource/10/2856910_image2_1.jpg,음식점,음식,한식,관광식당,38,진도군,34.391712867,126.2598895076,
126967,장군도,전남광주통합특별시 여수시 남산동,http://tong.visitkorea.or.kr/cms/resource/53/3580353_image2_1.jpg,관광지,자연관광,자연경관(하천‧해양),섬,38,여수시,34.7332714952,127.7359461298,
2891279,장끄방횟집,전남광주통합특별시 광양시 광양읍 서평1길 25,http://tong.visitkorea.or.kr/cms/resource/76/2891276_image2_1.JPG,음식점,음식,한식,관광식당,38,광양시,34.9780551397,127.5751234272,
2014611,장미가든,전남광주통합특별시 담양군 용면 추월산로 1284,,음식점,음식,한식,관광식당,38,담양군,35.4246559198,126.9969824802,
2795516,장미의거리,전남광주통합특별시 목포시 상동,http://tong.visitkorea.or.kr/cms/resource/83/3534383_image2_1.jpg,관광지,문화관광,도시.지역문화관광,"골목길, 문화거리",38,목포시,34.8022583228,126.4257706772,
1295911,장보고 동상,전남광주통합특별시 완도군 완도읍 청해진로 1565-2,http://tong.visitkorea.or.kr/cms/resource/60/3382660_image2_1.JPG,관광지,문화관광,랜드마크관광,동상,38,완도군,34.3435037311,126.7322936034,
2703777,장보고대교,전남광주통합특별시 완도군 고금면,http://tong.visitkorea.or.kr/cms/resource/90/3380890_image2_1.JPG,관광지,문화관광,랜드마크관광,다리 / 대교,38,완도군,34.3532450598,126.777975478,
127763,장산도,전남광주통합특별시 신안군 장산면 도창리,http://tong.visitkorea.or.kr/cms/resource/97/3572097_image2_1.jpg,관광지,자연관광,자연경관(하천‧해양),섬,38,신안군,34.6442967393,126.1575925788,
250289,장성 황룡 전적,전남광주통합특별시 장성군 황룡면 물뫼길 25,http://tong.visitkorea.or.kr/cms/resource/89/3568289_image2_1.jpg,관광지,역사관광,역사유적지,사적지,38,장성군,35.2950998257,126.755462721,
1752754,장성문화예술회관,전남광주통합특별시 장성군 장성읍 문화로 110,http://tong.visitkorea.or.kr/cms/resource/27/3571527_image2_1.jpg,문화시설,문화관광,공연시설,공연장,38,장성군,35.3022270077,126.7679503241,
129993,장성문화원,전남광주통합특별시 장성군 장성읍 문화로 110,http://tong.visitkorea.or.kr/cms/resource/02/3571502_image2_1.jpg,문화시설,문화관광,교육시설,한국문화원,38,장성군,35.3022270077,126.7679503241,
231904,장성원덕리미륵석불,전남광주통합특별시 장성군 북이면 원덕리,http://tong.visitkorea.or.kr/cms/resource/63/3347363_image2_1.JPG,관광지,역사관광,역사유물,불상,38,장성군,35.4535661375,126.8105177332,
1624473,장성향교,전남광주통합특별시 장성군 장성읍 성산2길 102,http://tong.visitkorea.or.kr/cms/resource/11/3571511_image2_1.jpg,관광지,역사관광,역사유적지,사당,38,장성군,35.3242030785,126.8142151145,
2633951,장성호 수변길,전남광주통합특별시 장성군 장성읍 봉덕리,http://tong.visitkorea.or.kr/cms/resource/86/3568786_image2_1.jpg,관광지,문화관광,랜드마크관광,다리 / 대교,38,장성군,35.3660651552,126.8230688307,
127719,장성호관광지,전남광주통합특별시 장성군 백양로 591-8 장성북상면수몰문화관,http://tong.visitkorea.or.kr/cms/resource/79/3568279_image2_1.jpg,관광지,문화관광,복합관광시설,관광단지,38,장성군,35.4140574142,126.8510679121,
2778474,장성호수변공원,전남광주통합특별시 장성군 장성읍 신흥로 138,http://tong.visitkorea.or.kr/cms/resource/51/3532951_image2_1.JPG,관광지,문화관광,도시공원,주제공원,38,장성군,35.3562245018,126.8171084963,
596705,장수풍뎅이마을,전남광주통합특별시 장흥군 유치면 반월리,http://tong.visitkorea.or.kr/cms/resource/57/3054957_image2_1.jpg,관광지,체험관광,농.산.어촌 체험,체험마을,38,장흥군,34.8115470202,126.8131918309,
2872998,장안식당,전남광주통합특별시 함평군 함평천우길 54,http://tong.visitkorea.or.kr/cms/resource/96/2872996_image2_1.jpg,음식점,음식,한식,관광식당,38,함평군,35.0609418868,126.5245556513,
1624477,장암정,전남광주통합특별시 영암군 영암읍 무덕정길 67,http://tong.visitkorea.or.kr/cms/resource/85/3382085_image2_1.JPG,관광지,역사관광,역사유적지,기타역사유적지,38,영암군,34.8058907299,126.7308742237,
2877000,장어명가 청산,전남광주통합특별시 영광군 법성면 법성포로 15-7,http://tong.visitkorea.or.kr/cms/resource/92/2876992_image2_1.jpg,음식점,음식,한식,관광식당,38,영광군,35.3606510267,126.441244542,
2891291,장원회관,전남광주통합특별시 광양시 광양읍 매천로 821-5,http://tong.visitkorea.or.kr/cms/resource/84/2891284_image2_1.JPG,음식점,음식,한식,관광식당,38,광양시,34.9757527976,127.585358699,
129769,장전미술관,전남광주통합특별시 진도군 임회면 하미길 39,http://tong.visitkorea.or.kr/cms/resource/98/3060998_image2_1.jpg,문화시설,문화관광,전시시설,미술관/화랑,38,진도군,34.4297388051,126.2379960977,
129042,장좌마을,전남광주통합특별시 완도군 완도읍 장좌길 8 (장좌리 마을회관),http://tong.visitkorea.or.kr/cms/resource/97/3380297_image2_1.JPG,관광지,문화관광,도시.지역문화관광,마을관광지,38,완도군,34.3597463098,126.7293212535,
129104,장촌마을,전남광주통합특별시 여수시 삼산면 서도리,http://tong.visitkorea.or.kr/cms/resource/55/3549155_image2_1.JPG,관광지,문화관광,도시.지역문화관광,마을관광지,38,여수시,34.0543480835,127.2952347147,
2893014,장터남악점,전남광주통합특별시 무안군 삼향읍 남악5로52번길 8,http://tong.visitkorea.or.kr/cms/resource/06/2893006_image2_1.JPG,음식점,음식,한식,관광식당,38,무안군,34.810010991,126.4722997142,
2514004,장흥 126타워(정남진 전망대),전남광주통합특별시 장흥군 관산읍 정남진해안로 242-58,http://tong.visitkorea.or.kr/cms/resource/43/3364343_image2_1.jpg,관광지,문화관광,랜드마크관광,타워 / 전망대,38,장흥군,34.5117250291,126.9746516336,
2569986,장흥 달바위펜션(Full Moon 달바위펜션),전남광주통합특별시 장흥군 안양면 비동동촌길 46,http://tong.visitkorea.or.kr/cms/resource/12/2568012_image2_1.jpg,숙박,숙박,펜션/민박,펜션,38,장흥군,34.6741983379,126.9659706476,
705080,장흥 방촌리 석장승,전남광주통합특별시 장흥군 관산읍 장흥대로 1674,http://tong.visitkorea.or.kr/cms/resource/64/3551964_image2_1.jpg,관광지,역사관광,역사유물,기타역사유물,38,장흥군,34.553892005,126.9432978012,
705071,장흥 방촌리 지석묘군,전남광주통합특별시 장흥군 관산읍 방촌리 588-1,http://tong.visitkorea.or.kr/cms/resource/11/3553911_image2_1.jpg,관광지,역사관광,역사유적지,선사유적지,38,장흥군,34.551483957,126.9442311115,
1390155,장흥 사인정,전남광주통합특별시 장흥군 장흥읍 진흥로 891,http://tong.visitkorea.or.kr/cms/resource/01/3304001_image2_1.jpg,관광지,역사관광,역사유적지,기타역사유적지,38,장흥군,34.6530435996,126.872782132,
1391032,장흥 삼산리 후박나무,전남광주통합특별시 장흥군 관산읍 삼산리 324-8,http://tong.visitkorea.or.kr/cms/resource/76/3551976_image2_1.jpg,관광지,자연관광,자연생태,희귀동.식물,38,장흥군,34.5233734224,126.9565362717,
129366,장흥 상선약수마을,전남광주통합특별시 장흥군 장흥읍 평화리,http://tong.visitkorea.or.kr/cms/resource/10/3551910_image2_1.jpg,관광지,문화관광,도시.지역문화관광,마을관광지,38,장흥군,34.663009852,126.9149781801,
705115,장흥 어산리 푸조나무,전남광주통합특별시 장흥군 용산면 어산리 289-2,http://tong.visitkorea.or.kr/cms/resource/84/3551984_image2_1.jpg,관광지,자연관광,자연생태,희귀동.식물,38,장흥군,34.6215310221,126.9059827616,
705019,장흥 옥당리 효자송,전남광주통합특별시 장흥군 관산읍 옥당리 178,http://tong.visitkorea.or.kr/cms/resource/89/3551889_image2_1.jpg,관광지,자연관광,자연생태,희귀동.식물,38,장흥군,34.5531447093,126.9338625359,
1390215,장흥 죽헌고택,전남광주통합특별시 장흥군 관산읍 방촌길 101,http://tong.visitkorea.or.kr/cms/resource/94/3553894_image2_1.jpg,관광지,역사관광,역사유적지,고택,38,장흥군,34.5488287923,126.9498529048,
705302,장흥 키조개마을,전남광주통합특별시 장흥군 안양면 수문용곡로 107,http://tong.visitkorea.or.kr/cms/resource/23/3551923_image2_1.jpg,관광지,체험관광,농.산.어촌 체험,체험마을,38,장흥군,34.6312486504,127.028668973,
705154,장흥 회령진성,전남광주통합특별시 장흥군 회진면 회진리,http://tong.visitkorea.or.kr/cms/resource/85/3351185_image2_1.jpg,관광지,역사관광,역사유적지,성ㆍ산성ㆍ성곽,38,장흥군,34.4846552425,126.9389332004,
2469450,장흥다목적댐 물 문화관,전남광주통합특별시 장흥군 유치면 지천길 52-227,http://tong.visitkorea.or.kr/cms/resource/33/3592533_image2_1.jpg,관광지,체험관광,산업관광,기타산업관광지,38,장흥군,34.7534047382,126.8839425838,
2033461,장흥동학농민혁명기념관,전남광주통합특별시 장흥군 장흥읍 읍성로 2,http://tong.visitkorea.or.kr/cms/resource/72/3516572_image2_1.jpg,문화시설,문화관광,전시시설,기념관,38,장흥군,34.6691699445,126.8953658641,
129707,장흥문화원,전남광주통합특별시 장흥군 장흥읍 읍성로 96,http://tong.visitkorea.or.kr/cms/resource/58/3376858_image2_1.JPG,문화시설,문화관광,교육시설,한국문화원,38,장흥군,34.676577492,126.8981321066,
1885652,장흥의 아름다운 산을 만나다,,http://tong.visitkorea.or.kr/cms/resource/71/1374171_image2_1.jpg,여행코스,추천코스,도보코스,도보코스,38,장흥군,34.6685038728,126.9265436958,
1957471,재동서원,전남광주통합특별시 고흥군 대서면 동서로 243-51,http://tong.visitkorea.or.kr/cms/resource/39/3536639_image2_1.JPG,관광지,역사관광,역사유적지,사당,38,고흥군,34.7771758161,127.3036384468,
2371984,"재미와 교육, 추억까지 그득한 화순 여행기",,http://tong.visitkorea.or.kr/cms/resource/71/2000171_image2_1.jpg,여행코스,추천코스,힐링코스,힐링코스,38,화순군,34.9916616955,127.2375583142,
2705310,저녁노을미술관,전남광주통합특별시 신안군 압해읍 무지개길 350,http://tong.visitkorea.or.kr/cms/resource/49/3562349_image2_1.jpg,문화시설,문화관광,전시시설,미술관/화랑,38,신안군,34.844567344,126.249768553,
2657139,적금대교(여수),전남광주통합특별시 여수시 화정면,http://tong.visitkorea.or.kr/cms/resource/83/3372883_image2_1.JPG,관광지,문화관광,랜드마크관광,다리 / 대교,38,여수시,34.6203388045,127.5230592614,
126890,적대봉,전남광주통합특별시 고흥군 금산면 석정리 산111-1,http://tong.visitkorea.or.kr/cms/resource/71/3544971_image2_1.jpg,관광지,자연관광,자연경관(산),"산, 고개, 오름, 봉우리",38,고흥군,34.4633727642,127.1798626166,
2819644,적정온도(순향가),전남광주통합특별시 순천시 해룡로 579 참좋은시골집,http://tong.visitkorea.or.kr/cms/resource/39/2819639_image2_1.jpg,관광지,체험관광,기타체험,기타체험관광,38,순천시,34.8728328128,127.5280635695,
1960310,전남 구례 체험하러 가기,,,여행코스,추천코스,가족코스,가족코스,38,구례군,35.2029685523,127.4056103599,
593382,전남 담양 창평면 [슬로시티],전남광주통합특별시 담양군 창평면 돌담길 56-24,http://tong.visitkorea.or.kr/cms/resource/41/3562741_image2_1.jpg,관광지,역사관광,역사유적지,민속마을,38,담양군,35.2352804779,127.0179187658,
2795081,전라남도완도자연휴양림,전남광주통합특별시 완도군 완도읍 대야일구1길 115,http://tong.visitkorea.or.kr/cms/resource/70/2797870_image2_1.JPG,관광지,자연관광,자연공원,자연휴양림,38,완도군,34.3527049894,126.7024237803,
764548,전사마,전남광주통합특별시 완도군 완도읍 장보고대로 197,,음식점,음식,한식,관광식당,38,완도군,34.3179429619,126.7481872654,
2867231,전원일기,전남광주통합특별시 함평군 학동로 1398-14,http://tong.visitkorea.or.kr/cms/resource/18/2867218_image2_1.jpg,음식점,음식,한식,관광식당,38,함평군,35.1371160922,126.4932398893,
134271,전통식당,전남광주통합특별시 담양군 고서면 고읍현길 38-4,,음식점,음식,한식,관광식당,38,담양군,35.2080358053,126.9867944279,
580086,접도,전남광주통합특별시 진도군 의신면 송정리,http://tong.visitkorea.or.kr/cms/resource/45/3536045_image2_1.jpg,관광지,자연관광,자연경관(하천‧해양),섬,38,진도군,34.3791342944,126.2954089003,
1377542,정가네원조꼬막회관,전남광주통합특별시 보성군 벌교읍 조정래길 55,,음식점,음식,한식,관광식당,38,보성군,34.8480852255,127.3448441624,
2514714,정남진물과학관,전남광주통합특별시 장흥군 장흥읍 행원강변길 20,http://tong.visitkorea.or.kr/cms/resource/62/3364462_image2_1.jpg,문화시설,문화관광,전시시설,과학관,38,장흥군,34.6860264648,126.9001316997,
2782837,정남진우리한우,전남광주통합특별시 장흥군 장흥읍 토요시장2길 2,http://tong.visitkorea.or.kr/cms/resource/62/2787662_image2_1.jpg,음식점,음식,한식,관광식당,38,장흥군,34.6752638312,126.9029511598,
132409,정남진장흥토요시장,전남광주통합특별시 장흥군 장흥읍 토요시장1길 53,http://tong.visitkorea.or.kr/cms/resource/12/3535912_image2_1.jpg,쇼핑,쇼핑,시장,비상설시장,38,장흥군,34.6773052718,126.9031288719,
1984255,정남진해양낚시공원,전남광주통합특별시 장흥군 회진면 해양낚시길 137,http://tong.visitkorea.or.kr/cms/resource/29/2661629_image2_1.jpg,레포츠,레저스포츠,수상레저스포츠,바다낚시,38,장흥군,34.4702935943,126.9769385515,
2783319,정다운식당,전남광주통합특별시 여수시 돌산읍 마상포길 12,http://tong.visitkorea.or.kr/cms/resource/66/3578466_image2_1.jpg,음식점,음식,한식,관광식당,38,여수시,34.7111550278,127.7648608309,
129106,정도마을,전남광주통합특별시 완도군 완도읍 정도리,http://tong.visitkorea.or.kr/cms/resource/61/3380661_image2_1.JPG,관광지,문화관광,도시.지역문화관광,마을관광지,38,완도군,34.3047048013,126.7024277019,
129579,정수루,전남광주통합특별시 나주시 금성관길 13-20 (금계동),http://tong.visitkorea.or.kr/cms/resource/46/3532846_image2_1.jpg,관광지,역사관광,역사유적지,기타역사유적지,38,나주시,35.0319705494,126.715028402,
1390312,정안사(장흥),전남광주통합특별시 장흥군 관산읍 당동길 6-25,http://tong.visitkorea.or.kr/cms/resource/91/3303991_image2_1.jpg,관광지,역사관광,역사유적지,사당,38,장흥군,34.5538001431,126.9309655519,
127210,정열사비,전남광주통합특별시 나주시 정렬사길 43 (대호동),http://tong.visitkorea.or.kr/cms/resource/11/3562511_image2_1.jpg,관광지,역사관광,역사유물,탑ㆍ비석ㆍ기념탑,38,나주시,35.0456356288,126.7123060825,
2876310,정원,전남광주통합특별시 순천시 해룡면 매안로 137,http://tong.visitkorea.or.kr/cms/resource/97/2876297_image2_1.JPG,음식점,음식,한식,관광식당,38,순천시,34.9354733883,127.5505655586,
479906,정혜사(순천),전남광주통합특별시 순천시 서면 정혜사길 32 (서면),http://tong.visitkorea.or.kr/cms/resource/64/3016564_image2_1.jpg,관광지,역사관광,종교성지,불교,38,순천시,35.0620196437,127.5143127353,
2613169,제2대한다원,전남광주통합특별시 보성군 회천면 일림산길 317-94,http://tong.visitkorea.or.kr/cms/resource/96/3370496_image2_1.JPG,관광지,체험관광,산업관광,기타산업관광지,38,보성군,34.6853985842,127.0555930557,
125425,제암산자연휴양림,전남광주통합특별시 보성군 웅치면 대산길 330,http://tong.visitkorea.or.kr/cms/resource/66/3511566_image2_1.jpg,관광지,자연관광,자연공원,자연휴양림,38,보성군,34.6984876656,126.9890735769,
2737336,제암산자연휴양림 야영장,전남광주통합특별시 보성군 웅치면 대산길 330,http://tong.visitkorea.or.kr/cms/resource/68/2737668_image2_1.jpg,레포츠,숙박,캠핑,일반야영장,38,보성군,34.6984876656,126.9890735769,
2718057,제월섬,전남광주통합특별시 곡성군 입면 제월리 1115,http://tong.visitkorea.or.kr/cms/resource/87/3378087_image2_1.JPG,관광지,자연관광,자연경관(하천‧해양),섬,38,곡성군,35.3177523598,127.2180850828,
2877916,제일회식당,전남광주통합특별시 무안군 망운면 망운로 13,http://tong.visitkorea.or.kr/cms/resource/06/2877906_image2_1.JPG,음식점,음식,한식,관광식당,38,무안군,35.0134839404,126.3916685792,
2833237,제크와돈까스,전남광주통합특별시 담양군 금성산성길 72,http://tong.visitkorea.or.kr/cms/resource/20/2833220_image2_1.jpg,음식점,음식,외국식,일식,38,담양군,35.3547532689,127.0289897574,
126240,조계산도립공원,전남광주통합특별시 순천시 승주읍 승주괴목1길,http://tong.visitkorea.or.kr/cms/resource/59/3018959_image2_1.jpg,관광지,자연관광,자연공원,도립공원,38,순천시,35.0042802527,127.2687691374,
2778169,조금나루해수욕장,전남광주통합특별시 무안군 망운면 송현리,http://tong.visitkorea.or.kr/cms/resource/05/3535705_image2_1.jpg,관광지,자연관광,자연경관(하천‧해양),해변. 해수욕장,38,무안군,34.9948434445,126.3348740627,
553447,조도(조도6군도),전남광주통합특별시 진도군 조도면,,관광지,자연관광,자연경관(하천‧해양),섬,38,진도군,34.4791859041,126.0569886704,
2737298,조례호수공원,전남광주통합특별시 순천시 조례동 1867,http://tong.visitkorea.or.kr/cms/resource/57/2737557_image2_1.JPG,관광지,문화관광,도시공원,주제공원,38,순천시,34.9660833446,127.5220339506,
2876212,조선쫄복탕,전남광주통합특별시 목포시 해안로 115,http://tong.visitkorea.or.kr/cms/resource/06/2876206_image2_1.JPG,음식점,음식,한식,관광식당,38,목포시,34.7808738228,126.3771310441,
2608154,조약도 한옥체험,전남광주통합특별시 완도군 약산면 구암길 80,,숙박,숙박,펜션/민박,한옥스테이,38,완도군,34.3732251982,126.8880014691,
2616184,조태일시문학기념관,전남광주통합특별시 곡성군 죽곡면 태안로 622-38,http://tong.visitkorea.or.kr/cms/resource/09/3552809_image2_1.jpg,문화시설,문화관광,전시시설,기념관,38,곡성군,35.1335451855,127.3686376167,
2782981,존재고택,전남광주통합특별시 장흥군 관산읍 방촌길 91-32,http://tong.visitkorea.or.kr/cms/resource/10/3552010_image2_1.jpg,관광지,역사관광,역사유적지,고택,38,장흥군,34.5495370518,126.9501334184,
2892989,종원식육식당,전남광주통합특별시 영암군 세가래2길 26-17,http://tong.visitkorea.or.kr/cms/resource/88/2892988_image2_1.JPG,음식점,음식,한식,관광식당,38,영암군,34.7474152743,126.4732094777,
2628737,좋은세상리조트 글램핑펜션,전남광주통합특별시 곡성군 죽곡면 대황강로 1397-45,,숙박,숙박,펜션/민박,펜션,38,곡성군,35.1828810978,127.3574567862,
2706479,좋은집 게스트하우스,전남광주통합특별시 목포시 마인계터로40번길 2-15,http://tong.visitkorea.or.kr/cms/resource/14/2706114_image2_1.jpg,숙박,숙박,호스텔,게스트하우스,38,목포시,34.7903367378,126.3827525422,
126308,주도,전남광주통합특별시 완도군 완도읍 군내리,http://tong.visitkorea.or.kr/cms/resource/94/3587594_image2_1.jpg,관광지,자연관광,자연경관(하천‧해양),섬,38,완도군,34.316798779,126.7563643539,
1957473,주봉서원,전남광주통합특별시 강진군 옴천면 장강로 1785-3 (옴천면),http://tong.visitkorea.or.kr/cms/resource/96/3377796_image2_1.JPG,관광지,역사관광,역사유적지,사당,38,강진군,34.759254956,126.7698580394,
2570728,주식회사 더 오래뜰(게스트하우스 오래뜰),전남광주통합특별시 목포시 북교길 27 (북교동),http://tong.visitkorea.or.kr/cms/resource/13/2568913_image2_1.jpg,숙박,숙박,호스텔,게스트하우스,38,목포시,34.7943501009,126.3782306228,
2775017,주식회사 하늘,전남광주통합특별시 영광군 영광읍 영대로 648,http://tong.visitkorea.or.kr/cms/resource/36/3389336_image2_1.JPG,관광지,체험관광,기타체험,기타체험관광,38,영광군,35.304934098,126.5465865639,
2469437,주암댐 물 문화관,전남광주통합특별시 순천시 상사면 상사호길 555,http://tong.visitkorea.or.kr/cms/resource/26/3370726_image2_1.JPG,관광지,체험관광,산업관광,기타산업관광지,38,순천시,34.9493972551,127.4143799419,
2730680,주암오토캠핑장,전남광주통합특별시 순천시 주암면 구산강변길 22,http://tong.visitkorea.or.kr/cms/resource/20/2730720_image2_1.jpg,레포츠,숙박,캠핑,오토캠핑장,38,순천시,35.0699056686,127.2379451929,
2932894,주월재,전남광주통합특별시 보성군 다전길 33-5   주월재,,숙박,숙박,펜션/민박,한옥스테이,38,보성군,34.7793454817,127.1673781343,
2730232,주작산별소리캠핑장,전남광주통합특별시 강진군 신전면 삼인길 102-79,http://tong.visitkorea.or.kr/cms/resource/20/2730320_image2_1.jpg,레포츠,숙박,캠핑,일반야영장,38,강진군,34.5137925112,126.7027337822,
3528758,주포수산 민물장어구이,전남광주통합특별시 함평군 함평읍 주포로 563,,음식점,음식,한식,관광식당,38,함평군,35.0872876275,126.4470952006,
2778518,주포지구한옥전원마을,전남광주통합특별시 함평군 주포한옥길 67,http://tong.visitkorea.or.kr/cms/resource/20/2797020_image2_1.jpg,관광지,문화관광,도시.지역문화관광,마을관광지,38,함평군,35.0919512225,126.4611966146,
579421,죽도(고흥),전남광주통합특별시 고흥군 도화면,http://tong.visitkorea.or.kr/cms/resource/24/3581524_image2_1.jpg,관광지,자연관광,자연경관(하천‧해양),섬,38,고흥군,34.4458349551,127.2925309707,
2915954,죽림 그림,전남광주통합특별시 여수시 죽림2길 23-8   1층,http://tong.visitkorea.or.kr/cms/resource/52/2915952_image2_1.jpg,음식점,음식,카페/ 찻집,카페,38,여수시,34.7623498789,127.638056733,
127212,죽림사(나주),전남광주통합특별시 나주시 남평읍 풍림죽림길 255,http://tong.visitkorea.or.kr/cms/resource/25/3378225_image2_1.JPG,관광지,역사관광,종교성지,불교,38,나주시,35.0404168711,126.8837466199,
1957476,죽림서원,전남광주통합특별시 장성군 북이면 만무부동길 3-14 (북이면),http://tong.visitkorea.or.kr/cms/resource/02/3347402_image2_1.JPG,관광지,역사관광,역사유적지,사당,38,장성군,35.4270603637,126.7842096284,
128566,죽림어촌체험마을,전남광주통합특별시 진도군 임회면 헌복동길 16,http://tong.visitkorea.or.kr/cms/resource/63/3558163_image2_1.jpg,관광지,체험관광,농.산.어촌 체험,체험어장,38,진도군,34.3912740286,126.2599645114,
404081,죽림원가든,전남광주통합특별시 담양군 월산면 가산길 358,http://tong.visitkorea.or.kr/cms/resource/25/3053925_image2_1.jpg,음식점,음식,한식,관광식당,38,담양군,35.3367289321,126.9482001476,
2846610,죽순닭국수,전남광주통합특별시 담양군 객사3길 15,http://tong.visitkorea.or.kr/cms/resource/99/2846599_image2_1.JPG,음식점,음식,한식,관광식당,38,담양군,35.324022622,126.9826057557,
1957478,죽정서원,전남광주통합특별시 영암군 군서면 죽정서원길 19,http://tong.visitkorea.or.kr/cms/resource/61/3379561_image2_1.JPG,관광지,역사관광,역사유적지,사당,38,영암군,34.7633215107,126.623140313,
1350823,죽화경,전남광주통합특별시 담양군 봉산면 유산길 73-16,http://tong.visitkorea.or.kr/cms/resource/16/3571516_image2_1.jpg,관광지,자연관광,자연공원,수목원ㆍ정원,38,담양군,35.252424843,126.9637620117,
1885557,"중국의 닭 울음소리가 들리는 섬, 가거도",,,여행코스,추천코스,도보코스,도보코스,38,신안군,34.0740166502,125.112514536,
126304,중리해수욕장,전남광주통합특별시 완도군 보길면 중통리,http://tong.visitkorea.or.kr/cms/resource/66/3459666_image2_1.jpg,관광지,자연관광,자연경관(하천‧해양),해변. 해수욕장,38,완도군,34.1631160324,126.5916046493,
2784208,중마시장,전남광주통합특별시 광양시 중마중앙로 88 (중동),http://tong.visitkorea.or.kr/cms/resource/53/2798453_image2_1.JPG,쇼핑,쇼핑,시장,상설시장,38,광양시,34.938242314,127.698869145,
2674019,중산 일몰전망대,전남광주통합특별시 고흥군 남양면 고흥로 3777,http://tong.visitkorea.or.kr/cms/resource/20/3375920_image2_1.JPG,관광지,문화관광,랜드마크관광,타워 / 전망대,38,고흥군,34.7385056324,127.3316952858,
2755850,중앙쇼핑센터,전남광주통합특별시 여수시 무선중앙로 43 (선원동),http://tong.visitkorea.or.kr/cms/resource/09/3582109_image2_1.jpg,쇼핑,쇼핑,전문매장/상가,전문상가,38,여수시,34.7737876842,127.6495248838,
126364,중흥사(광양),전남광주통합특별시 광양시 옥룡면 중흥로 263-100 (옥룡면),http://tong.visitkorea.or.kr/cms/resource/55/3027055_image2_1.jpg,관광지,역사관광,종교성지,불교,38,광양시,35.024697685,127.6078054752,
2751327,증도 왕바위여객선터미널,전남광주통합특별시 신안군 증도면 지도증도로 1997,http://tong.visitkorea.or.kr/cms/resource/19/3559019_image2_1.jpg,관광지,자연관광,자연경관(하천‧해양),항구/포구,38,신안군,34.9478175504,126.1249215811,
575607,증도(신안),전남광주통합특별시 신안군 증도면 문준경길 188,http://tong.visitkorea.or.kr/cms/resource/74/3558674_image2_1.jpg,관광지,자연관광,자연경관(하천‧해양),섬,38,신안군,35.0028699035,126.1397022827,
2891488,증도황궁짜장,전남광주통합특별시 신안군 증도중앙길 40-7,http://tong.visitkorea.or.kr/cms/resource/84/2891484_image2_1.jpg,음식점,음식,외국식,중식,38,신안군,35.0017255843,126.1394967724,
1957486,지곡서원,전남광주통합특별시 화순군 화순읍 서당길 58-16,http://tong.visitkorea.or.kr/cms/resource/60/3348260_image2_1.JPG,관광지,역사관광,역사유적지,사당,38,화순군,35.0358525658,126.9931731868,
1954967,지도향교,전남광주통합특별시 신안군 지도읍 서촌길 54-11,http://tong.visitkorea.or.kr/cms/resource/21/3378821_image2_1.JPG,관광지,역사관광,역사유적지,사당,38,신안군,35.063644671,126.2061171464,
2621770,지뜨 호스텔(지뜨펜션),전남광주통합특별시 여수시 여수시민로 1 (종화동),,숙박,숙박,호스텔,게스트하우스,38,여수시,34.7369102195,127.7499475908,
2614224,지리산 반달가슴곰 공존센터,전남광주통합특별시 구례군 마산면 화엄사로 402-31,http://tong.visitkorea.or.kr/cms/resource/40/3552940_image2_1.jpg,관광지,자연관광,자연공원,생태관광지,38,구례군,35.2419378439,127.4901880144,
2791835,지리산 호수공원 오토캠핑장,전남광주통합특별시 구례군 산동면 산업로 1590-18,http://tong.visitkorea.or.kr/cms/resource/46/2791946_image2_1.jpg,레포츠,숙박,캠핑,오토캠핑장,38,구례군,35.280829435,127.4185655493,
2793237,지리산 황전마을,전남광주통합특별시 구례군 마산면 황전3길 11,http://tong.visitkorea.or.kr/cms/resource/01/3570801_image2_1.jpg,관광지,문화관광,도시.지역문화관광,마을관광지,38,구례군,35.2376077459,127.4884160598,
2788014,지리산갈비촌,전남광주통합특별시 구례군 구례읍 의료원길 37,http://tong.visitkorea.or.kr/cms/resource/80/2791480_image2_1.jpg,음식점,음식,한식,관광식당,38,구례군,35.2153097789,127.4606024188,
2358013,지리산과 섬진강에 기댄 명당에서 쉬다.,,http://tong.visitkorea.or.kr/cms/resource/73/1954573_image2_1.jpg,여행코스,추천코스,힐링코스,힐링코스,38,구례군,35.2330832887,127.6497769643,
127590,지리산국립공원(구례),전남광주통합특별시 구례군 마산면 화엄사로 356,http://tong.visitkorea.or.kr/cms/resource/95/3533695_image2_1.jpg,관광지,자연관광,자연공원,국립공원,38,구례군,35.334183731,127.5328707526,
2731142,지리산반내골오토캠핑장,전남광주통합특별시 구례군 문척면 중산로 555,http://tong.visitkorea.or.kr/cms/resource/94/2731194_image2_1.jpg,레포츠,숙박,캠핑,오토캠핑장,38,구례군,35.1460433108,127.5024505129,
2783349,지리산수라간,전남광주통합특별시 구례군 마산면 화엄사로 336,http://tong.visitkorea.or.kr/cms/resource/80/2783480_image2_1.jpg,음식점,음식,한식,관광식당,38,구례군,35.2396991603,127.4874744218,
2787159,지리산수상레저,전남광주통합특별시 구례군 산동면 구만제로 677,http://tong.visitkorea.or.kr/cms/resource/78/2790478_image2_1.jpg,레포츠,레저스포츠,수상레저스포츠,윈드서핑/제트스키,38,구례군,35.2849096385,127.4248537784,
1349270,지리산식당,전남광주통합특별시 구례군 마산면 화엄사로 381,,음식점,음식,한식,관광식당,38,구례군,35.243157115,127.4881326082,
1885230,지리산에 깃든 산사의 매력을 느껴보다,,http://tong.visitkorea.or.kr/cms/resource/34/1198634_image2_1.jpg,여행코스,추천코스,힐링코스,힐링코스,38,구례군,35.2423155842,127.4905046433,
2755662,지리산오토캠핑장(호호당),전남광주통합특별시 구례군 산동면 수락폭포로 170-5,http://tong.visitkorea.or.kr/cms/resource/90/2756190_image2_1.jpg,레포츠,숙박,캠핑,오토캠핑장,38,구례군,35.3309909985,127.4508641821,
2737314,지리산정원,전남광주통합특별시 구례군 광의면 온동2길 124,http://tong.visitkorea.or.kr/cms/resource/00/3502100_image2_1.jpg,관광지,자연관광,자연공원,생태관광지,38,구례군,35.2872262861,127.4388135982,
2952655,지리산조청아낙,전남광주통합특별시 구례군 산동면 지리산온천로 280,http://tong.visitkorea.or.kr/cms/resource/50/2952650_image2_1.jpg,쇼핑,쇼핑,전문매장/상가,관광기념품/특산물판매점,38,구례군,35.3173954524,127.4589804839,
2708676,지리산햇살,전남광주통합특별시 구례군 마산면 화엄사로 386-3,http://tong.visitkorea.or.kr/cms/resource/03/2708603_image2_1.jpg,숙박,숙박,호텔,호텔,38,구례군,35.2433737803,127.4894519307,
2616165,지리산호수공원,전남광주통합특별시 구례군 산동면 산업로 1590-18,http://tong.visitkorea.or.kr/cms/resource/51/3346251_image2_1.JPG,관광지,자연관광,자연공원,생태관광지,38,구례군,35.2807849923,127.4183794557,
2595004,지리산호수리조트,전남광주통합특별시 구례군 산동면 구만제로 610,http://tong.visitkorea.or.kr/cms/resource/98/2594998_image2_1.jpg,숙박,숙박,펜션/민박,펜션,38,구례군,35.2796408205,127.4266426448,
2622707,지리산휴가관광펜션,전남광주통합특별시 구례군 구례읍 산수동1길 87,,숙박,숙박,펜션/민박,펜션,38,구례군,35.2074936403,127.4402321926,
129544,지리해수욕장,전남광주통합특별시 완도군 청산면 청산로 1462-58,http://tong.visitkorea.or.kr/cms/resource/01/3591601_image2_1.jpg,관광지,자연관광,자연경관(하천‧해양),해변. 해수욕장,38,완도군,34.1948085874,126.8621024553,
579472,지죽도,전남광주통합특별시 고흥군 도화면 지죽리,http://tong.visitkorea.or.kr/cms/resource/22/3519022_image2_1.jpg,관광지,자연관광,자연경관(하천‧해양),섬,38,고흥군,34.4360363034,127.3075160132,
3010557,진남문예회관,전남광주통합특별시 여수시 좌수영로 69 시민회관,http://tong.visitkorea.or.kr/cms/resource/56/3010556_image2_1.jpg,문화시설,문화관광,공연시설,공연장,38,여수시,34.7468448423,127.7282297932,
126420,진도 남도진성,전남광주통합특별시 진도군 임회면 남도길 8-8,http://tong.visitkorea.or.kr/cms/resource/48/3558148_image2_1.jpg,관광지,역사관광,역사유적지,성ㆍ산성ㆍ성곽,38,진도군,34.3639033421,126.1646429842,
589151,진도 소포검정쌀마을,전남광주통합특별시 진도군 지산면 소포길 119-4,http://tong.visitkorea.or.kr/cms/resource/59/3557759_image2_1.jpg,관광지,체험관광,농.산.어촌 체험,체험마을,38,진도군,34.4830989131,126.2025090822,
126433,진도 신비의 바닷길,전남광주통합특별시 진도군 고군면 신비의바닷길 148,http://tong.visitkorea.or.kr/cms/resource/20/3569920_image2_1.JPG,관광지,자연관광,자연경관(하천‧해양),해변. 해수욕장,38,진도군,34.427246472,126.3513750668,
1886061,진도 신비의 바닷길을 따라 모세의 기적을 체험하다,,http://tong.visitkorea.or.kr/cms/resource/33/190333_image2_1.jpg,여행코스,추천코스,힐링코스,힐링코스,38,진도군,34.4350123235,126.3548190249,
126424,진도 용장성,전남광주통합특별시 진도군 군내면 용장산성길 92,http://tong.visitkorea.or.kr/cms/resource/53/3563653_image2_1.jpg,관광지,역사관광,역사유적지,성ㆍ산성ㆍ성곽,38,진도군,34.5160973992,126.3380074769,
1996263,진도 의신사천마을 [농촌체험휴양마을],전남광주통합특별시 진도군 의신면 의신사천길 26,http://tong.visitkorea.or.kr/cms/resource/75/3557775_image2_1.jpg,관광지,체험관광,농.산.어촌 체험,체험농장,38,진도군,34.4657357336,126.2978344269,
1351667,진도 접도어촌체험마을,전남광주통합특별시 진도군 의신면 황모길 81,http://tong.visitkorea.or.kr/cms/resource/54/3557854_image2_1.jpg,관광지,체험관광,농.산.어촌 체험,체험마을,38,진도군,34.3880083832,126.300602679,
2732638,진도개테마파크,전남광주통합특별시 진도군 진도읍 성죽골길 30,http://tong.visitkorea.or.kr/cms/resource/39/2732639_image2_1.jpg,관광지,문화관광,테마공원,테마파크,38,진도군,34.4823946639,126.2785746191,
1623923,진도군무형유산전수관,전남광주통합특별시 진도군 진도읍 동외1길 6-9,http://tong.visitkorea.or.kr/cms/resource/18/2516718_image2_1.jpg,문화시설,문화관광,교육시설,문화전수시설,38,진도군,34.4808613695,126.2703476024,
250092,진도대교,전남광주통합특별시 진도군 진도대로 8479,http://tong.visitkorea.or.kr/cms/resource/06/3536006_image2_1.jpg,관광지,문화관광,랜드마크관광,다리 / 대교,38,진도군,34.5693963663,126.3008594881,
129992,진도문화원,전남광주통합특별시 진도군 진도읍 진도대로 7187,http://tong.visitkorea.or.kr/cms/resource/73/3591473_image2_1.jpg,문화시설,문화관광,교육시설,한국문화원,38,진도군,34.4787893631,126.2692921883,
2868099,진도아리랑회센터,전남광주통합특별시 진도군 진도읍 쌍정1길 8-6,http://tong.visitkorea.or.kr/cms/resource/85/2868085_image2_1.jpg,음식점,음식,한식,관광식당,38,진도군,34.4801558322,126.2665923941,
1624489,진도읍성,전남광주통합특별시 진도군 진도읍 군강공원길 18,http://tong.visitkorea.or.kr/cms/resource/81/3557981_image2_1.jpg,관광지,역사관광,역사유적지,성ㆍ산성ㆍ성곽,38,진도군,34.486488456,126.2666533506,
132090,"진도장·진도조금시장 (2, 7일)",전남광주통합특별시 진도군 진도읍 조금시장길 25,http://tong.visitkorea.or.kr/cms/resource/39/3061039_image2_1.jpg,쇼핑,쇼핑,시장,비상설시장,38,진도군,34.4812305613,126.2573042985,
2406053,진도타워,전남광주통합특별시 진도군 군내면 만금길 112-41,http://tong.visitkorea.or.kr/cms/resource/31/3381331_image2_1.JPG,관광지,문화관광,랜드마크관광,타워 / 전망대,38,진도군,34.5660078857,126.3025094229,
2747539,진도풍경오토캠핑장,전남광주통합특별시 진도군 의신면 의신사천길 15-21,http://tong.visitkorea.or.kr/cms/resource/22/2748122_image2_1.jpg,레포츠,숙박,캠핑,오토캠핑장,38,진도군,34.4656384706,126.2946763742,
3102222,진도하루,전남광주통합특별시 진도군 의신면 만길안길 51-17,,숙박,숙박,펜션/민박,펜션,38,진도군,34.4247817634,126.2835755353,
2795148,진도항,전남광주통합특별시 진도군 임회면 진도항길 101,http://tong.visitkorea.or.kr/cms/resource/78/3535978_image2_1.jpg,관광지,자연관광,자연경관(하천‧해양),항구/포구,38,진도군,34.3739989519,126.1346537229,
130862,진도해양생태관,전남광주통합특별시 진도군 고군면 신비의바닷길 64,http://tong.visitkorea.or.kr/cms/resource/95/3561395_image2_1.jpg,문화시설,문화관광,전시시설,전시관,38,진도군,34.4348484219,126.352908086,
129231,진도향교,전남광주통합특별시 진도군 진도읍 진도향교길 68-5,http://tong.visitkorea.or.kr/cms/resource/28/3381328_image2_1.JPG,관광지,역사관광,역사유적지,사당,38,진도군,34.4907545546,126.2611287363,
2782987,진목마을 이청준생가,전남광주통합특별시 장흥군 회진면 진목1길 9-9,http://tong.visitkorea.or.kr/cms/resource/60/3351060_image2_1.jpg,관광지,역사관광,역사유적지,생가,38,장흥군,34.4724535147,126.9199268293,
2865146,진미국밥,전남광주통합특별시 나주시 황동2길 4-15,http://tong.visitkorea.or.kr/cms/resource/45/2865145_image2_1.JPG,음식점,음식,한식,관광식당,38,나주시,35.0136541531,126.7736903371,
2910621,진미회관,전남광주통합특별시 여수시 돌산읍 돌산로 3112,http://tong.visitkorea.or.kr/cms/resource/05/2910605_image2_1.jpg,음식점,음식,한식,관광식당,38,여수시,34.7001062032,127.7613364196,
2697852,진아리랑 호스텔,전남광주통합특별시 여수시 돌산읍 강남2길 6-18,,숙박,숙박,호스텔,게스트하우스,38,여수시,34.722136921,127.7526921712,
579487,진지도,전남광주통합특별시 고흥군 과역면 백일리,http://tong.visitkorea.or.kr/cms/resource/00/3581500_image2_1.jpg,관광지,자연관광,자연경관(하천‧해양),섬,38,고흥군,34.7129159757,127.4441582917,
2741538,진틀펜션캠핑장,전남광주통합특별시 광양시 옥룡면 신재로 1678-54,http://tong.visitkorea.or.kr/cms/resource/44/2741744_image2_1.jpg,레포츠,숙박,캠핑,일반야영장,38,광양시,35.0966006024,127.6018069331,
481943,진흥사(해남),전남광주통합특별시 해남군 현산면 입제길 442,http://tong.visitkorea.or.kr/cms/resource/25/3383025_image2_1.JPG,관광지,역사관광,종교성지,불교,38,해남군,34.4456709255,126.6150458957,
1279369,짱뚱어다리,전남광주통합특별시 신안군 증도면 대초리,http://tong.visitkorea.or.kr/cms/resource/12/3559112_image2_1.jpg,관광지,문화관광,랜드마크관광,다리 / 대교,38,신안군,34.9910878394,126.1358695722,
2723802,짱뚱어해수욕장,전남광주통합특별시 신안군 증도면 문준경길 459-2,http://tong.visitkorea.or.kr/cms/resource/57/3558857_image2_1.jpg,관광지,자연관광,자연경관(하천‧해양),해변. 해수욕장,38,신안군,34.9874189685,126.1456521258,
2891299,차도리가든,전남광주통합특별시 광양시 옥룡면 신재로 337,http://tong.visitkorea.or.kr/cms/resource/95/2891295_image2_1.JPG,음식점,음식,한식,관광식당,38,광양시,34.9966618771,127.6037537715,
1624502,창평 남극루,전남광주통합특별시 담양군 창평면 창평현로 669,http://tong.visitkorea.or.kr/cms/resource/57/3562557_image2_1.jpg,관광지,역사관광,역사유적지,고궁,38,담양군,35.2354054998,127.0200213544,
2846637,창평국밥,전남광주통합특별시 담양군 사동길 12-12,http://tong.visitkorea.or.kr/cms/resource/25/2846625_image2_1.JPG,음식점,음식,한식,관광식당,38,담양군,35.2385494934,127.0143828844,
132062,"창평장 (5, 10일)",전남광주통합특별시 담양군 창평면 사동길 14-25 (창평면),http://tong.visitkorea.or.kr/cms/resource/88/1972088_image2_1.jpg,쇼핑,쇼핑,시장,비상설시장,38,담양군,35.3694988367,127.0298226417,
2847950,창평전통안두부,전남광주통합특별시 담양군 창평면 의병로 31,http://tong.visitkorea.or.kr/cms/resource/42/2847942_image2_1.JPG,음식점,음식,한식,관광식당,38,담양군,35.2306891737,127.0087085847,
1954973,창평향교,전남광주통합특별시 담양군 고서면 교촌길 43-11,http://tong.visitkorea.or.kr/cms/resource/52/3564252_image2_1.jpg,관광지,역사관광,역사유적지,사당,38,담양군,35.2165209144,126.9842194416,
1971911,채원당,전남광주통합특별시 곡성군 오곡면 기차마을로 217-28 (오곡면),http://tong.visitkorea.or.kr/cms/resource/14/1974014_image2_1.jpg,숙박,숙박,펜션/민박,한옥스테이,38,곡성군,35.2757836324,127.3070171906,
2742145,채일봉 전망대,전남광주통합특별시 신안군 팔금면 원산리,http://tong.visitkorea.or.kr/cms/resource/05/2742505_image2_1.jpg,관광지,문화관광,랜드마크관광,타워 / 전망대,38,신안군,34.7830358757,126.1084075294,
2738669,천개의향나무숲,전남광주통합특별시 구례군 광의면 천변길 12,http://tong.visitkorea.or.kr/cms/resource/58/3552858_image2_1.jpg,관광지,자연관광,자연공원,수목원ㆍ정원,38,구례군,35.2267668147,127.4603243706,
407094,천관산 문학공원,전남광주통합특별시 장흥군 대덕읍 연지리 산109-1,http://tong.visitkorea.or.kr/cms/resource/66/3303966_image2_1.jpg,관광지,문화관광,테마공원,테마파크,38,장흥군,34.5231587469,126.9078488809,
2704702,천관산동백생태숲,전남광주통합특별시 장흥군 관산읍,http://tong.visitkorea.or.kr/cms/resource/74/3351074_image2_1.jpg,관광지,자연관광,자연경관(산),숲,38,장흥군,34.538154268,126.9065847389,
2720045,"천년의 빛을 품은 아름답고 따뜻한 땅, 영광으로!",전남광주통합특별시 영광군 염산면 향화로 2-10,http://tong.visitkorea.or.kr/cms/resource/04/2684004_image2_1.jpg,여행코스,추천코스,힐링코스,힐링코스,38,영광군,35.1686742123,126.3603175723,
126892,천등산(고흥),전남광주통합특별시 고흥군 풍양면 송정리,http://tong.visitkorea.or.kr/cms/resource/21/3544921_image2_1.jpg,관광지,자연관광,자연경관(산),"산, 고개, 오름, 봉우리",38,고흥군,34.5413990373,127.2787909289,
2734120,천사섬캠핑&글램핑,전남광주통합특별시 신안군 자은면 한운길 159,http://tong.visitkorea.or.kr/cms/resource/40/2735840_image2_1.jpg,레포츠,숙박,캠핑,글램핑장,38,신안군,34.9228528877,126.0746738557,
133481,천일식당,전남광주통합특별시 해남군 해남읍 읍내길 20-8,,음식점,음식,한식,관광식당,38,해남군,34.5706122138,126.5993165084,
129214,천일염전,전남광주통합특별시 영광군 염산면 칠산로 411,http://tong.visitkorea.or.kr/cms/resource/15/3532815_image2_1.jpg,관광지,자연관광,자연경관(하천‧해양),염전,38,영광군,35.2231288118,126.3393403231,
2749578,천일염힐링캠프카라반,전남광주통합특별시 신안군 증도면 지도증도로 1053-11,http://tong.visitkorea.or.kr/cms/resource/62/2749862_image2_1.jpg,레포츠,숙박,캠핑,일반야영장,38,신안군,34.9968628561,126.1769852312,
2909169,천지글램핑,전남광주통합특별시 순천시 상사면 선동길 112,http://tong.visitkorea.or.kr/cms/resource/46/2909146_image2_1.JPG,레포츠,숙박,캠핑,일반야영장,38,순천시,34.902264037,127.43610145,
578691,천태산(강진),전남광주통합특별시 강진군 대구면 용운리,http://tong.visitkorea.or.kr/cms/resource/10/2878010_image2_1.jpg,관광지,자연관광,자연경관(산),"산, 고개, 오름, 봉우리",38,강진군,34.5270824919,126.8588003121,
482119,천황사(영암),전남광주통합특별시 영암군 영암읍 천황사로 280-82,,관광지,역사관광,종교성지,불교,38,영암군,34.7716137918,126.7165541,
2750940,천황야영장,전남광주통합특별시 영암군 영암읍 천황사로 280-73,http://tong.visitkorea.or.kr/cms/resource/66/2750966_image2_1.jpg,레포츠,숙박,캠핑,일반야영장,38,영암군,34.774041345,126.719462118,
1623912,철마공원,전남광주통합특별시 진도군 진도읍 철마길 17,http://tong.visitkorea.or.kr/cms/resource/23/3382023_image2_1.JPG,관광지,문화관광,도시공원,시민공원,38,진도군,34.485410753,126.2637730738,
128084,청계동계곡,전남광주통합특별시 곡성군 곡성읍 신기길 49-4,http://tong.visitkorea.or.kr/cms/resource/10/3345010_image2_1.JPG,관광지,자연관광,자연경관(산),계곡,38,곡성군,35.307285301,127.287954177,
2730687,청계동솔바람야영장,전남광주통합특별시 곡성군 곡성읍 청계동로 415-46,http://tong.visitkorea.or.kr/cms/resource/32/2730732_image2_1.JPG,레포츠,숙박,캠핑,일반야영장,38,곡성군,35.3081403479,127.2640423786,
2873012,청계참다슬기,전남광주통합특별시 곡성군 청계동로 409,http://tong.visitkorea.or.kr/cms/resource/10/2873010_image2_1.jpg,음식점,음식,한식,관광식당,38,곡성군,35.311606602,127.2628340636,
2859541,청광도예원,전남광주통합특별시 보성군 사동길 52-11,http://tong.visitkorea.or.kr/cms/resource/20/2859520_image2_1.JPG,음식점,음식,한식,관광식당,38,보성군,34.7244669773,127.0885364207,
2047099,청량한 남도의 숲,,http://tong.visitkorea.or.kr/cms/resource/20/1933620_image2_1.jpg,여행코스,추천코스,가족코스,가족코스,38,보성군,34.7129404441,127.0856564027,
129037,청용어촌체험마을,전남광주통합특별시 진도군 진도읍 청룡안길 130-12 (진도읍),http://tong.visitkorea.or.kr/cms/resource/99/2516699_image2_1.jpg,관광지,문화관광,도시.지역문화관광,마을관광지,38,진도군,34.5249055466,126.2159735782,
2607725,청우 황토펜션(보성그린빌펜션),전남광주통합특별시 보성군 보성읍 사동길 54,,숙박,숙박,펜션/민박,펜션,38,보성군,34.7244614424,127.0897363154,
1348704,청자골엄지마을,전남광주통합특별시 강진군 옴천면 옴천로 760-23,http://tong.visitkorea.or.kr/cms/resource/93/2516693_image2_1.jpg,관광지,체험관광,농.산.어촌 체험,체험마을,38,강진군,34.7600299239,126.7731521744,
404070,청자골종가집,전남광주통합특별시 강진군 군동면 종합운동장길 106-11,,음식점,음식,한식,관광식당,38,강진군,34.6472761022,126.7838817553,
2784722,청자식당,전남광주통합특별시 강진군 칠량면 칠량로 76-1,http://tong.visitkorea.or.kr/cms/resource/16/2784816_image2_1.jpg,음식점,음식,한식,관광식당,38,강진군,34.5718959191,126.7988711556,
2852661,청자연,전남광주통합특별시 장성군 황룡면 구석길 53-2,http://tong.visitkorea.or.kr/cms/resource/59/2852659_image2_1.JPG,음식점,음식,한식,관광식당,38,장성군,35.3039097762,126.7457605826,
2847934,청전식육점식당,전남광주통합특별시 담양군 담양읍 무정로 48,http://tong.visitkorea.or.kr/cms/resource/27/2847927_image2_1.JPG,음식점,음식,한식,관광식당,38,담양군,35.3079828238,126.9857808808,
2866501,청정게장촌,전남광주통합특별시 여수시 봉산남4길 23-32,http://tong.visitkorea.or.kr/cms/resource/97/2866497_image2_1.jpg,음식점,음식,한식,관광식당,38,여수시,34.7331018287,127.7220362393,
2583856,청풍자연농원,전남광주통합특별시 화순군 청풍면 석치길 22-3,http://tong.visitkorea.or.kr/cms/resource/38/2684838_image2_1.jpg,숙박,숙박,호텔,호텔,38,화순군,34.8552136476,126.9383019578,
2858516,청풍한우,전남광주통합특별시 순천시 상성길 103,http://tong.visitkorea.or.kr/cms/resource/03/2858503_image2_1.jpg,음식점,음식,한식,관광식당,38,순천시,34.9293350514,127.5425747494,
1960686,청해진 장보고의 길을 따라 가는 길,,,여행코스,추천코스,도보코스,도보코스,38,완도군,34.3599685198,126.7300989576,
1528652,초도(여수),전남광주통합특별시 여수시 삼산면 초도리,http://tong.visitkorea.or.kr/cms/resource/82/3548982_image2_1.JPG,관광지,자연관광,자연경관(하천‧해양),섬,38,여수시,34.2285833657,127.2428045102,
2841195,초동순두부,전남광주통합특별시 장성군 초동길 1,http://tong.visitkorea.or.kr/cms/resource/79/2841179_image2_1.JPG,음식점,음식,한식,관광식당,38,장성군,35.2525370219,126.8635930974,
2782596,초록잎이펼치는세상,전남광주통합특별시 보성군 회천면 녹차로 613,http://tong.visitkorea.or.kr/cms/resource/30/2788330_image2_1.jpg,관광지,체험관광,산업관광,기타산업관광지,38,보성군,34.7066690073,127.090492244,
231905,총지사지석장승,전남광주통합특별시 무안군 몽탄면 대치리,http://tong.visitkorea.or.kr/cms/resource/85/3378685_image2_1.JPG,관광지,역사관광,역사유물,기타역사유물,38,무안군,34.9438820587,126.4750406707,
3444492,최대감벌교꼬막,전남광주통합특별시 순천시 낙안면 삼일로 63,http://tong.visitkorea.or.kr/cms/resource/10/3444310_image2_1.jpg,음식점,음식,한식,관광식당,38,순천시,34.9049899247,127.3437456049,
2844060,최선장식당,전남광주통합특별시 완도군 군내3번길 23-5,http://tong.visitkorea.or.kr/cms/resource/51/2844051_image2_1.jpg,음식점,음식,한식,관광식당,38,완도군,34.314287968,126.7574920932,
2607009,추도(여수),전남광주통합특별시 여수시 화정면 추도길 1,http://tong.visitkorea.or.kr/cms/resource/95/3580995_image2_1.jpg,관광지,자연관광,자연경관(하천‧해양),섬,38,여수시,34.593456466,127.567739362,
2782990,추성창의기념관,전남광주통합특별시 담양군 담양읍 죽향문화로 380,http://tong.visitkorea.or.kr/cms/resource/85/3571485_image2_1.jpg,문화시설,문화관광,전시시설,기념관,38,담양군,35.3313524282,126.9873079311,
2749635,추월산 골드카라반캠핑장,전남광주통합특별시 담양군 용면 가마골로 221-4,http://tong.visitkorea.or.kr/cms/resource/10/2750010_image2_1.jpg,레포츠,숙박,캠핑,일반야영장,38,담양군,35.4266337703,127.014372554,
126723,추포해변,전남광주통합특별시 신안군 암태면 추엽길 58-59,http://tong.visitkorea.or.kr/cms/resource/92/3559592_image2_1.jpg,관광지,자연관광,자연경관(하천‧해양),해변. 해수욕장,38,신안군,34.8053493653,126.0674578474,
2668131,춘화당,전남광주통합특별시 목포시 영산로59번길 35-7,,숙박,숙박,펜션/민박,한옥스테이,38,목포시,34.7913477405,126.3830941544,
2514081,출렁다리 건너 섬으로,,http://tong.visitkorea.or.kr/cms/resource/37/2483137_image2_1.jpg,여행코스,추천코스,힐링코스,힐링코스,38,강진군,34.528753095,126.772346751,
2604885,춤추는 바다분수,전남광주통합특별시 목포시 미항로 115,http://tong.visitkorea.or.kr/cms/resource/61/3548261_image2_1.jpg,관광지,문화관광,랜드마크관광,분수,38,목포시,34.7987976814,126.4306953255,
128921,충무사(고흥),전남광주통합특별시 고흥군 도화면 충무사길 150 (도화면),http://tong.visitkorea.or.kr/cms/resource/51/3375851_image2_1.JPG,관광지,역사관광,역사유적지,사당,38,고흥군,34.4853368106,127.3348124121,
128983,충의사(최경회장군),전남광주통합특별시 화순군 동면 충의로 409,http://tong.visitkorea.or.kr/cms/resource/72/3348072_image2_1.JPG,관광지,역사관광,역사유적지,사당,38,화순군,35.0376304494,127.0113048757,
132466,충주산방,전남광주통합특별시 나주시 공산면 금강로 253,http://tong.visitkorea.or.kr/cms/resource/57/3537357_image2_1.jpeg,쇼핑,쇼핑,전문매장/상가,공방/공예품점,38,나주시,34.9622124632,126.5908633152,
579565,취도,전남광주통합특별시 고흥군 포두면 오취리,http://tong.visitkorea.or.kr/cms/resource/59/3581459_image2_1.jpg,관광지,자연관광,자연경관(하천‧해양),섬,38,고흥군,34.5681483957,127.4173642522,
2846660,칠링스카페,전남광주통합특별시 담양군 객사2길 14,http://tong.visitkorea.or.kr/cms/resource/48/2846648_image2_1.JPG,음식점,음식,카페/ 찻집,카페,38,담양군,35.3225894617,126.983258512,
2616185,침실습지,전남광주통합특별시 곡성군 오곡면 오지3길 5-1 5,http://tong.visitkorea.or.kr/cms/resource/18/3530118_image2_1.jpg,관광지,자연관광,자연생태,생태습지,38,곡성군,35.2696455752,127.3150333068,
2866485,카페 라피끄,전남광주통합특별시 여수시 무술목길 142-1,http://tong.visitkorea.or.kr/cms/resource/71/2866471_image2_1.jpg,음식점,음식,카페/ 찻집,카페,38,여수시,34.694784846,127.7768879742,
2866650,카페 모카힐,전남광주통합특별시 여수시 고소3길 70,http://tong.visitkorea.or.kr/cms/resource/41/2866641_image2_1.jpg,음식점,음식,카페/ 찻집,카페,38,여수시,34.7381877215,127.7422843394,
2857134,카페 어그원,전남광주통합특별시 순천시 송산2길 22-102,http://tong.visitkorea.or.kr/cms/resource/22/2857122_image2_1.jpg,음식점,음식,카페/ 찻집,카페,38,순천시,34.9226609316,127.5501409222,
2923607,카페 항해,전남광주통합특별시 여수시 국포1로 27,http://tong.visitkorea.or.kr/cms/resource/00/2923600_image2_1.jpg,음식점,음식,카페/ 찻집,카페,38,여수시,34.7282801561,127.7225779812,
2907069,카페더비치,전남광주통합특별시 완도군 해변공원로 59   3층,http://tong.visitkorea.or.kr/cms/resource/59/2906859_image2_1.jpg,음식점,음식,카페/ 찻집,카페,38,완도군,34.3189762002,126.7494732391,
2858642,카페델마르,전남광주통합특별시 목포시 해양대학로 77,http://tong.visitkorea.or.kr/cms/resource/28/2858628_image2_1.jpg,음식점,음식,카페/ 찻집,카페,38,목포시,34.7888588535,126.3660568305,
2783323,카페밀크레페,전남광주통합특별시 담양군 월산면 담장로 67,,음식점,음식,카페/ 찻집,카페,38,담양군,35.3304605325,126.9679152267,
2867253,카페아더맨,전남광주통합특별시 화순군 연양1길 28,http://tong.visitkorea.or.kr/cms/resource/45/2867245_image2_1.jpg,음식점,음식,카페/ 찻집,카페,38,화순군,35.0417042159,126.9655199247,
2876334,카페와온,전남광주통합특별시 순천시 해룡면 와온길 107,http://tong.visitkorea.or.kr/cms/resource/22/2876322_image2_1.JPG,음식점,음식,카페/ 찻집,카페,38,순천시,34.8485465956,127.5248866864,
2840274,카페잇다,전남광주통합특별시 장성군 덕천길 37,http://tong.visitkorea.or.kr/cms/resource/69/2840269_image2_1.JPG,음식점,음식,카페/ 찻집,카페,38,장성군,35.2726841368,126.8277402116,
2833065,카페호시담,전남광주통합특별시 담양군 추령로 375-21,http://tong.visitkorea.or.kr/cms/resource/55/2833055_image2_1.png,음식점,음식,카페/ 찻집,카페,38,담양군,35.3896037731,126.9641029529,
2037448,칼바람 잊게 하는 힐링 천국,,http://tong.visitkorea.or.kr/cms/resource/32/1969532_image2_1.jpg,여행코스,추천코스,힐링코스,힐링코스,38,영암군,34.5036978315,126.6196691016,
2393459,캠핑 레포츠하기 좋은 백학동 마을 코스 [웰촌],,http://tong.visitkorea.or.kr/cms/resource/13/2394013_image2_1.jpg,여행코스,추천코스,힐링코스,힐링코스,38,광양시,35.0525487052,127.686831153,
2744474,캠핑인곡성,전남광주통합특별시 곡성군 고달면 고산로 406,http://tong.visitkorea.or.kr/cms/resource/18/2744718_image2_1.JPG,레포츠,숙박,캠핑,일반야영장,38,곡성군,35.2955769963,127.3738441157,
3355115,커피니 목포역점,전남광주통합특별시 목포시 영산로 98 (호남동),http://tong.visitkorea.or.kr/cms/resource/26/3423326_image2_1.jpg,음식점,음식,카페/ 찻집,카페,38,목포시,34.7911672599,126.3864216428,
2876229,커피창고로,전남광주통합특별시 목포시 평화로 51 (상동),http://tong.visitkorea.or.kr/cms/resource/24/2876224_image2_1.JPG,음식점,음식,카페/ 찻집,카페,38,목포시,34.795756357,126.4306259605,
3529650,케이스테이관광호텔,전남광주통합특별시 강진군 군동면 청자로 299,,숙박,숙박,호텔,호텔,38,강진군,34.6201626378,126.7935010123,
2811450,코너레지던스호텔,전남광주통합특별시 완도군 개포로 179,http://tong.visitkorea.or.kr/cms/resource/92/2808592_image2_1.png,숙박,숙박,호텔,호텔,38,완도군,34.3204954405,126.7473733871,
2925109,코다리하우스,전남광주통합특별시 여수시 웅천남6로 21   마리나타워 3층 301호,,음식점,음식,한식,관광식당,38,여수시,34.7393947803,127.676440067,
3354982,코롬방제과점,전남광주통합특별시 목포시 영산로75번길 7 (무안동),http://tong.visitkorea.or.kr/cms/resource/85/3423285_image2_1.jpg,음식점,음식,간이음식,제과,38,목포시,34.7898895934,126.3844246276,
2791874,큐브빌리지글램핑,전남광주통합특별시 강진군 대구면 청자로 1339-74,http://tong.visitkorea.or.kr/cms/resource/03/2797603_image2_1.JPG,레포츠,숙박,캠핑,글램핑장,38,강진군,34.5351833872,126.8000247207,
2931362,큰끝등대,전남광주통합특별시 여수시 돌산읍 평사리 산 1-1,http://tong.visitkorea.or.kr/cms/resource/17/3549517_image2_1.JPG,관광지,문화관광,랜드마크관광,등대,38,여수시,34.6608085851,127.8053724602,
2794958,키친205,전남광주통합특별시 함평군 함평읍 함평천우길 52,http://tong.visitkorea.or.kr/cms/resource/83/2798083_image2_1.JPG,음식점,음식,카페/ 찻집,카페,38,함평군,35.0612529607,126.5244500971,
2500771,타오르는 강 문학관,전남광주통합특별시 나주시 예향로 3869-4 (영산동),http://tong.visitkorea.or.kr/cms/resource/37/3562237_image2_1.jpg,관광지,역사관광,역사유적지,고택,38,나주시,34.9995047359,126.7131349264,
1874752,타임머신 타고 떠나는 순천,,,여행코스,추천코스,가족코스,가족코스,38,순천시,34.9070951762,127.3397958986,
127632,탐진강,전남광주통합특별시 장흥군 유치면 ~ 전라남도 강진군,http://tong.visitkorea.or.kr/cms/resource/69/3535969_image2_1.jpg,관광지,자연관광,자연경관(하천‧해양),강,38,장흥군,34.659393321,126.8987991348,
1391635,탐진강 생태습지원,전남광주통합특별시 장흥군 장흥읍 건산리 805,http://tong.visitkorea.or.kr/cms/resource/21/3552021_image2_1.jpg,관광지,자연관광,자연공원,생태관광지,38,장흥군,34.6742889767,126.9051204373,
3082828,탑골의 탑이야기,전남광주통합특별시 진도군 임회면 죽림리 산235-1,http://tong.visitkorea.or.kr/cms/resource/17/3082817_image2_1.jpg,관광지,문화관광,도시공원,소공원,38,진도군,34.3896349455,126.2365082804,
2795025,탑산사,전남광주통합특별시 장흥군 대덕읍 천관산문학길 297,http://tong.visitkorea.or.kr/cms/resource/05/2798005_image2_1.JPG,관광지,역사관광,종교성지,불교,38,장흥군,34.5310523296,126.9092374563,
2844027,태동반점,전남광주통합특별시 목포시 마인계터로40번길 10-1,http://tong.visitkorea.or.kr/cms/resource/18/2844018_image2_1.jpg,음식점,음식,외국식,중식,38,목포시,34.7900367827,126.3834302673,
1342639,태랑도예원,전남광주통합특별시 순천시 별량면 일출길 141,,쇼핑,쇼핑,전문매장/상가,공방/공예품점,38,순천시,34.8688824839,127.4832092713,
1350590,태백산맥 꼬막맛집,전남광주통합특별시 보성군 벌교읍 벌교천2길 58-1,,음식점,음식,한식,관광식당,38,보성군,34.8479796796,127.3447330644,
2708174,태백산맥 문학거리,전남광주통합특별시 보성군 벌교읍 홍암로 89-19,http://tong.visitkorea.or.kr/cms/resource/36/3551236_image2_1.jpg,관광지,문화관광,도시.지역문화관광,"골목길, 문화거리",38,보성군,34.8492602203,127.3522684814,
126365,태안사,전남광주통합특별시 곡성군 죽곡면 태안로 622-215,http://tong.visitkorea.or.kr/cms/resource/00/3533500_image2_1.jpg,관광지,역사관광,종교성지,불교,38,곡성군,35.1319873337,127.3863999806,
2621370,태양아래월출산,전남광주통합특별시 강진군 성전면 달빛한옥길 17-4,,숙박,숙박,펜션/민박,한옥스테이,38,강진군,34.7398423959,126.7184685944,
482216,태영사,전남광주통합특별시 해남군 북평면 천태산길 191,http://tong.visitkorea.or.kr/cms/resource/89/3381389_image2_1.JPG,관광지,역사관광,종교성지,불교,38,해남군,34.4221402415,126.6158574973,
778219,태평염생식물원,전남광주통합특별시 신안군 증도면 증동리,http://tong.visitkorea.or.kr/cms/resource/82/3449282_image2_1.jpg,관광지,자연관광,자연공원,수목원ㆍ정원,38,신안군,34.9980487594,126.1724494938,
2871191,터진만두,전남광주통합특별시 여수시 소호로 253-1,http://tong.visitkorea.or.kr/cms/resource/67/2871167_image2_1.jpg,음식점,음식,한식,관광식당,38,여수시,34.7283287501,127.6415128474,
3080143,토담골랜드,전남광주통합특별시 영암군 학산면 학계길 80,http://tong.visitkorea.or.kr/cms/resource/39/3080139_image2_1.jpg,관광지,체험관광,농.산.어촌 체험,체험농장,38,영암군,34.6971733675,126.6216059402,
126275,톱머리 해수욕장,전남광주통합특별시 무안군 망운면 피서리,http://tong.visitkorea.or.kr/cms/resource/86/3535786_image2_1.jpg,관광지,자연관광,자연경관(하천‧해양),해변. 해수욕장,38,무안군,34.9681556483,126.3870256467,
129100,톱머리마을,전남광주통합특별시 무안군 망운면 피서리,http://tong.visitkorea.or.kr/cms/resource/67/3535667_image2_1.jpg,관광지,문화관광,도시.지역문화관광,마을관광지,38,무안군,34.9695526359,126.3823649145,
2782808,통만두집,전남광주통합특별시 여수시 통제영4길 12 (중앙동),,음식점,음식,한식,관광식당,38,여수시,34.7411428252,127.7352932089,
2923668,통큰샤브,전남광주통합특별시 여수시 망마로 25   3층,http://tong.visitkorea.or.kr/cms/resource/50/2923650_image2_1.jpg,음식점,음식,한식,관광식당,38,여수시,34.7603311424,127.6659543428,
2840109,트윈브릿지,전남광주통합특별시 해남군 문내면 관광레저로 5,http://tong.visitkorea.or.kr/cms/resource/06/2840106_image2_1.jpg,음식점,음식,카페/ 찻집,카페,38,해남군,34.5733876695,126.3060617128,
2787477,파도마을,전남광주통합특별시 구례군 토지면 파도리,http://tong.visitkorea.or.kr/cms/resource/67/2790467_image2_1.jpg,관광지,체험관광,농.산.어촌 체험,체험마을,38,구례군,35.205140154,127.5442175363,
2523277,파도목장,전남광주통합특별시 무안군 해운로 185-10 파도목장,http://tong.visitkorea.or.kr/cms/resource/56/3378656_image2_1.JPG,관광지,체험관광,농.산.어촌 체험,체험목장,38,무안군,35.0652651752,126.4507065309,
2704779,판소리성지,전남광주통합특별시 보성군 회천면 영천길 17-8,http://tong.visitkorea.or.kr/cms/resource/22/3347322_image2_1.JPG,문화시설,문화관광,전시시설,전시관,38,보성군,34.6798550022,127.0698808267,
127761,팔금도,전남광주통합특별시 신안군 팔금면 삼층석탑길 161,http://tong.visitkorea.or.kr/cms/resource/42/3562042_image2_1.jpg,관광지,자연관광,자연경관(하천‧해양),섬,38,신안군,34.7850917514,126.1424961317,
2674017,팔영대교,전남광주통합특별시 고흥군 영남면,http://tong.visitkorea.or.kr/cms/resource/13/3375913_image2_1.JPG,관광지,문화관광,랜드마크관광,다리 / 대교,38,고흥군,34.6308982705,127.4959919204,
2734251,팔영산자동차야영장,전남광주통합특별시 고흥군 점암면 팔봉길 19-51,http://tong.visitkorea.or.kr/cms/resource/13/3450513_image2_1.jpg,레포츠,숙박,캠핑,오토캠핑장,38,고흥군,34.6362991192,127.4184207952,
125426,팔영산자연휴양림,전남광주통합특별시 고흥군 영남면 팔영로 1347-418 (영남면),,관광지,자연관광,자연공원,자연휴양림,38,고흥군,34.6214289206,127.4394637689,
2741567,편백힐(치유의숲)야영장,전남광주통합특별시 장성군 북하면 하남실길 212,http://tong.visitkorea.or.kr/cms/resource/66/2741766_image2_1.jpg,레포츠,숙박,캠핑,일반야영장,38,장성군,35.3798370788,126.8974785513,
2365338,평야 넒은 호남땅의 나주로 마실가자!,,http://tong.visitkorea.or.kr/cms/resource/68/676368_image2_1.jpg,여행코스,추천코스,나홀로코스,나홀로코스,38,나주시,35.0294125943,126.7203752147,
131100,평일도일대,전남광주통합특별시 완도군 금일읍 금일로 (금일읍),http://tong.visitkorea.or.kr/cms/resource/34/2497134_image2_1.jpg,레포츠,레저스포츠,수상레저스포츠,바다낚시,38,완도군,34.3484333052,127.042049695,
2861388,평화국밥,전남광주통합특별시 고흥군 과역로 951,http://tong.visitkorea.or.kr/cms/resource/76/2861376_image2_1.JPG,음식점,음식,한식,관광식당,38,고흥군,34.6839512763,127.3692239144,
2743267,포라이즌글램핑,전남광주통합특별시 순천시 별량면 오실길 333,http://tong.visitkorea.or.kr/cms/resource/88/2743588_image2_1.jpg,레포츠,숙박,캠핑,글램핑장,38,순천시,34.9016476588,127.4488808992,
2720433,포레스트 수목원,전남광주통합특별시 해남군 현산면 봉동길 232-118,http://tong.visitkorea.or.kr/cms/resource/54/3591354_image2_1.jpg,관광지,자연관광,자연공원,수목원ㆍ정원,38,해남군,34.4532475345,126.5955113195,
2872755,포레스트96,전남광주통합특별시 화순군 신기중앙길 2,http://tong.visitkorea.or.kr/cms/resource/45/2872745_image2_1.jpg,음식점,음식,외국식,서양식,38,화순군,35.0638410001,126.9886812159,
2697904,포유호스텔,전남광주통합특별시 여수시 오동도로 46 (수정동),,숙박,숙박,호스텔,게스트하우스,38,여수시,34.7439871577,127.7472143164,
2703618,포테이블,전남광주통합특별시 화순군 화순읍 한고을길 8-1,,음식점,음식,외국식,일식,38,화순군,35.0559472067,126.9745159969,
131432,포항저수지,전남광주통합특별시 장흥군 대덕읍 신흥2길 41,http://tong.visitkorea.or.kr/cms/resource/19/3535919_image2_1.jpg,레포츠,레저스포츠,수상레저스포츠,민물낚시,38,장흥군,34.5010029525,126.9113046707,
2623577,폴링인블루펜션,전남광주통합특별시 여수시 돌산읍 월암길 125,,숙박,숙박,펜션/민박,펜션,38,여수시,34.6691155801,127.7817326468,
250301,표충사(해남),전남광주통합특별시 해남군 삼산면 대흥사길 400,http://tong.visitkorea.or.kr/cms/resource/50/3563050_image2_1.jpg,관광지,역사관광,역사유적지,사당,38,해남군,34.4768841031,126.6155562159,
1854614,푸른 하늘 아래서 즐기는 천연염색체험,,http://tong.visitkorea.or.kr/cms/resource/23/217023_image2_1.jpg,여행코스,추천코스,가족코스,가족코스,38,나주시,34.9941517253,126.6629339388,
319427,품바발상지,전남광주통합특별시 무안군 일로읍 의산리 967-12 일대,http://tong.visitkorea.or.kr/cms/resource/21/2689621_image2_1.jpg,관광지,체험관광,기타체험,기타체험관광,38,무안군,34.8399859301,126.5049516611,
2861408,풍경채,전남광주통합특별시 고흥군 흥양길 76,http://tong.visitkorea.or.kr/cms/resource/04/2861404_image2_1.JPG,음식점,음식,한식,관광식당,38,고흥군,34.6122717105,127.2818277981,
2877102,풍성한 집,전남광주통합특별시 영광군 법성면 법성포로3길 60,http://tong.visitkorea.or.kr/cms/resource/90/2877090_image2_1.jpg,음식점,음식,한식,관광식당,38,영광군,35.3591873761,126.4455941915,
2892995,풍차,전남광주통합특별시 영암군 금정면 여운재로 996,http://tong.visitkorea.or.kr/cms/resource/92/2892992_image2_1.JPG,음식점,음식,외국식,중식,38,영암군,34.8599849365,126.7485657841,
2743855,프로방스펜션,전남광주통합특별시 영광군 백수읍 해안로 677,http://tong.visitkorea.or.kr/cms/resource/49/2744349_image2_1.jpg,레포츠,숙박,캠핑,일반야영장,38,영광군,35.3312533623,126.3811728328,
2654632,플라타너스 별빛 달빛 길,전남광주통합특별시 담양군 담양읍 죽녹원로 130,http://tong.visitkorea.or.kr/cms/resource/58/3346458_image2_1.JPG,관광지,문화관광,도시.지역문화관광,"골목길, 문화거리",38,담양군,35.3252475735,126.987902478,
2730006,피아골오토캠핑장,전남광주통합특별시 구례군 토지면 원기양지길 26,http://tong.visitkorea.or.kr/cms/resource/57/2730257_image2_1.jpg,레포츠,숙박,캠핑,오토캠핑장,38,구례군,35.2275023147,127.5897740585,
2866534,피읖 카페,전남광주통합특별시 여수시 돌산로 3292-6,http://tong.visitkorea.or.kr/cms/resource/29/2866529_image2_1.jpg,음식점,음식,카페/ 찻집,카페,38,여수시,34.7131853431,127.7641136224,
2840290,필그림,전남광주통합특별시 장성군 구석길 71,http://tong.visitkorea.or.kr/cms/resource/84/2840284_image2_1.JPG,음식점,음식,카페/ 찻집,카페,38,장성군,35.3034764661,126.7442246189,
126402,필암서원 [유네스코 세계유산],전남광주통합특별시 장성군 황룡면 필암서원로 184,http://tong.visitkorea.or.kr/cms/resource/69/3568269_image2_1.jpg,관광지,역사관광,역사유적지,사당,38,장성군,35.310331373,126.7517904425,
2784700,하나로식당,전남광주통합특별시 신안군 암태면 장단고길 33-17,http://tong.visitkorea.or.kr/cms/resource/24/2784824_image2_1.jpg,음식점,음식,한식,관광식당,38,신안군,34.8276197899,126.1116367395,
2730025,하느제캠핑장,전남광주통합특별시 보성군 벌교읍 옥전1길 480,http://tong.visitkorea.or.kr/cms/resource/97/2730297_image2_1.jpg,레포츠,숙박,캠핑,일반야영장,38,보성군,34.843769909,127.2326735686,
2608140,하늘누리,전남광주통합특별시 장흥군 안양면 수문전원길 36,,숙박,숙박,펜션/민박,한옥스테이,38,장흥군,34.6379340993,127.0338794627,
2730063,하늘바다캠핑장,전남광주통합특별시 신안군 안좌면 존포길 234-63,http://tong.visitkorea.or.kr/cms/resource/24/2730324_image2_1.jpg,레포츠,숙박,캠핑,일반야영장,38,신안군,34.6918412044,126.1462230151,
129695,하멜 체류지와 강진 성동리 은행나무,전남광주통합특별시 강진군 병영면 한골목길 69-1,http://tong.visitkorea.or.kr/cms/resource/23/3558423_image2_1.jpg,관광지,역사관광,역사유적지,기타역사유적지,38,강진군,34.7198435595,126.8203767766,
1968147,하멜의 표류기에 등장하는 강진 병영성과 바다낚시 여행,,http://tong.visitkorea.or.kr/cms/resource/23/220623_image2_1.jpg,여행코스,추천코스,가족코스,가족코스,38,강진군,34.7166939361,126.8217239573,
2778049,하멜전시관,전남광주통합특별시 여수시 하멜로 96 (종화동),http://tong.visitkorea.or.kr/cms/resource/78/3587378_image2_1.jpg,문화시설,문화관광,전시시설,전시관,38,여수시,34.7369407479,127.7485727103,
1856920,하멜표류기의 흔적을 만나다,,http://tong.visitkorea.or.kr/cms/resource/23/220623_image2_1.jpg,여행코스,추천코스,가족코스,가족코스,38,강진군,34.7166939361,126.8217239573,
3010998,하비스트랜드,전남광주통합특별시 장성군 남면 청양길 46-16,http://tong.visitkorea.or.kr/cms/resource/84/3010984_image2_1.jpg,관광지,체험관광,농.산.어촌 체험,체험농장,38,장성군,35.2433309895,126.773648517,
2507736,하얀집 낙지전문점,전남광주통합특별시 여수시 장성1길 19,,음식점,음식,한식,관광식당,38,여수시,34.754353843,127.6548637982,
2946553,하월,전남광주통합특별시 여수시 돌산읍 평사로 160,http://tong.visitkorea.or.kr/cms/resource/06/2804906_image2_1.JPG,숙박,숙박,펜션/민박,농어촌민박,38,여수시,34.6436007247,127.7214607798,
577831,하의도,전남광주통합특별시 신안군 하의면 곰실길 20,http://tong.visitkorea.or.kr/cms/resource/79/3572079_image2_1.jpg,관광지,자연관광,자연경관(하천‧해양),섬,38,신안군,34.6062268491,126.0363652956,
128620,하저어촌체험마을,전남광주통합특별시 강진군 대구면 저두바닷길 19,http://tong.visitkorea.or.kr/cms/resource/22/2516422_image2_1.jpg,관광지,체험관광,농.산.어촌 체험,체험어장,38,강진군,34.5272396886,126.7912673485,
129424,하조도 등대,전남광주통합특별시 진도군 조도면 조도등대길 429,http://tong.visitkorea.or.kr/cms/resource/19/2025519_image2_1.JPG,관광지,문화관광,랜드마크관광,등대,38,진도군,34.3110747017,126.0878815245,
2787313,하죽마을,전남광주통합특별시 구례군 토지면 대내길 62-5,http://tong.visitkorea.or.kr/cms/resource/30/2790630_image2_1.jpg,레포츠,레저스포츠,육상레저스포츠,기타육상레저스포츠,38,구례군,35.2065367908,127.5195891142,
577805,하태도,전남광주통합특별시 신안군 흑산면 장굴길 49-1,,관광지,자연관광,자연경관(하천‧해양),섬,38,신안군,34.390675603,125.2986132798,
2723767,하트해변(신안),전남광주통합특별시 신안군 비금면 하누넘해수욕장길 247,http://tong.visitkorea.or.kr/cms/resource/41/3572141_image2_1.jpg,관광지,자연관광,자연경관(하천‧해양),해변. 해수욕장,38,신안군,34.7512638134,125.8956132335,
2381140,하화도 꽃섬길,전남광주통합특별시 여수시 화정면 아랫꽃섬1길 1,http://tong.visitkorea.or.kr/cms/resource/35/3018735_image2_1.jpg,레포츠,레저스포츠,육상레저스포츠,기타육상레저스포츠,38,여수시,34.5946183318,127.6192931613,
579990,하화도(고흥),전남광주통합특별시 고흥군 도양읍 하화도길 (도양읍),http://tong.visitkorea.or.kr/cms/resource/12/3581512_image2_1.jpg,관광지,자연관광,자연경관(하천‧해양),섬,38,고흥군,34.4962852063,127.1475340837,
2497099,하화도(여수),전남광주통합특별시 여수시 화정면 아래꽃섬1길,http://tong.visitkorea.or.kr/cms/resource/45/3345945_image2_1.jpg,관광지,자연관광,자연경관(하천‧해양),섬,38,여수시,34.5932880043,127.6238927933,
2607675,학은재,전남광주통합특별시 목포시 유동로 51 (중앙동3가),,숙박,숙박,펜션/민박,한옥스테이,38,목포시,34.7864010293,126.3802361926,
2371610,한국민화뮤지엄,전남광주통합특별시 강진군 대구면 청자촌길 61-5,http://tong.visitkorea.or.kr/cms/resource/54/3562254_image2_1.jpg,문화시설,문화관광,전시시설,박물관,38,강진군,34.5086447638,126.8041888856,
2616175,한국압화박물관,전남광주통합특별시 구례군 구례읍 동산1길 29,http://tong.visitkorea.or.kr/cms/resource/27/3552927_image2_1.jpg,문화시설,문화관광,전시시설,박물관,38,구례군,35.1967229741,127.4599501758,
3547386,한국전력과 함께하는 2025 희망·사랑 나눔 콘서트,전남광주통합특별시 장성군 장성읍 문화로 110,http://tong.visitkorea.or.kr/cms/resource/85/3547385_image2_1.jpg,축제공연행사,축제/공연/행사,공연,클래식음악회,38,장성군,35.3016853956,126.7675670383,070-4242-0838
1282839,한국차문화공원,전남광주통합특별시 보성군 보성읍 녹차로 775,http://tong.visitkorea.or.kr/cms/resource/44/3548844_image2_1.jpg,관광지,문화관광,도시공원,주제공원,38,보성군,34.7197923874,127.0817510209,
130910,한국천연염색박물관,전남광주통합특별시 나주시 다시면 백호로 379,http://tong.visitkorea.or.kr/cms/resource/19/3552819_image2_1.jpg,문화시설,문화관광,전시시설,박물관,38,나주시,34.9940128458,126.6625561976,
2663258,한국초콜릿연구소 뮤지엄 곡성지점,전남광주통합특별시 곡성군 오곡면 기차마을로 232,http://tong.visitkorea.or.kr/cms/resource/59/2663259_image2_1.jpg,문화시설,문화관광,전시시설,박물관,38,곡성군,35.2775723415,127.3082975874,
2657848,한국트로트가요센터,전남광주통합특별시 영암군 영암읍 기찬랜드로 19-10,,관광지,체험관광,기타체험,기타체험관광,38,영암군,34.791588805,126.6853535853,
129013,한마음공원,전남광주통합특별시 영광군 홍농읍 홍농로7길 24 (홍농읍),http://tong.visitkorea.or.kr/cms/resource/54/3378854_image2_1.JPG,관광지,문화관광,도시공원,시민공원,38,영광군,35.4239436036,126.4266859323,
643329,한미르,전남광주통합특별시 목포시 유달로 112,,음식점,음식,한식,관광식당,38,목포시,34.7911921285,126.3785612257,
126337,한산사(여수),전남광주통합특별시 여수시 구봉산길 114 (봉산동),http://tong.visitkorea.or.kr/cms/resource/15/3549615_image2_1.JPG,관광지,역사관광,종교성지,불교,38,여수시,34.7397981332,127.7123146966,
742551,한산사지삼층석탑,전남광주통합특별시 화순군 동복면 탑동길 21-23,http://tong.visitkorea.or.kr/cms/resource/02/3347202_image2_1.JPG,관광지,역사관광,역사유물,탑ㆍ비석ㆍ기념탑,38,화순군,35.085499266,127.1285349996,
2877124,한성식당,전남광주통합특별시 영광군 백수읍 천마길 10,http://tong.visitkorea.or.kr/cms/resource/13/2877113_image2_1.jpg,음식점,음식,한식,관광식당,38,영광군,35.2827845133,126.4207593997,
1856946,"한센병 환자의 슬픔을 간직한 섬, 소록도",,http://tong.visitkorea.or.kr/cms/resource/56/1608456_image2_1.jpg,여행코스,추천코스,힐링코스,힐링코스,38,고흥군,34.4842313947,127.3357568011,
2795422,한수제,전남광주통합특별시 나주시 경현동,http://tong.visitkorea.or.kr/cms/resource/85/3529485_image2_1.jpg,관광지,자연관광,자연경관(하천‧해양),저수지,38,나주시,35.0348395317,126.7067123994,
2737362,한실캠핑장,전남광주통합특별시 장성군 삼서면 대곡한실길 68-17,http://tong.visitkorea.or.kr/cms/resource/90/2737690_image2_1.jpg,레포츠,숙박,캠핑,일반야영장,38,장성군,35.2328024039,126.6546065508,
2760835,한재골 계곡,전남광주통합특별시 담양군 대전면 병풍로 483,http://tong.visitkorea.or.kr/cms/resource/15/3534215_image2_1.jpg,관광지,자연관광,자연경관(산),계곡,38,담양군,35.3019927631,126.8768795651,
643249,한재골하얀집,전남광주통합특별시 담양군 대전면 방축동길 4,,음식점,음식,한식,관광식당,38,담양군,35.2854337184,126.8882623079,
2514180,한적한 바닷길 따라 소등섬 한 바퀴,,,여행코스,추천코스,힐링코스,힐링코스,38,장흥군,34.6046206793,127.0047356151,
1623998,한천농악전수회관,전남광주통합특별시 화순군 동복면 김삿갓로 720,http://tong.visitkorea.or.kr/cms/resource/09/3347009_image2_1.JPG,문화시설,문화관광,교육시설,문화전수시설,38,화순군,35.0595799899,127.1299799697,
127164,한천자연휴양림,전남광주통합특별시 화순군 한천면 죽헌로 719,http://tong.visitkorea.or.kr/cms/resource/14/3566814_image2_1.jpg,관광지,자연관광,자연공원,자연휴양림,38,화순군,34.9916333134,127.0384091912,
2737365,한천자연휴양림캠핑장,전남광주통합특별시 화순군 한천면 죽헌로 719,http://tong.visitkorea.or.kr/cms/resource/04/2737704_image2_1.jpg,레포츠,숙박,캠핑,일반야영장,38,화순군,34.9861672851,127.0397869838,
1392647,할미꽃 한재공원,전남광주통합특별시 장흥군 회진면 덕산리 산 56,http://tong.visitkorea.or.kr/cms/resource/51/3382051_image2_1.JPG,관광지,자연관광,자연공원,생태관광지,38,장흥군,34.4856359987,126.9575398791,
3078219,함동수상레저타운,전남광주통합특별시 장성군 삼계면 영장로 1758,http://tong.visitkorea.or.kr/cms/resource/26/3011026_image2_1.jpg,레포츠,레저스포츠,수상레저스포츠,윈드서핑/제트스키,38,장성군,35.2470233143,126.6723324036,
129234,함평 고막천 석교,전남광주통합특별시 함평군 학교면 고막리 629 일원,http://tong.visitkorea.or.kr/cms/resource/18/3080318_image2_1.jpg,관광지,문화관광,랜드마크관광,다리 / 대교,38,함평군,35.0264635923,126.5936114964,
1854617,함평 바다에서 즐기는 특별한 체험,,http://tong.visitkorea.or.kr/cms/resource/54/1809854_image2_1.jpg,여행코스,추천코스,가족코스,가족코스,38,함평군,35.0329600762,126.5933169191,
129250,함평 양재리의 이팝나무,전남광주통합특별시 함평군 손불면 모량길 38,http://tong.visitkorea.or.kr/cms/resource/17/3061117_image2_1.jpg,관광지,자연관광,자연생태,희귀동.식물,38,함평군,35.1605009741,126.4110132738,
2485108,함평군립미술관,전남광주통합특별시 함평군 함평읍 곤재로 27,http://tong.visitkorea.or.kr/cms/resource/48/3381348_image2_1.JPG,문화시설,문화관광,전시시설,미술관/화랑,38,함평군,35.0592031554,126.5222114574,
2737332,함평나비마을 서울시캠핑장,전남광주통합특별시 함평군 함평읍 함장로 730,http://tong.visitkorea.or.kr/cms/resource/05/2737605_image2_1.jpg,레포츠,숙박,캠핑,일반야영장,38,함평군,35.0384132775,126.4884510666,
2747018,함평돌머리캠핑장,전남광주통합특별시 함평군 함평읍 주포로 600-29,http://tong.visitkorea.or.kr/cms/resource/34/2746934_image2_1.jpg,레포츠,숙박,캠핑,오토캠핑장,38,함평군,35.0864514985,126.4402986018,
3576309,함평돌머리해수찜치유센터,전남광주통합특별시 함평군 함평읍 주포로 624,,관광지,체험관광,웰니스관광,한방체험,38,함평군,35.0858793512,126.4409318927,
129243,함평예덕리고분군,전남광주통합특별시 함평군 월야면 예덕리,http://tong.visitkorea.or.kr/cms/resource/22/3536122_image2_1.jpg,관광지,역사관광,역사유적지,"고분, 능",38,함평군,35.2209307283,126.6069999555,
129248,함평용월리지석묘군,전남광주통합특별시 함평군 월야면 용월리,http://tong.visitkorea.or.kr/cms/resource/83/3536083_image2_1.jpg,관광지,역사관광,역사유적지,선사유적지,38,함평군,35.1612322096,126.6240665886,
129235,함평자연생태공원,전남광주통합특별시 함평군 대동면 학동로 1398-77,http://tong.visitkorea.or.kr/cms/resource/05/3536105_image2_1.jpg,관광지,자연관광,자연공원,생태관광지,38,함평군,35.1350415336,126.505713834,
129241,함평죽암리고분,전남광주통합특별시 함평군 손불면 죽암리,http://tong.visitkorea.or.kr/cms/resource/41/3381341_image2_1.JPG,관광지,역사관광,역사유적지,"고분, 능",38,함평군,35.1110022009,126.4825692538,
2612909,해남 공재고택,전남광주통합특별시 해남군 현산면 백포길 122,http://tong.visitkorea.or.kr/cms/resource/12/3383012_image2_1.JPG,관광지,역사관광,역사유적지,고택,38,해남군,34.4406560171,126.5183489556,
1960308,해남 땅끝에서 1박 2일 코스,,http://tong.visitkorea.or.kr/cms/resource/49/1929649_image2_1.jpg,여행코스,추천코스,가족코스,가족코스,38,해남군,34.5512564337,126.6225204875,
231919,해남 명량대첩비,전남광주통합특별시 해남군 문내면 우수영안길 34 (문내면),http://tong.visitkorea.or.kr/cms/resource/82/3391982_image2_1.JPG,관광지,역사관광,역사유물,탑ㆍ비석ㆍ기념탑,38,해남군,34.5844226722,126.3141468496,
129136,해남 목포구 등대,전남광주통합특별시 해남군 화원면 매봉길 582,http://tong.visitkorea.or.kr/cms/resource/84/3563584_image2_1.jpg,관광지,문화관광,랜드마크관광,등대,38,해남군,34.7619857588,126.297374654,
1624505,해남 민정기 가옥,전남광주통합특별시 해남군 해남읍 백야길 36,,관광지,역사관광,역사유적지,고택,38,해남군,34.5427537214,126.5684282271,
1957489,해남 방춘정,전남광주통합특별시 해남군 계곡면 방춘길 123-4,http://tong.visitkorea.or.kr/cms/resource/59/3563559_image2_1.jpg,관광지,역사관광,역사유적지,기타역사유적지,38,해남군,34.6554476608,126.6313616449,
1624508,해남 송호리 해송림,전남광주통합특별시 해남군 송지면 땅끝해안로 1827,http://tong.visitkorea.or.kr/cms/resource/74/3562874_image2_1.jpg,관광지,자연관광,자연경관(산),숲,38,해남군,34.314386846,126.5197434929,
1624511,해남 용두리 고분,전남광주통합특별시 해남군 삼산면 창리길 173,http://tong.visitkorea.or.kr/cms/resource/80/3562880_image2_1.jpg,관광지,역사관광,역사유적지,"고분, 능",38,해남군,34.5332718227,126.5910236895,
2856978,해남고구마빵 피낭시에,전남광주통합특별시 해남군 읍내길 8 피낭시에,http://tong.visitkorea.or.kr/cms/resource/71/2856971_image2_1.jpg,음식점,음식,간이음식,제과,38,해남군,34.5709288368,126.5988248773,
250467,해남공룡박물관,전남광주통합특별시 해남군 황산면 공룡박물관길 234,http://tong.visitkorea.or.kr/cms/resource/45/3564445_image2_1.jpg,문화시설,문화관광,전시시설,박물관,38,해남군,34.5898990614,126.4372969769,
129319,해남김치마을,전남광주통합특별시 해남군 북평면 동해길 97,http://tong.visitkorea.or.kr/cms/resource/61/3562861_image2_1.jpg,관광지,체험관광,농.산.어촌 체험,체험마을,38,해남군,34.4365750658,126.6359831631,
3452773,해남땅끝전망대카페,전남광주통합특별시 해남군 송지면 땅끝마을길 100,http://tong.visitkorea.or.kr/cms/resource/39/3452239_image2_1.jpg,음식점,음식,카페/ 찻집,카페,38,해남군,34.2947474622,126.5250351589,
130907,해남문화예술회관,전남광주통합특별시 해남군 해남읍 군청길 4,http://tong.visitkorea.or.kr/cms/resource/17/3564417_image2_1.jpg,문화시설,문화관광,공연시설,공연장,38,해남군,34.5735424396,126.5992608873,
129995,해남문화원,전남광주통합특별시 해남군 해남읍 수성4길 2,http://tong.visitkorea.or.kr/cms/resource/19/3383019_image2_1.JPG,문화시설,문화관광,교육시설,한국문화원,38,해남군,34.5735535701,126.6005163321,
2730820,해남오시아노캠핑장,전남광주통합특별시 해남군 화원면 주광리 384,http://tong.visitkorea.or.kr/cms/resource/45/3459645_image2_1.jpg,레포츠,숙박,캠핑,일반야영장,38,해남군,34.6852966213,126.2636794602,
136542,해남유스호스텔,전남광주통합특별시 해남군 삼산면 대흥사길 88-88,http://tong.visitkorea.or.kr/cms/resource/64/3543064_image2_1.jpeg,숙박,숙박,호스텔,유스호스텔,38,해남군,34.4956460842,126.6274602768,
126417,해남윤씨 녹우당 일원,전남광주통합특별시 해남군 해남읍 녹우당길 135,http://tong.visitkorea.or.kr/cms/resource/20/689220_image2_1.jpg,관광지,역사관광,역사유적지,고택,38,해남군,34.5510536692,126.6219372108,
132275,"해남장 (1, 6일)",전남광주통합특별시 해남군 해남읍 중앙2로 100-1,http://tong.visitkorea.or.kr/cms/resource/04/1972104_image2_1.jpg,쇼핑,쇼핑,시장,비상설시장,38,해남군,34.568087443,126.5960446344,
1624520,해남향교,전남광주통합특별시 해남군 해남읍 향교길 20,http://tong.visitkorea.or.kr/cms/resource/70/3564270_image2_1.jpg,관광지,역사관광,역사유적지,사당,38,해남군,34.5747340175,126.6020133944,
2774088,해동사,전남광주통합특별시 장흥군 장동면 만수길 25-121,http://tong.visitkorea.or.kr/cms/resource/68/3351568_image2_1.jpg,관광지,역사관광,역사유적지,사당,38,장흥군,34.7476201917,126.9385768081,
2604833,해로당,전남광주통합특별시 강진군 달빛한옥길 57,http://tong.visitkorea.or.kr/cms/resource/84/2991384_image2_1.jpg,숙박,숙박,펜션/민박,한옥스테이,38,강진군,34.7397396195,126.717854762,
2783305,해마루호텔,전남광주통합특별시 광양시 항만9로 113 (중동),http://tong.visitkorea.or.kr/cms/resource/57/2783457_image2_1.jpg,숙박,숙박,호텔,호텔,38,광양시,34.9255381525,127.6970113001,
2861558,해미연,전남광주통합특별시 나주시 석전2길 20,http://tong.visitkorea.or.kr/cms/resource/56/2861556_image2_1.JPG,음식점,음식,한식,관광식당,38,나주시,35.0239864072,126.7788618475,
2876285,해빔 본점,전남광주통합특별시 목포시 미항로 83 (상동),http://tong.visitkorea.or.kr/cms/resource/69/2876269_image2_1.JPG,음식점,음식,한식,관광식당,38,목포시,34.7946925778,126.4300454818,
2381383,해안 따라 보물이 가득한 무안 낙지길을 걷자.,,http://tong.visitkorea.or.kr/cms/resource/22/1608322_image2_1.jpg,여행코스,추천코스,도보코스,도보코스,38,무안군,35.1578946312,126.345466376,
136726,해양모텔,전남광주통합특별시 목포시 통일대로 11-1,http://tong.visitkorea.or.kr/cms/resource/83/1972283_image2_1.jpg,숙박,숙박,모텔,모텔,38,목포시,34.7979254845,126.4262401853,
2405995,해양에너지공원,전남광주통합특별시 진도군 군내면 진도대로 8459-13,http://tong.visitkorea.or.kr/cms/resource/97/3559597_image2_1.jpg,관광지,문화관광,도시공원,주제공원,38,진도군,34.5707017781,126.301009444,
2861600,해연,전남광주통합특별시 보성군 장좌월곡길 166-27,http://tong.visitkorea.or.kr/cms/resource/98/2861598_image2_1.JPG,음식점,음식,한식,관광식당,38,보성군,34.8336086969,127.3227825748,
2628774,해오름 민박,전남광주통합특별시 순천시 낙안면 조정래길 786-4,,숙박,숙박,펜션/민박,농어촌민박,38,순천시,34.9076979681,127.3445926842,
2747711,해오름펜션,전남광주통합특별시 담양군 용면 월계길 49,http://tong.visitkorea.or.kr/cms/resource/97/2748097_image2_1.jpg,레포츠,숙박,캠핑,일반야영장,38,담양군,35.4052330236,126.9913695828,
2734308,해창만오토캠핑장,전남광주통합특별시 고흥군 포두면 팔영로 405,http://tong.visitkorea.or.kr/cms/resource/27/2735827_image2_1.jpg,레포츠,숙박,캠핑,오토캠핑장,38,고흥군,34.5822186348,127.3933410039,
2507741,해촌산장어숯불구이,전남광주통합특별시 여수시 충무로 76,,음식점,음식,한식,관광식당,38,여수시,34.7432202909,127.7307130011,
1957492,해촌서원,전남광주통합특별시 해남군 해남읍 해리2길 50,http://tong.visitkorea.or.kr/cms/resource/45/3383045_image2_1.JPG,관광지,역사관광,역사유적지,사당,38,해남군,34.5749786301,126.6138928993,
231906,해평리석장승,전남광주통합특별시 보성군 득량면 해평리 564-2,http://tong.visitkorea.or.kr/cms/resource/89/3347189_image2_1.JPG,관광지,역사관광,역사유물,기타역사유물,38,보성군,34.7504797027,127.1924933136,
2866548,해풍게장,전남광주통합특별시 여수시 신기남4길 26,http://tong.visitkorea.or.kr/cms/resource/41/2866541_image2_1.jpg,음식점,음식,한식,관광식당,38,여수시,34.7616616252,127.6703567017,
3102114,행복동1가,전남광주통합특별시 목포시 해안로 235-4 (행복동1가) 301호,,숙박,숙박,호스텔,게스트하우스,38,목포시,34.7861261772,126.3874105654,
2866466,행복한임금님,전남광주통합특별시 담양군 지침6길 78-9,http://tong.visitkorea.or.kr/cms/resource/50/2866450_image2_1.jpg,음식점,음식,한식,관광식당,38,담양군,35.318234518,126.9902524475,
3533170,행복한하루,전남광주통합특별시 순천시 대대2길 46-9 (대대동),,숙박,숙박,펜션/민박,펜션,38,순천시,34.8920386612,127.5089980884,
2704646,향일암 해안길,전남광주통합특별시 여수시 돌산읍 향일암로 60,http://tong.visitkorea.or.kr/cms/resource/07/2642807_image2_1.jpg,레포츠,레저스포츠,육상레저스포츠,기타육상레저스포츠,38,여수시,34.5938215889,127.803024363,
2751319,향화도선착장,전남광주통합특별시 영광군 염산면 향화로 1,http://tong.visitkorea.or.kr/cms/resource/56/3535856_image2_1.jpg,관광지,자연관광,자연경관(하천‧해양),항구/포구,38,영광군,35.1698907322,126.3597953663,
2613176,현부자네 집,전남광주통합특별시 보성군 벌교읍 홍암로 89-28,,관광지,역사관광,역사유적지,고택,38,보성군,34.8498629442,127.3530489531,
2773406,현천마을,전남광주통합특별시 구례군 산동면 현천2길 24,http://tong.visitkorea.or.kr/cms/resource/68/3568768_image2_1.jpg,관광지,문화관광,도시.지역문화관광,마을관광지,38,구례군,35.3254662695,127.4305550061,
2719566,호남호국기념관,전남광주통합특별시 순천시 원연향길 17 (연향동),http://tong.visitkorea.or.kr/cms/resource/41/3581041_image2_1.jpg,문화시설,문화관광,전시시설,기념관,38,순천시,34.9360006038,127.5213986609,
2923948,호랭이게장,"전남광주통합특별시 여수시 봉산남3길 13 (봉산동, 연립주택)",http://tong.visitkorea.or.kr/cms/resource/42/2923942_image2_1.jpg,음식점,음식,한식,관광식당,38,여수시,34.7338961703,127.7212224013,
3465919,호텔 JCS 여수,전남광주통합특별시 여수시 돌산읍 돌산로 3169-14,,숙박,숙박,호텔,호텔,38,여수시,34.7036696347,127.7579394038,
3456058,호텔 더 스타,전남광주통합특별시 영광군 영광읍 옥당로 74,http://tong.visitkorea.or.kr/cms/resource/98/3455198_image2_1.jpg,숙박,숙박,호텔,호텔,38,영광군,35.2702956886,126.5066409699,
1960922,호텔 마띠유,전남광주통합특별시 여수시 오동도로 20,http://tong.visitkorea.or.kr/cms/resource/43/3592243_image2_1.jpg,숙박,숙박,호텔,호텔,38,여수시,34.7451536512,127.7447783885,
2478888,호텔락희 광양,전남광주통합특별시 광양시 항만9로 97,http://tong.visitkorea.or.kr/cms/resource/04/3512704_image2_1.jpg,숙박,숙박,호텔,호텔,38,광양시,34.9243132781,127.6963225031,
3066796,호텔지뜨,전남광주통합특별시 순천시 팔마2길 11 (연향동),http://tong.visitkorea.or.kr/cms/resource/72/3066772_image2_1.jpg,숙박,숙박,모텔,모텔,38,순천시,34.9337452655,127.5192905699,
2804375,호텔청담,전남광주통합특별시 목포시 비파로124번길 6   (상동),http://tong.visitkorea.or.kr/cms/resource/70/2803570_image2_1.jpg,숙박,숙박,모텔,모텔,38,목포시,34.809079735,126.4232679565,
2804371,호텔케니여수,전남광주통합특별시 여수시 충무로 54-2   (충무동),http://tong.visitkorea.or.kr/cms/resource/29/2803529_image2_1.jpg,숙박,숙박,호텔,호텔,38,여수시,34.7413177426,127.731665744,
1809332,호텔팰리스,전남광주통합특별시 함평군 함평읍 함평천우길 32,http://tong.visitkorea.or.kr/cms/resource/44/1972244_image2_1.jpg,숙박,숙박,모텔,모텔,38,함평군,35.0631582967,126.5241472994,
3081643,호호의 숲,전남광주통합특별시 구례군 토지면 외곡중기길 24-5,http://tong.visitkorea.or.kr/cms/resource/75/3081575_image2_1.jpeg,쇼핑,쇼핑,기타쇼핑시설,기타쇼핑시설,38,구례군,35.2161483631,127.6083532714,
127706,홀통유원지·홀통해변,전남광주통합특별시 무안군 현경면 오류리 산2-1,http://tong.visitkorea.or.kr/cms/resource/58/3516558_image2_1.jpg,관광지,자연관광,자연경관(하천‧해양),해변. 해수욕장,38,무안군,35.0612387613,126.3373111234,
2730877,홍길동테마파크오토캠핑장,전남광주통합특별시 장성군 황룡면 홍길동로 431,http://tong.visitkorea.or.kr/cms/resource/94/2731094_image2_1.jpg,레포츠,숙박,캠핑,오토캠핑장,38,장성군,35.3186605607,126.7265702481,
129138,홍도등대,전남광주통합특별시 신안군 흑산면 홍도2길 5,http://tong.visitkorea.or.kr/cms/resource/66/3579166_image2_1.JPG,관광지,문화관광,랜드마크관광,등대,38,신안군,34.711265775,125.2038033487,
2804370,화담재,전남광주통합특별시 강진군 달빛한옥길 3,http://tong.visitkorea.or.kr/cms/resource/79/2803479_image2_1.jpg,숙박,숙박,펜션/민박,한옥스테이,38,강진군,34.7390369026,126.7167576535,
2794964,화랑식당,전남광주통합특별시 함평군 함평읍 시장길 96,http://tong.visitkorea.or.kr/cms/resource/89/2798089_image2_1.JPG,음식점,음식,한식,관광식당,38,함평군,35.0645053543,126.5234195533,
2614884,화순 고인돌 장동응회암 (무등산권 국가지질공원),전남광주통합특별시 화순군 도곡면 고인돌1로 180,http://tong.visitkorea.or.kr/cms/resource/78/2614878_image2_1.bmp,관광지,자연관광,자연공원,지질공원,38,화순군,34.9866762658,126.916953359,
127190,화순 고인돌군 유적 [유네스코 세계유산],전남광주통합특별시 화순군 도곡면 효산리 64 일대,http://tong.visitkorea.or.kr/cms/resource/35/3534435_image2_1.jpg,관광지,역사관광,역사유적지,선사유적지,38,화순군,34.986956805,126.9178560502,
1886076,화순 고인돌유적을 따라 걷다,,,여행코스,추천코스,도보코스,도보코스,38,화순군,34.9932344781,126.9536332936,
127191,화순 서유리 공룡발자국화석 산지,전남광주통합특별시 화순군 백아면 백아로 2080,http://tong.visitkorea.or.kr/cms/resource/54/3061354_image2_1.jpg,관광지,자연관광,자연생태,기암괴석,38,화순군,35.1695863575,127.0906362225,
129368,화순 수만리들국화마을,전남광주통합특별시 화순군 화순읍 만수길 42,http://tong.visitkorea.or.kr/cms/resource/56/3590556_image2_1.jpg,관광지,체험관광,농.산.어촌 체험,체험마을,38,화순군,35.0983845794,127.0035790355,
250389,화순 쌍봉사 철감선사탑,전남광주통합특별시 화순군 이양면 쌍산의로 459,http://tong.visitkorea.or.kr/cms/resource/91/3583391_image2_1.jpg,관광지,역사관광,역사유물,탑ㆍ비석ㆍ기념탑,38,화순군,34.8876259521,127.0606598252,
128984,화순 야사리 은행나무,전남광주통합특별시 화순군 이서면 야사은행나무길 7 (이서면),http://tong.visitkorea.or.kr/cms/resource/53/3347153_image2_1.JPG,관광지,자연관광,자연생태,희귀동.식물,38,화순군,35.1107899966,127.0778610558,
742566,화순 오지호 생가,전남광주통합특별시 화순군 동복면 독상1길 48-1,http://tong.visitkorea.or.kr/cms/resource/86/3583386_image2_1.jpg,관광지,역사관광,역사유적지,생가,38,화순군,35.0691566945,127.1303463628,
132098,화순고인돌전통시장,전남광주통합특별시 화순군 화순읍 시장길 44,http://tong.visitkorea.or.kr/cms/resource/74/3536174_image2_1.jpg,쇼핑,쇼핑,시장,비상설시장,38,화순군,35.0596108299,126.9832290254,
742654,화순광산이씨승지공비,전남광주통합특별시 화순군 화순읍 앵남리,http://tong.visitkorea.or.kr/cms/resource/07/3583407_image2_1.jpg,관광지,역사관광,역사유물,탑ㆍ비석ㆍ기념탑,38,화순군,35.0510716054,126.9063165839,
231903,화순대리석불입상,전남광주통합특별시 화순군 화순읍 대리 335,http://tong.visitkorea.or.kr/cms/resource/45/3348245_image2_1.JPG,관광지,역사관광,역사유물,불상,38,화순군,35.0508476968,126.9695082334,
742561,화순동복남덕원비,전남광주통합특별시 화순군 동복면 독상리,http://tong.visitkorea.or.kr/cms/resource/57/3587657_image2_1.jpg,관광지,역사관광,역사유물,탑ㆍ비석ㆍ기념탑,38,화순군,35.0644961011,127.1298826317,
2872727,화순집,전남광주통합특별시 화순군 부처샘길 1-7,http://tong.visitkorea.or.kr/cms/resource/18/2872718_image2_1.jpg,음식점,음식,한식,관광식당,38,화순군,35.0674128534,126.9906726179,
2872710,화순하다,전남광주통합특별시 화순군 유천길 48-13,http://tong.visitkorea.or.kr/cms/resource/95/2872695_image2_1.jpg,음식점,음식,카페/ 찻집,카페,38,화순군,35.0708847982,126.9973969372,
3474155,화양,전남광주통합특별시 담양군 창평면 화양길 79-8,,숙박,숙박,펜션/민박,한옥스테이,38,담양군,35.2528476092,126.9986366939,
2657133,화양조발대교,전남광주통합특별시 여수시 화양면,http://tong.visitkorea.or.kr/cms/resource/11/3383911_image2_1.JPG,관광지,문화관광,랜드마크관광,다리 / 대교,38,여수시,34.6362129248,127.575368178,
126266,화엄사계곡,전남광주통합특별시 구례군 마산면 화엄사로 539,http://tong.visitkorea.or.kr/cms/resource/13/3570813_image2_1.jpg,관광지,자연관광,자연경관(산),계곡,38,구례군,35.2554586633,127.4972509309,
2737342,화원684,전남광주통합특별시 해남군 화원면 매봉길 528-8,http://tong.visitkorea.or.kr/cms/resource/92/2737892_image2_1.JPG,레포츠,숙박,캠핑,글램핑장,38,해남군,34.7596414864,126.2917390978,
2594978,화이트빌리지,전남광주통합특별시 곡성군 죽곡면 대황강로 1598-96,http://tong.visitkorea.or.kr/cms/resource/96/2720996_image2_1.jpg,숙박,숙박,펜션/민박,펜션,38,곡성군,35.1841144708,127.3678447277,
2752740,화흥포항,전남광주통합특별시 완도군 완도읍 화흥포길 242,http://tong.visitkorea.or.kr/cms/resource/74/3380974_image2_1.JPG,관광지,자연관광,자연경관(하천‧해양),항구/포구,38,완도군,34.3054460078,126.6794047025,
127346,환산정,전남광주통합특별시 화순군 동면 백천로 236-1,http://tong.visitkorea.or.kr/cms/resource/62/3583162_image2_1.jpg,관광지,역사관광,역사유적지,기타역사유적지,38,화순군,35.0539679121,127.0358245258,
2741622,황금빛 출렁다리,전남광주통합특별시 장성군 장성읍 용강리 171-1,http://tong.visitkorea.or.kr/cms/resource/60/3546860_image2_1.JPG,관광지,문화관광,랜드마크관광,다리 / 대교,38,장성군,35.3556356907,126.8177640087,
2866714,황금소나무,전남광주통합특별시 담양군 천변5길 54-4,http://tong.visitkorea.or.kr/cms/resource/97/2866697_image2_1.jpg,음식점,음식,한식,관광식당,38,담양군,35.3157984496,126.97657872,
2926899,황룡시장,전남광주통합특별시 장성군 삼월길 5,http://tong.visitkorea.or.kr/cms/resource/62/3582462_image2_1.jpg,쇼핑,쇼핑,시장,비상설시장,38,장성군,35.2913727847,126.7741583797,
2852678,황룡우시장국밥집,전남광주통합특별시 장성군 황룡면 강변로 521-1,http://tong.visitkorea.or.kr/cms/resource/71/2852671_image2_1.JPG,음식점,음식,한식,관광식당,38,장성군,35.2898451087,126.7699365698,
607857,황토와참숯,전남광주통합특별시 화순군 능주면 학포로 1877,http://tong.visitkorea.or.kr/cms/resource/78/612678_image2_1.jpg,음식점,음식,한식,관광식당,38,화순군,34.9849744447,126.9623188445,
2866693,효비초밥,전남광주통합특별시 나주시 문화로 216   도원주차빌딩 1층 158호,http://tong.visitkorea.or.kr/cms/resource/76/2866676_image2_1.jpg,음식점,음식,외국식,일식,38,나주시,35.0178094329,126.7852225492,
2380928,휴(休)가 있는 천혜자연경관과 전통한옥체험 [웰촌],,http://tong.visitkorea.or.kr/cms/resource/69/2012369_image2_1.jpg,여행코스,추천코스,가족코스,가족코스,38,고흥군,34.6214289206,127.4394637689,
3102227,휴블리제,전남광주통합특별시 장성군 북하면 백양로 611-14,,숙박,숙박,펜션/민박,펜션,38,장성군,35.4131964111,126.8516567705,
2699348,휴앤고 게스트하우스,전남광주통합특별시 여수시 동문로 94 (공화동),,숙박,숙박,호스텔,게스트하우스,38,여수시,34.7448536403,127.7422091764,
2737371,휴파크 장성점,전남광주통합특별시 장성군 황룡면 홍길동로 431,http://tong.visitkorea.or.kr/cms/resource/72/2737872_image2_1.jpg,레포츠,숙박,캠핑,오토캠핑장,38,장성군,35.3186605607,126.7265702481,
126301,흑산도,전남광주통합특별시 신안군 흑산면 진마을길 11,http://tong.visitkorea.or.kr/cms/resource/20/3572120_image2_1.jpg,관광지,자연관광,자연경관(하천‧해양),섬,38,신안군,34.68294745,125.4274063444,
2740121,흑석산 자연 휴양림 캠핑장,전남광주통합특별시 해남군 계곡면 산골길 306,http://tong.visitkorea.or.kr/cms/resource/43/2740243_image2_1.jpg,레포츠,숙박,캠핑,일반야영장,38,해남군,34.6708651277,126.6164681396,
126958,흑석산 자연휴양림,전남광주통합특별시 해남군 계곡면 산골길 306 (계곡면),http://tong.visitkorea.or.kr/cms/resource/09/3061309_image2_1.jpg,관광지,자연관광,자연공원,자연휴양림,38,해남군,34.6715705981,126.6161153759,
1855534,흙이야기,전남광주통합특별시 영암군 삼호읍 용당로 34,http://tong.visitkorea.or.kr/cms/resource/57/1974357_image2_1.jpg,음식점,음식,외국식,서양식,38,영암군,34.7482086811,126.4153506763,
126782,흥국사(여수),전남광주통합특별시 여수시 흥국사길 160 (중흥동),http://tong.visitkorea.or.kr/cms/resource/84/3027284_image2_1.jpg,관광지,역사관광,종교성지,불교,38,여수시,34.8228580855,127.7016301856,
488162,흥덕사,전남광주통합특별시 고흥군 동강면 고흥로 4603-53,http://tong.visitkorea.or.kr/cms/resource/85/3375885_image2_1.JPG,관광지,역사관광,종교성지,불교,38,고흥군,34.811303235,127.3443118002,
126423,흥양읍성터 및 고흥 옥하리 홍교,전남광주통합특별시 고흥군 고흥읍 옥하리,http://tong.visitkorea.or.kr/cms/resource/65/3519365_image2_1.jpg,관광지,역사관광,역사유적지,기타역사유적지,38,고흥군,34.6132744342,127.2852524734,
2044570,흰 구름 깔아놓은 듯 황홀한 벚꽃의 자태,,http://tong.visitkorea.or.kr/cms/resource/39/2006639_image2_1.jpg,여행코스,추천코스,힐링코스,힐링코스,38,순천시,35.0021972697,127.2755630365,
3063030,히든비치 리조트 풀빌라,전남광주통합특별시 여수시 돌산읍 마상포길 39-3,http://tong.visitkorea.or.kr/cms/resource/39/3062939_image2_1.jpg,숙박,숙박,펜션/민박,펜션,38,여수시,34.7104829555,127.769168805,
2483970,힐링파크 쑥섬쑥섬(애도),전남광주통합특별시 고흥군 봉래면 나로도항길 120-7,http://tong.visitkorea.or.kr/cms/resource/79/3502479_image2_1.jpg,관광지,자연관광,자연공원,생태관광지,38,고흥군,34.4639022533,127.4489779659,
2865005,01DORA,전남광주통합특별시 곡성군 기차마을로 260,http://tong.visitkorea.or.kr/cms/resource/84/2864884_image2_1.jpg,음식점,음식,카페/ 찻집,카페,38,곡성군,35.2787971568,127.3056422345,
3352606,1004섬 수석미술관&수석정원,전남광주통합특별시 신안군 자은면 자은서부2길 508-68,http://tong.visitkorea.or.kr/cms/resource/58/3385458_image2_1.jpg,문화시설,문화관광,전시시설,미술관/화랑,38,신안군,34.8801314547,125.9968817711,
3517340,2025 동서화합 영·호남 문화예술관광박람회,전남광주통합특별시 담양군 담양읍 죽녹원로 134,http://tong.visitkorea.or.kr/cms/resource/38/3517338_image2_1.jpg,축제공연행사,축제/공연/행사,행사,박람회,38,담양군,35.3256086468,126.9880941182,062-945-5670
2737313,2025섬진강국제실험예술제(SIEAF),전남광주통합특별시 곡성군 죽곡면 섬진강로 1012,http://tong.visitkorea.or.kr/cms/resource/61/3534861_image2_1.jpg,축제공연행사,축제/공연/행사,행사,전시회,38,곡성군,35.1919998595,127.3775297835,010-2344-5004
3431766,3.1운동열사장성의적비,전남광주통합특별시 장성군 장성읍 충무길 36,,관광지,역사관광,역사유물,탑ㆍ비석ㆍ기념탑,38,장성군,35.2981055153,126.7835740425,
2932435,3S,전남광주통합특별시 무안군 해안로 313-56,,관광지,체험관광,기타체험,기타체험관광,38,무안군,34.9189919045,126.396378789,
1985799,3대곰탕,전남광주통합특별시 장흥군 장흥읍 토요시장3길 16-2,,음식점,음식,한식,관광식당,38,장흥군,34.6765914632,126.9031372221,
2575118,(주)수다방 게스트하우스(목포게스트하우스수다방),전남광주통합특별시 목포시 마인계터로40번길 2-14 (죽동),http://tong.visitkorea.or.kr/cms/resource/71/2574971_image2_1.PNG,숙박,숙박,호스텔,게스트하우스,38,목포시,34.7902228591,126.382585893,
2783060,BIG-O쇼 (빅오쇼),전남광주통합특별시 여수시 박람회길 1 (덕충동),http://tong.visitkorea.or.kr/cms/resource/87/2787587_image2_1.jpg,관광지,문화관광,랜드마크관광,분수,38,여수시,34.7508669389,127.7469836066,
2605480,B´s coffee (비스커피),전남광주통합특별시 곡성군 오곡면 기차마을로 234,,음식점,음식,카페/ 찻집,카페,38,곡성군,35.2773806872,127.3077670836,
2741005,F1 오토캠핑장,전남광주통합특별시 영암군 삼호읍 에프원로 2,http://tong.visitkorea.or.kr/cms/resource/87/2741287_image2_1.jpg,레포츠,숙박,캠핑,오토캠핑장,38,영암군,34.7475337379,126.4141813511,
2775333,GB포유공방,전남광주통합특별시 영광군 영광읍 현암길 43,http://tong.visitkorea.or.kr/cms/resource/90/3002490_image2_1.jpg,쇼핑,쇼핑,전문매장/상가,공방/공예품점,38,영광군,35.2764339291,126.5094683447,
2861456,GGT POT,전남광주통합특별시 나주시 동촌로 236-42,http://tong.visitkorea.or.kr/cms/resource/19/3493019_image2_1.jpg,음식점,음식,카페/ 찻집,카페,38,나주시,35.0518681087,126.8689809723,
2692394,GRIDA(그리다 리조트),전남광주통합특별시 여수시 돌산읍 강남해안로 60,,숙박,숙박,호스텔,게스트하우스,38,여수시,34.7202425635,127.745459518,
2621484,K-PARK(케이파크),전남광주통합특별시 여수시 돌산읍 돌산로 3108,,숙박,숙박,호스텔,게스트하우스,38,여수시,34.6997312498,127.7615808525,
2840314,KAFE52,전남광주통합특별시 장성군 영장로 1800,http://tong.visitkorea.or.kr/cms/resource/13/2840313_image2_1.JPG,음식점,음식,카페/ 찻집,카페,38,장성군,35.2434293417,126.6762321477,
2697441,KEY WEST,전남광주통합특별시 여수시 이순신광장로 139 (중앙동),,숙박,숙박,호스텔,게스트하우스,38,여수시,34.7377960505,127.7395040369,
2866739,NCNP,전남광주통합특별시 여수시 망양로 201,http://tong.visitkorea.or.kr/cms/resource/19/2866719_image2_1.jpg,음식점,음식,카페/ 찻집,카페,38,여수시,34.7732144217,127.7461886626,
2775315,THE영광커피,전남광주통합특별시 영광군 영광읍 신남로 261-1,http://tong.visitkorea.or.kr/cms/resource/31/3352031_image2_1.jpg,관광지,체험관광,농.산.어촌 체험,체험어장,38,영광군,35.2751146532,126.5106127199,
2609556,[백년가게]구백식당,전남광주통합특별시 여수시 여객선터미널길 18,http://tong.visitkorea.or.kr/cms/resource/76/2609776_image2_1.jpg,음식점,음식,한식,관광식당,38,여수시,34.7387902548,127.7320741059,
2616101,[백년가게]대한식당,전남광주통합특별시 광양시 광양읍 매일시장길 12-15,,음식점,음식,한식,관광식당,38,광양시,34.9762277488,127.5856058874,
2630500,[백년가게]물망초설렁탕,전남광주통합특별시 여수시 충무로 54-7,http://tong.visitkorea.or.kr/cms/resource/86/2630786_image2_1.jpg,음식점,음식,한식,관광식당,38,여수시,34.7415899341,127.7316629596,
2616367,[백년가게]전주식당,전남광주통합특별시 함평군 함평읍 신기산길 22,http://tong.visitkorea.or.kr/cms/resource/98/2616398_image2_1.jpg,음식점,음식,한식,관광식당,38,함평군,35.065938454,126.5190949012,
2607362,[백년가게]풍미통닭,전남광주통합특별시 순천시 팔마1길 2 (연향동),http://tong.visitkorea.or.kr/cms/resource/33/2607833_image2_1.JPG,음식점,음식,한식,관광식당,38,순천시,34.9325008712,127.5141410539,
1194483,[증도 모실길 5코스] 보물선·순교자 발자취 길,전남광주통합특별시 신안군 증도면 방축리 해저유물발굴기념비~짱뚱어다리,http://tong.visitkorea.or.kr/cms/resource/07/572807_image2_1.jpg,레포츠,레저스포츠,육상레저스포츠,기타육상레저스포츠,38,신안군,35.0026470402,126.098714258,
2788032,[지리산둘레길] 가탄-송정,전남광주통합특별시 구례군 토지면 외곡리 산126 송정~오미,http://tong.visitkorea.or.kr/cms/resource/76/2791476_image2_1.jpg,레포츠,레저스포츠,육상레저스포츠,기타육상레저스포츠,38,구례군,35.2032609039,127.607045387,
2788055,[지리산둘레길] 방광-산동,전남광주통합특별시 구례군 광의면 온당리 산1-1 방광마을~산동면사무소,http://tong.visitkorea.or.kr/cms/resource/14/2791514_image2_1.jpg,레포츠,레저스포츠,육상레저스포츠,기타육상레저스포츠,38,구례군,35.2889291924,127.45729248,
2788066,[지리산둘레길] 산동-주천,전남광주통합특별시 구례군 산동면 계천리 산94-3 산동면사무소~주천센터,http://tong.visitkorea.or.kr/cms/resource/29/2791529_image2_1.jpg,레포츠,레저스포츠,육상레저스포츠,기타육상레저스포츠,38,구례군,35.3536020918,127.4369981545,
2788037,[지리산둘레길] 송정-오미,전남광주통합특별시 구례군 토지면 내서리 941 송정~오미,http://tong.visitkorea.or.kr/cms/resource/97/2791497_image2_1.jpg,레포츠,레저스포츠,육상레저스포츠,기타육상레저스포츠,38,구례군,35.2393537325,127.5883933173,
2788040,[지리산둘레길] 오미-난동,전남광주통합특별시 구례군 광의면 대산리 632-3 오미마읋~난동갈림길,http://tong.visitkorea.or.kr/cms/resource/08/2791508_image2_1.jpg,레포츠,레저스포츠,육상레저스포츠,기타육상레저스포츠,38,구례군,35.236904355,127.448491819,
2788047,[지리산둘레길] 오미-방광,전남광주통합특별시 구례군 마산면 황전리 837-1 오미마을~방광마을,http://tong.visitkorea.or.kr/cms/resource/12/2791512_image2_1.jpg,레포츠,레저스포츠,육상레저스포츠,기타육상레저스포츠,38,구례군,35.2383521286,127.4897020381,
2580668,[착한가게] 다순구미감자탕,전남광주통합특별시 목포시 자유로 48 (산정동),,음식점,음식,한식,관광식당,38,목포시,34.7932366097,126.3948625139,
2580847,[착한가게]푸른솔아구집,전남광주통합특별시 목포시 번화로 8-1,,음식점,음식,한식,관광식당,38,목포시,34.7860010762,126.3803917444,
